player,position,team,is_active,year_signed,years,value,apy,guaranteed,apy_cap_pct,inflated_value,inflated_apy,inflated_guaranteed,otc_id,gsis_id
Joe Burrow,QB,Bengals,True,2023,5.0,275.0,55.0,146.51,0.245,368.460854,73.692171,196.302544,8741,00-0036442
Dak Prescott,QB,Cowboys,True,2024,4.0,240.0,60.0,129.0,0.235,283.038371,70.759593,152.133125,4848,00-0033077
Justin Herbert,QB,Chargers,True,2023,5.0,262.5,52.5,133.738375,0.23399999999999999,351.712633,70.342527,179.190385,8746,00-0036355
Lamar Jackson,QB,Ravens,True,2023,5.0,260.0,52.0,135.0,0.231,348.362989,69.672598,180.880783,6917,00-0034796
Jalen Hurts,QB,Eagles,True,2023,5.0,255.0,51.0,110.0,0.22699999999999998,341.663701,68.33274,147.384342,8793,00-0036389
Deshaun Watson,QB,Browns,True,2022,5.0,230.0,46.0,230.0,0.221,332.737752,66.54755,332.737752,5596,00-0033537
Trevor Lawrence,QB,Jaguars,True,2024,5.0,275.0,55.0,142.0,0.215,324.3148,64.86296,167.46437,9465,00-0036971
Jordan Love,QB,Packers,True,2024,4.0,220.0,55.0,100.8,0.215,259.45184,64.86296,118.876116,8766,00-0036264
Patrick Mahomes,QB,Chiefs,True,2026,7.0,448.0,64.0,95.55,0.212,448.0,64.0,95.55,5594,00-0033873
Jared Goff,QB,Lions,True,2024,4.0,212.0,53.0,113.611832,0.20800000000000002,250.017228,62.504307,133.985449,4714,00-0033106
Josh Allen,QB,Bills,True,2025,6.0,330.0,55.0,147.0,0.19699999999999998,356.002865,59.333811,158.583095,6892,00-0034857
Brock Purdy,QB,49ers,True,2025,5.0,265.0,53.0,100.0,0.19,285.881089,57.176218,107.879656,10307,00-0037834
Baker Mayfield,QB,Buccaneers,True,2026,3.0,165.0,55.0,70.0,0.183,165.0,55.0,70.0,6886,00-0034855
Matt Stafford,QB,Rams,True,2026,1.0,55.0,55.0,90.0,0.183,55.0,55.0,90.0,1060,00-0026498
Daniel Jones,QB,Colts,True,2026,2.0,88.0,44.0,49.49,0.146,88.0,44.0,49.49,7797,00-0035710
Sam Darnold,QB,Seahawks,True,2025,3.0,100.5,33.5,37.5,0.12,108.419054,36.139685,40.454871,6888,00-0034869
Malik Willis,QB,Dolphins,True,2026,3.0,67.5,22.5,45.0,0.075,67.5,22.5,45.0,10131,00-0038128
Aaron Rodgers,QB,Steelers,True,2026,1.0,22.5,22.5,22.0,0.075,22.5,22.5,22.0,1085,00-0023459
Jacoby Brissett,QB,Cardinals,True,2026,1.0,15.5,15.5,15.5,0.051,15.5,15.5,15.5,4804,00-0033119
Fernando Mendoza,QB,Raiders,True,2026,4.0,57.270598,14.31765,57.270598,0.048,57.270598,14.31765,57.270598,13145,00-0041562
Cam Ward,QB,Titans,True,2025,4.0,48.839604,12.209901,48.839604,0.044000000000000004,52.687997,13.171999,52.687997,12361,00-0040676
Bryce Young,QB,Panthers,True,2023,4.0,37.955074,9.488769,37.955074,0.042,50.854396,12.7136,50.854396,10825,00-0039150
C.J. Stroud,QB,Texans,True,2023,4.0,36.279244,9.069811,36.279244,0.04,48.609023,12.152256,48.609023,10826,00-0039163
Justin Fields,QB,Chiefs,True,2025,1.0,11.0,11.0,11.0,0.039,11.866762,11.866762,11.866762,9475,00-0036945
Caleb Williams,QB,Bears,True,2024,4.0,39.486058,9.871515,39.486058,0.039,46.566956,11.64174,46.566956,11609,00-0039918
Anthony Richardson,QB,Colts,True,2023,4.0,33.99403,8.498508,33.99403,0.038,45.547161,11.386791,45.547161,10828,00-0039164
Kirk Cousins,QB,Raiders,True,2026,1.0,11.3,11.3,11.3,0.038,11.3,11.3,11.3,1443,00-0029604
Jayden Daniels,QB,Commanders,True,2024,4.0,37.74665,9.436663,37.74665,0.037000000000000005,44.515626,11.128907,44.515626,11610,00-0039910
Drake Maye,QB,Patriots,True,2024,4.0,36.639764,9.159941,36.639764,0.036000000000000004,43.210246,10.802562,43.210246,11611,00-0039851
Davis Mills,QB,Texans,True,2025,1.0,7.0,7.0,10.25,0.025,7.551576,7.551576,11.057665,9531,00-0036898
Marcus Mariota,QB,Commanders,True,2026,1.0,7.0,7.0,6.39,0.023,7.0,7.0,6.39,3850,00-0032268
Michael Penix Jr.,QB,Falcons,True,2024,4.0,22.882636,5.720659,22.882636,0.022000000000000002,26.9861,6.746525,26.9861,11616,00-0039917
Jameis Winston,QB,Giants,True,2026,2.0,13.0,6.5,12.24,0.022000000000000002,13.0,6.5,12.24,3849,00-0031503
Jarrett Stidham,QB,Broncos,True,2025,2.0,12.0,6.0,6.99,0.021,12.945559,6.472779,7.540788,7924,00-0035264
J.J. McCarthy,QB,Vikings,True,2024,4.0,21.854796,5.463699,21.854796,0.021,25.773941,6.443485,25.773941,11618,00-0039923
Ty Simpson,QB,Rams,True,2026,4.0,25.412156,6.353039,25.412156,0.021,25.412156,6.353039,25.412156,13157,00-0041568
Joe Flacco,QB,Bengals,True,2026,1.0,6.0,6.0,4.0,0.02,6.0,6.0,4.0,1383,00-0026158
Gardner Minshew,QB,Cardinals,True,2026,1.0,5.75,5.75,5.14,0.019,5.75,5.75,5.14,7969,00-0035289
Bo Nix,QB,Broncos,True,2024,4.0,18.613166,4.653292,18.613166,0.018000000000000002,21.951001,5.487751,21.951001,11620,00-0039732
Tyson Bagent,QB,Bears,True,2025,2.0,10.0,5.0,2.53,0.018000000000000002,10.787966,5.393983,2.729355,11238,00-0038416
Mitchell Trubisky,QB,Titans,True,2026,2.0,10.5,5.25,6.825,0.017,10.5,5.25,6.825,5586,00-0033869
Jaxson Dart,QB,Giants,True,2025,4.0,16.977942,4.244486,16.977942,0.015,18.315745,4.578937,18.315745,12385,00-0040691
Mason Rudolph,QB,Steelers,True,2025,2.0,7.5,3.75,3.0,0.013000000000000001,8.090974,4.045487,3.23639,6961,00-0034771
Kenny Pickett,QB,Panthers,True,2026,1.0,4.0,4.0,4.0,0.013000000000000001,4.0,4.0,4.0,10065,00-0038102
Mac Jones,QB,49ers,True,2025,2.0,7.0,3.5,4.75,0.013000000000000001,7.551576,3.775788,5.124284,9479,00-0036972
Andy Dalton,QB,PHI/CAR,True,2026,1.0,3.5,3.5,3.5,0.012,3.5,3.5,3.5,160,00-0027973
Geno Smith,QB,Jets,True,2026,1.0,3.3,3.3,3.3,0.011000000000000001,3.3,3.3,3.3,2249,00-0030565
Carson Wentz,QB,Vikings,True,2026,1.0,3.0,3.0,2.645,0.01,3.0,3.0,2.645,4715,00-0032950
Tyler Shough,QB,Saints,True,2025,4.0,10.804728,2.701182,10.804728,0.01,11.656103,2.914026,11.656103,12400,00-0040743
Case Keenum,QB,Bears,True,2026,2.0,5.5,2.75,2.9,0.009000000000000001,5.5,2.75,2.9,1651,00-0028986
Drew Lock,QB,Seahawks,True,2025,2.0,5.0,2.5,2.25,0.009000000000000001,5.393983,2.696991,2.427292,7833,00-0035704
Sam Howell,QB,Cowboys,True,2026,1.0,2.5,2.5,2.5,0.008,2.5,2.5,2.5,10189,00-0037077
Tyler Huntley,QB,Ravens,True,2026,2.0,5.0,2.5,3.5,0.008,5.0,2.5,3.5,9318,00-0035993
Tyrod Taylor,QB,Packers,True,2026,1.0,2.5,2.5,0.7,0.008,2.5,2.5,0.7,1407,00-0028118
Trey Lance,QB,Chargers,True,2026,1.0,2.5,2.5,2.0,0.008,2.5,2.5,2.0,9467,00-0037012
Tommy DeVito,QB,Patriots,True,2026,2.0,4.4,2.2,2.0,0.006999999999999999,4.4,2.2,2.0,11293,00-0038476
Kyle Allen,QB,Bills,True,2026,2.0,4.1,2.05,1.8,0.006999999999999999,4.1,2.05,1.8,7494,00-0034577
Sam Ehlinger,QB,Broncos,True,2026,1.0,2.0,2.0,1.0,0.006999999999999999,2.0,2.0,1.0,9682,00-0036879
Carson Beck,QB,Cardinals,True,2026,4.0,7.405992,1.851498,1.846176,0.006,7.405992,1.851498,1.846176,13209,00-0041561
Drew Allar,QB,Steelers,True,2026,4.0,7.103408,1.775852,1.626116,0.006,7.103408,1.775852,1.626116,13220,00-0041565
Jalen Milroe,QB,Seahawks,True,2025,4.0,6.264086,1.566022,1.1957,0.006,6.757674,1.689419,1.289917,12452,00-0040673
Dillon Gabriel,QB,Browns,True,2025,4.0,6.226322,1.556581,1.168232,0.006,6.716935,1.679234,1.260285,12454,00-0040704
Stetson Bennett,QB,Rams,True,2023,4.0,4.539132,1.134783,0.699132,0.005,6.081791,1.520448,0.936737,10952,00-0039107
Aidan O'Connell,QB,Raiders,True,2023,4.0,4.34938,1.087345,0.50938,0.005,5.82755,1.456888,0.682497,10959,00-0038579
Joshua Dobbs,QB,Lions,True,2026,1.0,1.425,1.425,0.475,0.005,1.425,1.425,0.475,5721,00-0033949
Zach Wilson,QB,Saints,True,2026,1.0,1.4025,1.4025,0.5988,0.005,1.4025,1.4025,0.5988,9466,00-0037013
Cade Klubnik,QB,Jets,True,2026,4.0,5.598676,1.399669,1.218676,0.005,5.598676,1.399669,1.218676,13254,00-0041056
Tanner McKee,QB,Eagles,True,2023,4.0,4.02652,1.00663,0.18652,0.004,5.394964,1.348741,0.24991,11012,00-0038400
Cooper Rush,QB,Falcons,True,2026,1.0,1.3,1.3,0.0,0.004,1.3,1.3,0.0,6234,00-0033662
Kyler Murray,QB,Vikings,True,2026,1.0,1.3,1.3,0.0,0.004,1.3,1.3,0.0,7792,00-0035228
Spencer Rattler,QB,Saints,True,2024,4.0,4.35648,1.08912,0.33648,0.004,5.137713,1.284428,0.39682,11758,00-0039376
Shedeur Sanders,QB,Browns,True,2025,4.0,4.64738,1.161845,0.44738,0.004,5.013578,1.253394,0.482632,12504,00-0040668
Tua Tagovailoa,QB,Falcons,True,2026,1.0,1.215,1.215,0.0,0.004,1.215,1.215,0.0,8745,00-0036212
Will Howard,QB,Steelers,True,2025,4.0,4.4481,1.112025,0.2481,0.004,4.798595,1.199649,0.267649,12545,00-0040203
Riley Leonard,QB,Colts,True,2025,4.0,4.435244,1.108811,0.235244,0.004,4.784726,1.196181,0.25378,12549,00-0040206
Graham Mertz,QB,Texans,True,2025,4.0,4.428484,1.107121,0.228484,0.004,4.777433,1.194358,0.246488,12557,00-0040211
Cole Payton,QB,Eagles,True,2026,4.0,4.759476,1.189869,0.379476,0.004,4.759476,1.189869,0.379476,13322,00-0040891
Taylen Green,QB,Browns,True,2026,4.0,4.718164,1.179541,0.338164,0.004,4.718164,1.179541,0.338164,13326,00-0041092
Kurtis Rourke,QB,49ers,True,2025,4.0,4.334236,1.083559,0.134236,0.004,4.675759,1.16894,0.144813,12587,00-0040589
Quinn Ewers,QB,MIA/JAX,True,2025,4.0,4.331576,1.082894,0.131576,0.004,4.672889,1.168222,0.141944,12591,00-0040234
Skylar Thompson,QB,Ravens,True,2026,1.0,1.145,1.145,0.0,0.004,1.145,1.145,0.0,10292,00-0037327
Athan Kaliakmanis,QB,Commanders,True,2026,4.0,4.544656,1.136164,0.164656,0.004,4.544656,1.136164,0.164656,13367,00-0041117
Behren Morton,QB,Patriots,True,2026,4.0,4.529228,1.132307,0.149228,0.004,4.529228,1.132307,0.149228,13378,00-0041123
Garrett Nussmeier,QB,Chiefs,True,2026,4.0,4.500488,1.125122,0.120488,0.004,4.500488,1.125122,0.120488,13393,00-0040906
Jalon Daniels,QB,Buccaneers,True,2026,3.0,3.125,1.041667,0.2725,0.003,3.125,1.041667,0.2725,13764,00-0041251
Jack Strand,QB,Falcons,True,2026,3.0,3.115,1.038333,0.2625,0.003,3.115,1.038333,0.2625,13739,00-0041194
Haynes King,QB,Panthers,True,2026,3.0,3.11,1.036667,0.21,0.003,3.11,1.036667,0.21,13741,00-0041149
Matthew Caldwell,QB,Rams,True,2026,3.0,3.106,1.035333,0.006,0.003,3.106,1.035333,0.006,13797,00-0041414
Joe Fagnano,QB,Ravens,True,2026,3.0,3.1,1.033333,0.0,0.003,3.1,1.033333,0.0,13459,00-0040981
Brady Cook,QB,Dolphins,True,2025,2.0,1.845,0.9225,0.0,0.003,1.99038,0.99519,0.0,12669,00-0040398
Kyle McCord,QB,Dolphins,True,2026,1.0,0.885,0.885,0.0,0.003,0.885,0.885,0.0,12541,00-0040014
Josh Johnson,QB,Bengals,True,2026,1.0,0.4113,0.4113,0.0,0.001,0.4113,0.4113,0.0,2131,00-0026300
Easton Stick,QB,Buccaneers,True,2026,1.0,0.4113,0.4113,0.0,0.001,0.4113,0.4113,0.0,7957,00-0035282
Nick Mullens,QB,Jaguars,True,2026,1.0,0.3303,0.3303,0.0,0.001,0.3303,0.3303,0.0,6007,00-0033319
Sean Clifford,QB,Bengals,True,2026,1.0,0.2475,0.2475,0.0,0.001,0.2475,0.2475,0.0,10973,00-0038391
Luke Altmyer,QB,Lions,True,2026,1.0,0.2475,0.2475,0.0,0.001,0.2475,0.2475,0.0,13689,00-0041453
Garrett Greene,QB,Buccaneers,True,2026,1.0,0.2475,0.2475,0.0,0.001,0.2475,0.2475,0.0,13064,00-0040419
Miller Moss,QB,Bears,True,2026,1.0,0.2475,0.2475,0.0,0.001,0.2475,0.2475,0.0,13676,00-0041172
Joe Milton III,QB,Cowboys,True,2026,1.0,0.2475,0.2475,0.0,0.001,0.2475,0.2475,0.0,11801,00-0039398
Max Brosmer,QB,Vikings,True,2026,1.0,0.2475,0.2475,0.0,0.001,0.2475,0.2475,0.0,12646,00-0040494
Hendon Hooker,QB,Titans,True,2026,1.0,0.2475,0.2475,0.0,0.001,0.2475,0.2475,0.0,10892,00-0038550
Joey Aguilar,QB,Jaguars,True,2026,1.0,0.2475,0.2475,0.0,0.001,0.2475,0.2475,0.0,13531,00-0041203
DJ Uiagalelei,QB,Chargers,True,2026,1.0,0.2475,0.2475,0.0,0.001,0.2475,0.2475,0.0,12875,00-0040464
Bailey Zappe,QB,Jets,True,2026,1.0,0.2475,0.2475,0.0,0.001,0.2475,0.2475,0.0,10182,00-0038108
Kedon Slovis,QB,Packers,True,2026,1.0,0.2475,0.2475,0.0,0.001,0.2475,0.2475,0.0,12086,00-0039577
Jake Haener,QB,Giants,True,2026,1.0,0.2475,0.2475,0.0,0.001,0.2475,0.2475,0.0,10951,00-0038998
Mark Gronowski,QB,Texans,True,2026,1.0,0.2475,0.2475,0.0,0.001,0.2475,0.2475,0.0,13436,00-0041156
Shane Buechele,QB,Bills,True,2026,1.0,0.2475,0.2475,0.0,0.001,0.2475,0.2475,0.0,9819,00-0036679
Sam Hartman,QB,Commanders,True,2026,1.0,0.2475,0.2475,0.0,0.001,0.2475,0.2475,0.0,12180,00-0039677
Jahmyr Gibbs,RB,Lions,True,2026,3.0,67.5,22.5,37.726429,0.075,67.5,22.5,37.726429,10836,00-0039139
Christian McCaffrey,RB,49ers,True,2024,2.0,38.0,19.0,24.0,0.07400000000000001,44.814409,22.407204,28.303837,5592,00-0033280
Bijan Robinson,RB,Falcons,True,2026,3.0,66.75,22.25,37.567348,0.07400000000000001,66.75,22.25,37.567348,10832,00-0038542
Saquon Barkley,RB,Eagles,True,2025,2.0,41.2,20.6,36.0,0.07400000000000001,44.446418,22.223209,38.836676,6887,00-0034844
Jonathan Taylor,RB,Colts,True,2026,2.0,44.0,22.0,23.0,0.073,44.0,22.0,23.0,8781,00-0036223
Derrick Henry,RB,Ravens,True,2025,2.0,30.0,15.0,25.0,0.054000000000000006,32.363897,16.181948,26.969914,4758,00-0032764
Devon Achane,RB,Dolphins,True,2026,4.0,64.0,16.0,17.378,0.053,64.0,16.0,17.378,10908,00-0039040
Breece Hall,RB,Jets,True,2026,3.0,43.5,14.5,29.0,0.048,43.5,14.5,29.0,10081,00-0038120
Kenneth Walker III,RB,Chiefs,True,2026,3.0,43.05,14.35,28.7,0.048,43.05,14.35,28.7,10086,00-0038134
Josh Jacobs,RB,Packers,True,2024,4.0,48.0,12.0,12.5,0.047,56.607674,14.151919,14.741582,7815,00-0035700
Jeremiyah Love,RB,Cardinals,True,2026,4.0,53.022816,13.255704,53.022816,0.044000000000000004,53.022816,13.255704,53.022816,13147,00-0041027
James Cook,RB,Bills,True,2025,4.0,46.0,11.5,15.28,0.040999999999999995,49.624642,12.40616,16.484011,10108,00-0037248
Travis Etienne,RB,Saints,True,2026,4.0,48.0,12.0,24.0,0.04,48.0,12.0,24.0,9489,00-0036973
Kyren Williams,RB,Rams,True,2025,3.0,33.0,11.0,15.145,0.039,35.600287,11.866762,16.338374,10209,00-0037840
Rhamondre Stevenson,RB,Patriots,True,2024,4.0,36.0,9.0,17.116,0.035,42.455756,10.613939,20.185353,9584,00-0036875
Chuba Hubbard,RB,Panthers,True,2024,4.0,33.2,8.3,12.058,0.032,39.153641,9.78841,14.220319,9590,00-0036555
Ashton Jeanty,RB,Raiders,True,2025,4.0,35.895812,8.973953,35.895812,0.032,38.724279,9.68107,38.724279,12366,00-0040122
D'Andre Swift,RB,Bears,True,2024,3.0,24.0,8.0,14.0,0.031,28.303837,9.434612,16.510572,8775,00-0036275
Tony Pollard,RB,Titans,True,2024,3.0,21.75,7.25,10.49,0.027999999999999997,25.650352,8.550117,12.371135,7919,00-0035261
David Montgomery,RB,Texans,True,2026,2.0,16.5,8.25,1.0,0.027000000000000003,16.5,8.25,1.0,7864,00-0035685
Javonte Williams,RB,Cowboys,True,2026,3.0,24.0,8.0,16.0,0.027000000000000003,24.0,8.0,16.0,9499,00-0036997
J.K. Dobbins,RB,Broncos,True,2026,2.0,16.0,8.0,0.0,0.027000000000000003,16.0,8.0,0.0,8795,00-0036158
Kenneth Gainwell,RB,Buccaneers,True,2026,2.0,14.0,7.0,9.83,0.023,14.0,7.0,9.83,9614,00-0036919
Jaylen Warren,RB,Steelers,True,2025,2.0,11.904,5.952,11.765,0.021,12.841994,6.420997,12.692042,10552,00-0037228
Rico Dowdle,RB,Steelers,True,2026,2.0,12.25,6.125,5.0,0.02,12.25,6.125,5.0,9346,00-0036139
Tyler Allgeier,RB,Cardinals,True,2026,2.0,12.25,6.125,8.0,0.02,12.25,6.125,8.0,10196,00-0037263
Alvin Kamara,RB,Saints,True,2026,1.0,6.0,6.0,3.5,0.02,6.0,6.0,3.5,5653,00-0033906
Jordan Mason,RB,Vikings,True,2025,2.0,10.5,5.25,7.23,0.019,11.327364,5.663682,7.799699,10413,00-0037525
Aaron Jones,RB,Vikings,True,2026,1.0,5.56,5.56,5.0,0.018000000000000002,5.56,5.56,5.0,5768,00-0033293
Chris Rodriguez Jr.,RB,Jaguars,True,2026,2.0,10.0,5.0,6.2,0.017,10.0,5.0,6.2,11017,00-0038611
Omarion Hampton,RB,Chargers,True,2025,4.0,17.774464,4.443616,17.774464,0.016,19.175031,4.793758,19.175031,12382,00-0040666
Keaton Mitchell,RB,Chargers,True,2026,2.0,9.25,4.625,5.0,0.015,9.25,4.625,5.0,11264,00-0038454
Jadarian Price,RB,Seahawks,True,2026,4.0,16.783748,4.195937,16.783748,0.013999999999999999,16.783748,4.195937,16.783748,13176,00-0041512
Hunter Luepke,RB,Cowboys,True,2025,2.0,7.0,3.5,5.03,0.013000000000000001,7.551576,3.775788,5.426347,11379,00-0038738
Justice Hill,RB,Ravens,True,2024,2.0,6.0,3.0,4.441176,0.012,7.075959,3.53798,5.237597,7904,00-0034975
Quinshon Judkins,RB,Browns,True,2025,4.0,11.402116,2.850529,11.402116,0.01,12.300564,3.075141,12.300564,12396,00-0040784
TreVeyon Henderson,RB,Patriots,True,2025,4.0,11.14326,2.785815,11.14326,0.01,12.021311,3.005328,12.021311,12398,00-0040734
James Conner,RB,Cardinals,True,2026,1.0,3.0,3.0,2.1,0.01,3.0,3.0,2.1,5691,00-0033553
Ty Johnson,RB,Bills,True,2025,2.0,5.0,2.5,2.49,0.009000000000000001,5.393983,2.696991,2.686203,7977,00-0035537
Brian Robinson Jr.,RB,Falcons,True,2026,1.0,2.5,2.5,0.775,0.008,2.5,2.5,0.775,10143,00-0037746
Sean Tucker,RB,Buccaneers,True,2026,1.0,2.5,2.5,2.5,0.008,2.5,2.5,2.5,11542,00-0038951
Jonathon Brooks,RB,Panthers,True,2024,4.0,8.417082,2.104271,6.240268,0.008,9.926488,2.481623,7.359314,11654,00-0039344
Christopher Brooks,RB,Packers,True,2026,2.0,4.85,2.425,0.65,0.008,4.85,2.425,0.65,11433,00-0038685
Zach Charbonnet,RB,Seahawks,True,2023,4.0,6.876078,1.71902,3.813333,0.008,9.212966,2.303242,5.109323,10876,00-0039165
Rachaad White,RB,Commanders,True,2026,1.0,2.0,2.0,1.715,0.006999999999999999,2.0,2.0,1.715,10136,00-0037256
Kene Nwangwu,RB,Jets,True,2026,1.0,2.0,2.0,1.0,0.006999999999999999,2.0,2.0,1.0,9583,00-0036842
Corey Kiner,RB,Patriots,True,2025,1.0,1.845,1.845,0.0,0.006999999999999999,1.99038,1.99038,0.0,12769,00-0040556
R.J. Harvey,RB,Broncos,True,2025,4.0,7.359674,1.839919,4.727294,0.006999999999999999,7.939591,1.984898,5.099789,12420,00-0040730
Samaje Perine,RB,Bengals,True,2025,2.0,3.6,1.8,0.4,0.006,3.883668,1.941834,0.431519,5700,00-0033526
Kendre Miller,RB,Saints,True,2023,4.0,5.654312,1.413578,1.112228,0.006,7.575973,1.893993,1.490227,10895,00-0038551
Tyjae Spears,RB,Titans,True,2023,4.0,5.490602,1.372651,0.993164,0.006,7.356625,1.839157,1.330698,10905,00-0039032
Isiah Pacheco,RB,Lions,True,2026,1.0,1.81,1.81,1.81,0.006,1.81,1.81,1.81,10296,00-0037197
Tank Bigsby,RB,PHI/JAX,True,2023,4.0,5.392918,1.34823,0.92212,0.006,7.225742,1.806436,1.23551,10912,00-0038555
Trey Benson,RB,Cardinals,True,2024,4.0,6.059606,1.514902,1.226984,0.006,7.146254,1.786564,1.447015,11674,00-0039921
Kaleb Johnson,RB,GB/PIT,True,2025,4.0,6.372062,1.593016,1.274228,0.006,6.874159,1.71854,1.374633,12443,00-0040142
Kaelon Black,RB,49ers,True,2026,4.0,6.829276,1.707319,1.426744,0.006,6.829276,1.707319,1.426744,13234,00-0041052
Blake Corum,RB,Rams,True,2024,4.0,5.763762,1.440941,1.011828,0.006,6.797358,1.69934,1.193276,11691,00-0039738
MarShawn Lloyd,RB,Packers,True,2024,4.0,5.688518,1.42213,0.957104,0.006,6.70862,1.677156,1.128738,11696,00-0039811
Emanuel Wilson,RB,Seahawks,True,2026,1.0,1.595,1.595,0.55,0.005,1.595,1.595,0.55,11345,00-0038797
Roschon Johnson,RB,Bears,True,2023,4.0,4.608688,1.152172,0.768688,0.005,6.174986,1.543746,1.029932,10939,00-0039021
Jeremy McNichols,RB,Commanders,True,2026,1.0,1.4875,1.4875,0.5625,0.005,1.4875,1.4875,0.5625,5748,00-0033955
Bhayshul Tuten,RB,Jaguars,True,2025,4.0,5.31625,1.329063,1.07652,0.005,5.735152,1.433789,1.161346,12464,00-0040719
Cam Skattebo,RB,Giants,True,2025,4.0,5.27304,1.31826,1.07304,0.005,5.688537,1.422134,1.157592,12465,00-0040715
Jaylen Wright,RB,Dolphins,True,2024,4.0,4.78002,1.195005,0.76002,0.005,5.637204,1.409301,0.896312,11728,00-0039874
Trevor Etienne,RB,Panthers,True,2025,4.0,5.208744,1.302186,1.008744,0.005,5.619175,1.404794,1.08823,12474,00-0040644
Jonah Coleman,RB,Broncos,True,2026,4.0,5.614424,1.403606,1.234424,0.005,5.614424,1.403606,1.234424,13252,00-0041496
Woody Marks,RB,Texans,True,2025,4.0,5.203768,1.300942,1.003768,0.005,5.613807,1.403452,1.082861,12476,00-0040583
Julius Chestnut,RB,Titans,True,2026,1.0,1.4025,1.4025,0.1025,0.005,1.4025,1.4025,0.1025,10729,00-0037594
A.J. Dillon,RB,Panthers,True,2026,1.0,1.4025,1.4025,0.1,0.005,1.4025,1.4025,0.1,8802,00-0036265
Bucky Irving,RB,Buccaneers,True,2024,4.0,4.751552,1.187888,0.731552,0.005,5.603631,1.400908,0.862739,11733,00-0039361
Will Shipley,RB,Eagles,True,2024,4.0,4.736964,1.184241,0.716964,0.005,5.586427,1.396607,0.845535,11735,00-0039746
Ray Davis,RB,Bills,True,2024,4.0,4.733188,1.183297,0.713188,0.005,5.581974,1.395494,0.841082,11736,00-0039875
Isaac Guerendo,RB,49ers,True,2024,4.0,4.724528,1.181132,0.704525,0.005,5.571761,1.39294,0.830865,11737,00-0039363
Dylan Sampson,RB,Browns,True,2025,4.0,5.130564,1.282641,0.930564,0.005,5.534835,1.383709,1.003889,12486,00-0040162
Chase Brown,RB,Bengals,True,2023,4.0,4.126156,1.031539,0.286156,0.005,5.528462,1.382115,0.383408,10987,00-0038597
Mike Washington Jr.,RB,Raiders,True,2026,4.0,5.496156,1.374039,1.116156,0.005,5.496156,1.374039,1.116156,13266,00-0040878
Sione Vaki,RB,Lions,True,2024,4.0,4.548708,1.137177,0.528708,0.004,5.364412,1.341103,0.623519,11740,00-0039364
Braelon Allen,RB,Jets,True,2024,4.0,4.548708,1.137177,0.528708,0.004,5.364412,1.341103,0.623519,11742,00-0039794
Devin Singletary,RB,Giants,True,2026,1.0,1.3,1.3,0.0,0.004,1.3,1.3,0.0,7865,00-0035250
Ameer Abdullah,RB,Jaguars,True,2026,1.0,1.3,1.3,0.0,0.004,1.3,1.3,0.0,3902,00-0032104
Rasheen Ali,RB,Ravens,True,2024,4.0,4.309868,1.077467,0.289868,0.004,5.082742,1.270685,0.341849,11773,00-0039796
Tyrone Tracy Jr.,RB,Giants,True,2024,4.0,4.306352,1.076588,0.286352,0.004,5.078595,1.269649,0.337703,11774,00-0039384
Isaiah Davis,RB,Jets,True,2024,4.0,4.274276,1.068569,0.254276,0.004,5.040767,1.260192,0.299874,11781,00-0039798
Jordan James,RB,49ers,True,2025,4.0,4.639684,1.159921,0.439684,0.004,5.005275,1.251319,0.47433,12507,00-0040177
Ronnie Rivers,RB,Rams,True,2026,1.0,1.251,1.251,0.3303,0.004,1.251,1.251,0.3303,10408,00-0037557
Emari Demercado,RB,KC/DAL,True,2026,1.0,1.25,1.25,0.55,0.004,1.25,1.25,0.55,11202,00-0038705
DJ Giddens,RB,Colts,True,2025,4.0,4.624744,1.156186,0.424744,0.004,4.989158,1.247289,0.458212,12511,00-0040179
Dylan Laube,RB,Raiders,True,2024,4.0,4.175192,1.043798,0.155192,0.004,4.923915,1.230979,0.183022,11816,00-0039407
Emmett Johnson,RB,Chiefs,True,2026,4.0,4.865636,1.216409,0.485636,0.004,4.865636,1.216409,0.485636,13305,00-0041013
Ty Chandler,RB,Saints,True,2026,1.0,1.215,1.215,0.0,0.004,1.215,1.215,0.0,10214,00-0037276
Najee Harris,RB,Giants,True,2026,1.0,1.215,1.215,0.0,0.004,1.215,1.215,0.0,9488,00-0036893
Trey Sermon,RB,Falcons,True,2026,1.0,1.215,1.215,0.0,0.004,1.215,1.215,0.0,9552,00-0036984
Nick Singleton,RB,Titans,True,2026,4.0,4.848644,1.212161,0.0,0.004,4.848644,1.212161,0.0,13309,00-0040886
Ollie Gordon II,RB,Dolphins,True,2025,4.0,4.472664,1.118166,0.272664,0.004,4.825095,1.206274,0.294149,12539,00-0040198
Zonovan Knight,RB,Cardinals,True,2026,1.0,1.195,1.195,0.025,0.004,1.195,1.195,0.025,10531,00-0037157
Tahj Brooks,RB,Bengals,True,2025,4.0,4.430856,1.107714,0.230856,0.004,4.779992,1.194998,0.249047,12553,00-0040208
Adam Randall,RB,Ravens,True,2026,4.0,4.759476,1.189869,0.379476,0.004,4.759476,1.189869,0.379476,13318,00-0040888
Malik Davis,RB,Cowboys,True,2025,2.0,2.175,1.0875,0.0,0.004,2.346383,1.173191,0.0,10392,00-0037563
Kaytron Allen,RB,Commanders,True,2026,4.0,4.683952,1.170988,0.303952,0.004,4.683952,1.170988,0.303952,13331,00-0041096
Brashard Smith,RB,Chiefs,True,2025,4.0,4.333476,1.083369,0.133476,0.004,4.674939,1.168735,0.143993,12588,00-0040078
Kyle Monangai,RB,Bears,True,2025,4.0,4.32814,1.082035,0.12814,0.004,4.669183,1.167296,0.138237,12593,00-0040236
LeQuint Allen,RB,Jaguars,True,2025,4.0,4.318756,1.079689,0.118756,0.004,4.659059,1.164765,0.128114,12596,00-0040238
Demond Claiborne,RB,Vikings,True,2026,4.0,4.65358,1.163395,0.27358,0.004,4.65358,1.163395,0.27358,13342,00-0041104
Jacory Croskey-Merritt,RB,Commanders,True,2025,4.0,4.305428,1.076357,0.105428,0.004,4.644681,1.16117,0.113735,12605,00-0040242
Eli Heidenreich,RB,Steelers,True,2026,4.0,4.535984,1.133996,0.155984,0.004,4.535984,1.133996,0.155984,13374,00-0041490
Seth McGowan,RB,Colts,True,2026,4.0,4.514908,1.128727,0.134908,0.004,4.514908,1.128727,0.134908,13381,00-0041125
British Brooks,RB,Texans,True,2024,3.0,2.845,0.948333,0.24,0.004,3.355184,1.118394,0.283038,12269,00-0039603
Colson Yankoff,RB,Commanders,True,2024,3.0,2.84,0.946667,0.05,0.004,3.349287,1.11643,0.058966,11940,00-0039686
Audric Estime,RB,Saints,True,2025,2.0,2.035,1.0175,0.0,0.004,2.195351,1.097676,0.0,11755,00-0039373
Kimani Vidal,RB,Chargers,True,2026,1.0,1.075,1.075,0.0,0.004,1.075,1.075,0.0,11789,00-0039391
Tyler Badie,RB,Broncos,True,2026,1.0,1.075,1.075,0.0,0.004,1.075,1.075,0.0,10241,00-0037085
Brittain Brown,RB,Bears,True,2026,1.0,1.075,1.075,0.0,0.004,1.075,1.075,0.0,10295,00-0037329
Israel Abanikanda,RB,Cowboys,True,2026,1.0,1.075,1.075,0.0,0.004,1.075,1.075,0.0,10967,00-0038389
George Holani,RB,Seahawks,True,2026,1.0,1.075,1.075,0.0,0.004,1.075,1.075,0.0,12000,00-0039299
Raheim Sanders,RB,Browns,True,2025,3.0,2.97,0.99,0.06,0.004,3.204026,1.068009,0.064728,12849,00-0040466
Myles Montgomery,RB,Patriots,True,2026,3.0,3.125,1.041667,0.2725,0.003,3.125,1.041667,0.2725,13419,00-0041323
Chip Trayanum,RB,Jets,True,2026,3.0,3.12,1.04,0.195,0.003,3.12,1.04,0.195,13442,00-0041239
Jacob Saylors,RB,Lions,True,2026,1.0,1.005,1.005,0.0,0.003,1.005,1.005,0.0,11476,00-0038896
Chris Collier,RB,Raiders,True,2026,1.0,1.005,1.005,0.0,0.003,1.005,1.005,0.0,12251,00-0039244
Salvon Ahmed,RB,Bears,True,2026,1.0,0.4113,0.4113,0.0,0.001,0.4113,0.4113,0.0,9168,00-0036020
Dare Ogunbowale,RB,Raiders,True,2026,1.0,0.4113,0.4113,0.0,0.001,0.4113,0.4113,0.0,6299,00-0033854
Tyler Goodson,RB,Falcons,True,2026,1.0,0.4113,0.4113,0.0,0.001,0.4113,0.4113,0.0,10443,00-0037120
Jonathan Ward,RB,Ravens,True,2026,1.0,0.4113,0.4113,0.0,0.001,0.4113,0.4113,0.0,9400,00-0035924
Travis Homer,RB,Steelers,True,2026,1.0,0.4113,0.4113,0.0,0.001,0.4113,0.4113,0.0,7995,00-0035594
Craig Reynolds,RB,Commanders,True,2026,1.0,0.4113,0.4113,0.0,0.001,0.4113,0.4113,0.0,8540,00-0035567
Zamir White,RB,Saints,True,2026,1.0,0.36,0.36,0.0,0.001,0.36,0.36,0.0,10167,00-0038040
Dameon Pierce,RB,Eagles,True,2026,1.0,0.3303,0.3303,0.0,0.001,0.3303,0.3303,0.0,10152,00-0037258
Michael Carter,RB,Titans,True,2026,1.0,0.3303,0.3303,0.0,0.001,0.3303,0.3303,0.0,9571,00-0036924
Jaleel McLaughlin,RB,Browns,True,2026,1.0,0.3303,0.3303,0.0,0.001,0.3303,0.3303,0.0,11344,00-0038794
Hassan Haskins,RB,Patriots,True,2026,1.0,0.3303,0.3303,0.0,0.001,0.3303,0.3303,0.0,10176,00-0037617
DeeJay Dallas,RB,Vikings,True,2026,1.0,0.3303,0.3303,0.0,0.001,0.3303,0.3303,0.0,8884,00-0036425
Lan Larison,RB,Patriots,True,2026,1.0,0.282917,0.282917,0.0,0.001,0.282917,0.282917,0.0,12778,00-0040568
Davon Booth,RB,Colts,True,2026,1.0,0.2475,0.2475,0.0,0.001,0.2475,0.2475,0.0,13483,00-0041277
Cash Jones,RB,Falcons,True,2026,1.0,0.2475,0.2475,0.0,0.001,0.2475,0.2475,0.0,13730,00-0041191
Cody Schrader,RB,Broncos,True,2026,1.0,0.2475,0.2475,0.0,0.001,0.2475,0.2475,0.0,11936,00-0039703
Noah Whittington,RB,Texans,True,2026,1.0,0.2475,0.2475,0.0,0.001,0.2475,0.2475,0.0,13505,00-0041312
Robert Henry Jr.,RB,Commanders,True,2026,1.0,0.2475,0.2475,0.0,0.001,0.2475,0.2475,0.0,13665,00-0041178
Nate Carter,RB,Chiefs,True,2026,1.0,0.2475,0.2475,0.0,0.001,0.2475,0.2475,0.0,12908,00-0040547
Jordan Waters,RB,Rams,True,2026,1.0,0.2475,0.2475,0.0,0.001,0.2475,0.2475,0.0,12957,00-0040601
Anderson Castle,RB,Colts,True,2026,1.0,0.2475,0.2475,0.0,0.001,0.2475,0.2475,0.0,13829,00-0041486
Dean Connors,RB,Rams,True,2026,1.0,0.2475,0.2475,0.0,0.001,0.2475,0.2475,0.0,13798,00-0041415
Jawhar Jordan,RB,Texans,True,2026,1.0,0.2475,0.2475,0.0,0.001,0.2475,0.2475,0.0,11813,00-0039405
Carlos Washington Jr.,RB,Dolphins,True,2026,1.0,0.2475,0.2475,0.0,0.001,0.2475,0.2475,0.0,11199,00-0038930
Jaydon Blue,RB,Eagles,True,2026,1.0,0.2475,0.2475,0.0,0.001,0.2475,0.2475,0.0,12509,00-0040586
Amar Johnson,RB,Chargers,True,2026,1.0,0.2475,0.2475,0.0,0.001,0.2475,0.2475,0.0,12753,00-0040039
Greg Desrosiers Jr.,RB,Chargers,True,2026,1.0,0.2475,0.2475,0.0,0.001,0.2475,0.2475,0.0,13601,00-0041376
Roman Hemby,RB,Raiders,True,2026,1.0,0.2475,0.2475,0.0,0.001,0.2475,0.2475,0.0,13615,00-0040998
Jaydn Ott,RB,Chiefs,True,2026,1.0,0.2475,0.2475,0.0,0.001,0.2475,0.2475,0.0,13574,00-0040959
Kentrel Bullock,RB,Bengals,True,2026,1.0,0.2475,0.2475,0.0,0.001,0.2475,0.2475,0.0,13490,00-0041241
Pierre Strong Jr.,RB,Packers,True,2026,1.0,0.2475,0.2475,0.0,0.001,0.2475,0.2475,0.0,10172,00-0038098
Jarquez Hunter,RB,Dolphins,True,2026,1.0,0.2475,0.2475,0.0,0.001,0.2475,0.2475,0.0,12477,00-0040692
Carson Steele,RB,Eagles,True,2026,1.0,0.2475,0.2475,0.0,0.001,0.2475,0.2475,0.0,11920,00-0039325
J'Mari Taylor,RB,Jaguars,True,2026,1.0,0.2475,0.2475,0.0,0.001,0.2475,0.2475,0.0,13529,00-0041217
Kalel Mullings,RB,Titans,True,2026,1.0,0.2475,0.2475,0.0,0.001,0.2475,0.2475,0.0,12548,00-0040205
Josh Williams,RB,Buccaneers,True,2026,1.0,0.2475,0.2475,0.0,0.001,0.2475,0.2475,0.0,12903,00-0040429
Jacardia Wright,RB,Seahawks,True,2026,1.0,0.2475,0.2475,0.0,0.001,0.2475,0.2475,0.0,12945,00-0040067
Kendall Milton,RB,Bengals,True,2026,1.0,0.2475,0.2475,0.0,0.001,0.2475,0.2475,0.0,12088,00-0039266
Sincere McCormick,RB,49ers,True,2026,1.0,0.2475,0.2475,0.0,0.001,0.2475,0.2475,0.0,10663,00-0037509
Damon Bankston,RB,Packers,True,2026,1.0,0.2475,0.2475,0.0,0.001,0.2475,0.2475,0.0,13643,00-0041139
Lew Nichols III,RB,Steelers,True,2026,1.0,0.2475,0.2475,0.0,0.001,0.2475,0.2475,0.0,11059,00-0038409
Frank Gore Jr.,RB,Bills,True,2026,1.0,0.2475,0.2475,0.0,0.001,0.2475,0.2475,0.0,11994,00-0039471
Jabari Small,RB,Lions,True,2026,1.0,0.2475,0.2475,0.0,0.001,0.2475,0.2475,0.0,12017,00-0039652
Ahmani Marshall,RB,Panthers,True,2026,1.0,0.2475,0.2475,0.0,0.001,0.2475,0.2475,0.0,13039,00-0040260
Evan Hull,RB,Cardinals,True,2026,1.0,0.2475,0.2475,0.0,0.001,0.2475,0.2475,0.0,11000,00-0038397
C.J. Donaldson,RB,Saints,True,2026,1.0,0.2475,0.2475,0.0,0.001,0.2475,0.2475,0.0,13754,00-0041326
Kyle Juszczyk,FB,49ers,True,2025,2.0,7.5,3.75,7.0,0.013000000000000001,8.090974,4.045487,7.551576,2298,00-0029892
Patrick Ricard,FB,Giants,True,2026,2.0,7.63,3.815,3.54,0.013000000000000001,7.63,3.815,3.54,6036,00-0033376
Alec Ingold,FB,Chargers,True,2026,2.0,7.5,3.75,3.56,0.012,7.5,3.75,3.56,8148,00-0035125
Reggie Gilliam,FB,Patriots,True,2026,3.0,10.8,3.6,6.0,0.012,10.8,3.6,6.0,9365,00-0036187
Michael Burton,FB,Browns,True,2026,1.0,1.4,1.4,0.06,0.005,1.4,1.4,0.06,4016,00-0031595
Max Bredeson,FB,Vikings,True,2026,4.0,4.871544,1.217886,0.491544,0.004,4.871544,1.217886,0.491544,13303,00-0041081
D.J. Herman,FB,Dolphins,True,2026,3.0,3.1,1.033333,0.0,0.003,3.1,1.033333,0.0,13441,00-0041436
Adam Prentice,FB,Broncos,True,2026,1.0,0.3303,0.3303,0.0,0.001,0.3303,0.3303,0.0,9808,00-0036727
Grant Finley,FB,Giants,True,2026,1.0,0.2475,0.2475,0.0,0.001,0.2475,0.2475,0.0,13863,
Ja'Marr Chase,WR,Bengals,True,2025,4.0,161.0,40.25,73.9,0.14400000000000002,173.686246,43.421562,79.723066,9469,00-0036900
Jaxon Smith-Njigba,WR,Seahawks,True,2026,4.0,168.6,42.15,69.130996,0.14,168.6,42.15,69.130996,10844,00-0038543
Justin Jefferson,WR,Vikings,True,2024,4.0,140.0,35.0,88.743,0.13699999999999998,165.105717,41.276429,104.656976,8762,00-0036322
CeeDee Lamb,WR,Cowboys,True,2024,4.0,136.0,34.0,67.0,0.133,160.38841,40.097103,79.014879,8757,00-0036358
A.J. Brown,WR,PHI/NE,True,2024,3.0,96.0,32.0,51.0,0.125,113.215348,37.738449,60.145654,7842,00-0035676
D.K. Metcalf,WR,Steelers,True,2025,4.0,131.999529,32.999882,60.000471,0.11800000000000001,142.400638,35.600159,64.728302,7855,00-0035640
Amon-Ra St. Brown,WR,Lions,True,2024,4.0,120.01,30.0025,34.666,0.11699999999999999,141.530979,35.382745,40.882534,9576,00-0036963
Brandon Aiyuk,WR,49ers,True,2024,4.0,120.0,30.0,45.0,0.11699999999999999,141.519186,35.379796,53.069695,8765,00-0036261
Drake London,WR,Falcons,True,2026,4.0,141.054,35.2635,52.871,0.11699999999999999,141.054,35.2635,52.871,10053,00-0037238
Garrett Wilson,WR,Jets,True,2025,4.0,130.0,32.5,38.324819,0.11599999999999999,140.243553,35.060888,41.344683,10055,00-0037740
Zay Flowers,WR,Ravens,True,2026,4.0,140.0,35.0,54.0,0.11599999999999999,140.0,35.0,54.0,10846,00-0039064
Jaylen Waddle,WR,MIA/DEN,True,2024,3.0,84.75,28.25,35.978546,0.111,99.947925,33.315975,42.430454,9470,00-0036613
D.J. Moore,WR,CHI/BUF,True,2024,4.0,110.0,27.5,43.65,0.10800000000000001,129.72592,32.43148,51.477604,6909,00-0034827
Terry McLaurin,WR,Commanders,True,2025,3.0,87.0,29.0,44.65,0.10400000000000001,93.855301,31.2851,48.168266,7867,00-0035659
Tee Higgins,WR,Bengals,True,2025,4.0,115.0,28.75,30.0,0.10300000000000001,124.061605,31.015401,32.363897,8773,00-0036410
Chris Olave,WR,Saints,True,2026,4.0,124.0,31.0,52.653,0.10300000000000001,124.0,31.0,52.653,10056,00-0037239
Nico Collins,WR,Texans,True,2026,2.0,60.0,30.0,57.0,0.1,60.0,30.0,57.0,9553,00-0036554
DeVonta Smith,WR,Eagles,True,2024,3.0,75.0,25.0,33.997554,0.098,88.449491,29.483164,40.094218,9474,00-0036912
Jameson Williams,WR,Lions,True,2025,3.0,80.0,26.666667,30.579154,0.096,86.303725,28.767909,32.988686,10057,00-0037240
Alec Pierce,WR,Colts,True,2026,4.0,114.0,28.5,60.0,0.095,114.0,28.5,60.0,10098,00-0037664
George Pickens,WR,Cowboys,True,2026,1.0,27.298,27.298,27.298,0.091,27.298,27.298,27.298,10097,00-0037247
Michael Wilson,WR,Cardinals,True,2026,3.0,75.0,25.0,35.0,0.083,75.0,25.0,35.0,10918,00-0038559
Courtland Sutton,WR,Broncos,True,2025,4.0,92.0,23.0,40.0,0.08199999999999999,99.249284,24.812321,43.151862,6925,00-0034348
Chris Godwin,WR,Buccaneers,True,2025,3.0,66.0,22.0,44.0,0.079,71.200573,23.733524,47.467049,5670,00-0033921
Davante Adams,WR,Rams,True,2025,2.0,44.0,22.0,26.0,0.079,47.467049,23.733524,28.048711,2992,00-0031381
Christian Watson,WR,Packers,True,2026,4.0,92.0,23.0,31.0,0.076,92.0,23.0,31.0,10079,00-0038124
Jakobi Meyers,WR,Jaguars,True,2025,3.0,60.0,20.0,30.0,0.07200000000000001,64.727794,21.575931,32.363897,8083,00-0034960
Jerry Jeudy,WR,Browns,True,2024,3.0,52.5,17.5,41.0,0.069,61.914644,20.638215,48.352388,8755,00-0036407
Calvin Ridley,WR,Titans,True,2026,2.0,35.25,17.625,12.49,0.059000000000000004,35.25,17.625,12.49,6911,00-0034837
"Michael Pittman, Jr.",WR,Steelers,True,2026,2.0,35.0,17.5,24.0,0.057999999999999996,35.0,17.5,24.0,8774,00-0036252
Wan'Dale Robinson,WR,Titans,True,2026,4.0,70.0,17.5,38.0,0.057999999999999996,70.0,17.5,38.0,10088,00-0038117
Rashid Shaheed,WR,Seahawks,True,2026,3.0,51.0,17.0,23.0,0.055999999999999994,51.0,17.0,23.0,10704,00-0037545
Romeo Doubs,WR,Patriots,True,2026,4.0,68.0,17.0,35.0,0.055999999999999994,68.0,17.0,35.0,10177,00-0037816
Jayden Reed,WR,Packers,True,2026,3.0,50.25,16.75,20.0,0.055999999999999994,50.25,16.75,20.0,10874,00-0039146
Cooper Kupp,WR,Seahawks,True,2025,3.0,45.0,15.0,17.5,0.054000000000000006,48.545845,16.181948,18.87894,5655,00-0033908
Khalil Shakir,WR,Bills,True,2025,4.0,53.0,13.25,18.1,0.047,57.176218,14.294054,19.526218,10193,00-0037261
Mike Evans,WR,49ers,True,2026,3.0,42.5,14.166667,14.3,0.047,42.5,14.166667,14.3,2946,00-0031408
Rashod Bateman,WR,Ravens,True,2025,3.0,36.75,12.25,16.5,0.044000000000000004,39.645774,13.215258,17.800143,9491,00-0036550
Carnell Tate,WR,Titans,True,2026,4.0,51.134912,12.783728,51.134912,0.042,51.134912,12.783728,51.134912,13148,00-0041438
Travis Hunter,WR,Jaguars,True,2025,4.0,46.649112,11.662278,46.649112,0.042,50.324902,12.581225,50.324902,12362,00-0040718
Jalen Nailor,WR,Raiders,True,2026,3.0,35.03,11.676667,18.0,0.039,35.03,11.676667,18.0,10236,00-0037291
Jalen Coker,WR,Panthers,True,2026,3.0,34.0,11.333333,12.5,0.038,34.0,11.333333,12.5,12030,00-0039491
Josh Palmer,WR,Bills,True,2025,3.0,30.0,10.0,15.0,0.036000000000000004,32.363897,10.787966,16.181948,9541,00-0036988
Marvin Harrison Jr.,WR,Cardinals,True,2024,4.0,35.374742,8.843686,35.374742,0.035,41.718372,10.429594,41.718372,11612,00-0039849
Dontayvion Wicks,WR,Eagles,True,2026,1.0,10.25,10.25,9.0,0.034,10.25,10.25,9.0,10983,00-0038393
Malik Nabers,WR,Giants,True,2024,4.0,29.20775,7.301938,29.20775,0.028999999999999998,34.445475,8.611369,34.445475,11614,00-0039337
Jordyn Tyson,WR,Saints,True,2026,4.0,32.491822,8.122956,32.491822,0.027000000000000003,32.491822,8.122956,32.491822,13152,00-0041029
Stefon Diggs,WR,Commanders,True,2026,1.0,8.0,8.0,7.15,0.027000000000000003,8.0,8.0,7.15,3994,00-0031588
Jauan Jennings,WR,Vikings,True,2026,1.0,8.0,8.0,6.13,0.027000000000000003,8.0,8.0,6.13,8957,00-0036259
Tetairoa McMillan,WR,Panthers,True,2025,4.0,27.93039,6.982598,27.93039,0.025,30.131209,7.532803,30.131209,12368,00-0040124
Jahan Dotson,WR,Falcons,True,2026,2.0,15.0,7.5,10.0,0.025,15.0,7.5,10.0,10061,00-0037741
Rome Odunze,WR,Bears,True,2024,4.0,22.7245,5.681125,22.7245,0.022000000000000002,26.799606,6.699902,26.799606,11617,00-0039919
Tyquan Thornton,WR,Chiefs,True,2026,2.0,11.0,5.5,7.4,0.018000000000000002,11.0,5.5,7.4,10095,00-0038104
Makai Lemon,WR,Eagles,True,2026,4.0,20.810386,5.202597,20.810386,0.017,20.810386,5.202597,20.810386,13164,00-0040867
Marquise Brown,WR,Eagles,True,2026,1.0,5.0,5.0,5.0,0.017,5.0,5.0,5.0,7816,00-0035662
Kendrick Bourne,WR,Cardinals,True,2026,2.0,10.0,5.0,6.5,0.017,10.0,5.0,6.5,5995,00-0033307
KC Concepcion,WR,Browns,True,2026,4.0,19.748428,4.937107,19.748428,0.016,19.748428,4.937107,19.748428,13168,00-0041547
Emeka Egbuka,WR,Buccaneers,True,2025,4.0,18.17273,4.543183,18.17273,0.016,19.604679,4.90117,19.604679,12379,00-0040129
Kavontae Turpin,WR,Cowboys,True,2025,3.0,13.5,4.5,5.0,0.016,14.563754,4.854585,5.393983,10803,00-0037801
Quentin Johnston,WR,Chargers,True,2023,4.0,14.188786,3.547197,14.188786,0.016,19.010953,4.752739,19.010953,10845,00-0038544
Matthew Golden,WR,Packers,True,2025,4.0,17.575338,4.393835,17.575338,0.016,18.960214,4.740054,18.960214,12383,00-0040667
Jordan Addison,WR,Vikings,True,2023,4.0,13.731736,3.432934,13.731736,0.015,18.398572,4.599643,18.398572,10847,00-0038994
Mack Hollins,WR,Patriots,True,2025,2.0,8.4,4.2,3.5,0.015,9.061891,4.530946,3.775788,5704,00-0033555
Ryan Flournoy,WR,Cowboys,True,2026,1.0,4.5,4.5,4.5,0.015,4.5,4.5,4.5,11824,00-0039410
Omar Cooper,WR,Jets,True,2026,4.0,17.474196,4.368549,17.474196,0.015,17.474196,4.368549,17.474196,13174,00-0041511
Brian Thomas Jr.,WR,Jaguars,True,2024,4.0,14.659978,3.664995,14.659978,0.013999999999999999,17.288901,4.322226,17.288901,11631,00-0039893
Demarcus Robinson,WR,49ers,True,2025,2.0,8.0,4.0,6.0,0.013999999999999999,8.630372,4.315186,6.472779,4839,00-0032775
Deebo Samuel,WR,49ers,True,2026,1.0,4.1,4.1,3.76,0.013999999999999999,4.1,4.1,3.76,7827,00-0035719
Xavier Worthy,WR,Chiefs,True,2024,4.0,13.790264,3.447566,13.790264,0.013000000000000001,16.263224,4.065806,16.263224,11636,00-0039894
Ricky Pearsall,WR,49ers,True,2024,4.0,12.538398,3.1346,12.538398,0.012,14.786866,3.696717,14.786866,11639,00-0039916
Xavier Legette,WR,Panthers,True,2024,4.0,12.357176,3.089294,12.357176,0.012,14.573146,3.643286,14.573146,11640,00-0039342
Ashton Dulin,WR,Colts,True,2025,2.0,6.5,3.25,2.94,0.012,7.012178,3.506089,3.171662,8178,00-0035021
Kalif Raymond,WR,Bears,True,2026,1.0,3.5,3.5,3.0,0.012,3.5,3.5,3.0,5127,00-0032464
De'Zhaun Stribling,WR,49ers,True,2026,4.0,13.37674,3.344185,13.37674,0.011000000000000001,13.37674,3.344185,13.37674,13177,00-0041035
Keenan Allen,WR,Colts,True,2026,1.0,3.32,3.32,2.81,0.011000000000000001,3.32,3.32,2.81,2227,00-0030279
Jayden Higgins,WR,Texans,True,2025,4.0,11.700824,2.925206,11.700824,0.01,12.622809,3.155702,12.622809,12394,00-0040130
Denzel Boston,WR,Browns,True,2026,4.0,12.385596,3.096399,12.385596,0.01,12.385596,3.096399,12.385596,13183,00-0041037
Darnell Mooney,WR,Giants,True,2026,1.0,3.0,3.0,3.0,0.01,3.0,3.0,3.0,8913,00-0036309
Christian Kirk,WR,49ers,True,2026,1.0,3.0,3.0,2.78,0.01,3.0,3.0,2.78,6932,00-0034775
Keon Coleman,WR,Bills,True,2024,4.0,10.074258,2.518565,9.640495,0.01,11.88084,2.970211,11.369292,11641,00-0039901
Luther Burden,WR,Bears,True,2025,4.0,10.964034,2.741009,10.964034,0.01,11.827962,2.956991,11.827962,12399,00-0040735
Ladd McConkey,WR,Chargers,True,2024,4.0,9.995186,2.498797,9.185943,0.01,11.787588,2.946898,10.833226,11642,00-0039915
Jake Bobo,WR,Seahawks,True,2026,2.0,5.5,2.75,4.5,0.009000000000000001,5.5,2.75,4.5,11395,00-0038752
Germie Bernard,WR,Steelers,True,2026,4.0,10.544878,2.63622,10.544878,0.009000000000000001,10.544878,2.63622,10.544878,13191,00-0041489
Skyy Moore,WR,Packers,True,2026,1.0,2.5,2.5,1.0,0.008,2.5,2.5,1.0,10099,00-0038090
Bennett Skowronek,WR,Steelers,True,2025,2.0,4.5,2.25,1.08,0.008,4.854585,2.427292,1.1651,9713,00-0036862
Treylon Burks,WR,Commanders,True,2026,1.0,2.35,2.35,0.4,0.008,2.35,2.35,0.4,10063,00-0037742
Olamide Zaccheaus,WR,Falcons,True,2026,2.0,4.5,2.25,2.3,0.006999999999999999,4.5,2.25,2.3,8393,00-0035208
Adonai Mitchell,WR,NYJ/IND,True,2024,4.0,7.386086,1.846522,4.817431,0.006999999999999999,8.710607,2.177652,5.681324,11660,00-0039890
Rashee Rice,WR,Chiefs,True,2023,4.0,6.495218,1.623805,3.519033,0.006999999999999999,8.702668,2.175668,4.715003,10879,00-0039067
Tre Harris,WR,Chargers,True,2025,4.0,7.817692,1.954423,5.578241,0.006999999999999999,8.433699,2.108425,6.017787,12415,00-0040727
Jack Bech,WR,Raiders,True,2025,4.0,7.558822,1.889706,5.077207,0.006999999999999999,8.154431,2.038608,5.477273,12418,00-0040729
Marvin Mims,WR,Broncos,True,2023,4.0,6.068634,1.517159,3.189399,0.006999999999999999,8.131106,2.032777,4.273341,10887,00-0038976
Tim Patrick,WR,Jets,True,2026,1.0,2.0,2.0,1.0,0.006999999999999999,2.0,2.0,1.0,6035,00-0033375
John Metchie III,WR,Panthers,True,2026,1.0,1.9,1.9,1.0,0.006,1.9,1.9,1.0,10089,00-0037614
Devin Duvernay,WR,Cardinals,True,2026,1.0,1.85,1.85,0.55,0.006,1.85,1.85,0.55,8832,00-0036331
Josh Downs,WR,Colts,True,2023,4.0,5.520456,1.380114,1.014876,0.006,7.396625,1.849156,1.359789,10903,00-0038997
Antonio Williams,WR,Commanders,True,2026,4.0,7.25872,1.81468,1.739068,0.006,7.25872,1.81468,1.739068,13215,00-0041040
Kyle Williams,WR,Patriots,True,2025,4.0,6.703572,1.675893,1.515324,0.006,7.23179,1.807948,1.634726,12429,00-0040131
Dareke Young,WR,Raiders,True,2026,1.0,1.802,1.802,0.8,0.006,1.802,1.802,0.8,10278,00-0037093
Malachi Fields,WR,Giants,True,2026,4.0,7.19151,1.797878,1.690188,0.006,7.19151,1.797878,1.690188,13218,00-0041042
Isaac TeSlaa,WR,Lions,True,2025,4.0,6.664452,1.666113,1.486872,0.006,7.189588,1.797397,1.604032,12430,00-0040669
Caleb Douglas,WR,Dolphins,True,2026,4.0,7.168498,1.792125,1.673452,0.006,7.168498,1.792125,1.673452,13219,00-0041523
Tre Tucker,WR,Raiders,True,2023,4.0,5.304082,1.326021,0.857512,0.006,7.106715,1.776679,1.148944,10924,00-0038563
Pat Bryant,WR,Broncos,True,2025,4.0,6.58108,1.64527,1.42624,0.006,7.099646,1.774912,1.538623,12434,00-0040134
Zachariah Branch,WR,Falcons,True,2026,4.0,7.056144,1.764036,1.59174,0.006,7.056144,1.764036,1.59174,13223,00-0041044
Ja'Kobi Lane,WR,Ravens,True,2026,4.0,7.02908,1.75727,1.572056,0.006,7.02908,1.75727,1.572056,13224,00-0040870
Dyami Brown,WR,Commanders,True,2026,1.0,1.75,1.75,0.25,0.006,1.75,1.75,0.25,9546,00-0036626
Jaylin Noel,WR,Texans,True,2025,4.0,6.466856,1.616714,1.343168,0.006,6.976422,1.744106,1.449005,12439,00-0040138
Chris Brazzell II,WR,Panthers,True,2026,4.0,6.943812,1.735953,1.510044,0.006,6.943812,1.735953,1.510044,13227,00-0041047
Ted Hurst,WR,Buccaneers,True,2026,4.0,6.916056,1.729014,1.48986,0.006,6.916056,1.729014,1.48986,13228,00-0041048
Zavion Thomas,WR,Bears,True,2026,4.0,6.83151,1.707878,1.428372,0.006,6.83151,1.707878,1.428372,13233,00-0041051
Tank Dell,WR,Texans,True,2026,1.0,1.7,1.7,1.0,0.006,1.7,1.7,1.0,10893,00-0038977
Savion Williams,WR,Packers,True,2025,4.0,6.292454,1.573114,1.216328,0.006,6.788278,1.69707,1.31217,12447,00-0040009
Roman Wilson,WR,Steelers,True,2024,4.0,5.745168,1.436292,0.998304,0.006,6.775429,1.693857,1.177326,11692,00-0039739
Chris Bell,WR,Dolphins,True,2026,4.0,6.771094,1.692774,1.384432,0.006,6.771094,1.692774,1.384432,13238,00-0041525
Jalen McMillan,WR,Buccaneers,True,2024,4.0,5.663024,1.415756,0.938564,0.006,6.678555,1.669639,1.106873,11700,00-0039855
Tai Felton,WR,Vikings,True,2025,4.0,6.161184,1.540296,1.12086,0.006,6.646664,1.661666,1.20918,12462,00-0040154
Luke McCaffrey,WR,Commanders,True,2024,4.0,5.596312,1.399078,0.890044,0.005,6.599879,1.64997,1.049653,11708,00-0039355
Derius Davis,WR,Chargers,True,2023,4.0,4.551928,1.137982,0.711928,0.005,6.098936,1.524734,0.953882,10949,00-0038573
Calvin Austin III,WR,Giants,True,2026,1.0,1.5,1.5,0.45,0.005,1.5,1.5,0.45,10183,00-0037837
Laquon Treadwell,WR,Colts,True,2026,1.0,1.4875,1.4875,0.4375,0.005,1.4875,1.4875,0.4375,4736,00-0032951
Lil'Jordan Humphrey,WR,Broncos,True,2026,1.0,1.4875,1.4875,0.0875,0.005,1.4875,1.4875,0.0875,8357,00-0035406
Chimere Dike,WR,Titans,True,2025,4.0,5.400952,1.350238,1.100952,0.005,5.826528,1.456632,1.187703,12463,00-0040705
Troy Franklin,WR,Broncos,True,2024,4.0,4.889836,1.222459,0.854836,0.005,5.766713,1.441678,1.008131,11710,00-0039868
Devontez Walker,WR,Ravens,True,2024,4.0,4.817852,1.204463,0.797852,0.005,5.681821,1.420455,0.940928,11721,00-0039792
Dont'e Thornton Jr.,WR,Raiders,True,2025,4.0,5.2509,1.312725,1.0509,0.005,5.664653,1.416163,1.133707,12468,00-0040581
Arian Smith,WR,Jets,True,2025,4.0,5.241652,1.310413,1.041652,0.005,5.654676,1.413669,1.123731,12470,00-0040582
Brenen Thompson,WR,Chargers,True,2026,4.0,5.632136,1.408034,1.252136,0.005,5.632136,1.408034,1.252136,13249,00-0041550
Simi Fehoko,WR,Cardinals,True,2026,1.0,1.4025,1.4025,1.2625,0.005,1.4025,1.4025,1.2625,9643,00-0036646
Gunner Olszewski,WR,Giants,True,2026,1.0,1.4025,1.4025,0.3,0.005,1.4025,1.4025,0.3,8577,00-0035645
Jalen Tolbert,WR,Dolphins,True,2026,1.0,1.4025,1.4025,1.2625,0.005,1.4025,1.4025,1.2625,10133,00-0037666
Tutu Atwell,WR,Rams,True,2026,1.0,1.4025,1.4025,1.075,0.005,1.4025,1.4025,1.075,9521,00-0036849
Tylan Wallace,WR,Browns,True,2026,1.0,1.4025,1.4025,0.125,0.005,1.4025,1.4025,0.125,9595,00-0036630
Elijah Sarratt,WR,Ravens,True,2026,4.0,5.56362,1.390905,1.18362,0.005,5.56362,1.390905,1.18362,13259,00-0040876
Jaylin Lane,WR,Commanders,True,2025,4.0,5.11384,1.27846,0.91384,0.005,5.516793,1.379198,0.985847,12488,00-0040164
Kaden Wetjen,WR,Steelers,True,2026,4.0,5.506916,1.376729,1.126916,0.005,5.506916,1.376729,1.126916,13265,00-0041397
Puka Nacua,WR,Rams,True,2023,4.0,4.08498,1.021245,0.24498,0.005,5.473292,1.368323,0.328238,11001,00-0039075
Skyler Bell,WR,Bills,True,2026,4.0,5.471764,1.367941,1.091764,0.005,5.471764,1.367941,1.091764,13269,00-0041443
Jalen Royals,WR,Chiefs,True,2025,4.0,5.0672,1.2668,0.8672,0.005,5.466478,1.366619,0.935532,12493,00-0040646
Parker Washington,WR,Jaguars,True,2023,4.0,4.032264,1.008066,0.192264,0.004,5.40266,1.350665,0.257606,11009,00-0038606
Kayshon Boutte,WR,NE/HOU,True,2023,4.0,4.027264,1.006816,0.187264,0.004,5.39596,1.34899,0.250907,11011,00-0038608
Elijah Higgins,WR,ARI/MIA,True,2023,4.0,4.01588,1.00397,0.17588,0.004,5.380708,1.345177,0.235654,11021,00-0039041
Jacob Cowing,WR,49ers,True,2024,4.0,4.548716,1.137177,0.528708,0.004,5.364422,1.341103,0.623519,11743,00-0039365
Xavier Hutchinson,WR,Texans,True,2023,4.0,4.0037,1.000925,0.1637,0.004,5.364388,1.341097,0.219335,11029,00-0038618
Andrei Iosivas,WR,Bengals,True,2023,4.0,3.999392,0.999848,0.159392,0.004,5.358616,1.339654,0.213563,11030,00-0038619
Demario Douglas,WR,Patriots,True,2023,4.0,3.973332,0.993333,0.133332,0.004,5.323699,1.330925,0.178646,11034,00-0038621
Elijah Moore,WR,Eagles,True,2026,1.0,1.315,1.315,0.0,0.004,1.315,1.315,0.0,9498,00-0036980
Elic Ayomanor,WR,Titans,True,2025,4.0,4.865816,1.216454,0.665816,0.004,5.249226,1.312306,0.71828,12496,00-0040170
Jordan Watkins,WR,49ers,True,2025,4.0,4.865816,1.216454,0.665816,0.004,5.249226,1.312306,0.71828,12498,00-0040172
Odell Beckham Jr.,WR,Giants,True,2026,1.0,1.3,1.3,0.0,0.004,1.3,1.3,0.0,2951,00-0031235
Bryce Lance,WR,Saints,True,2026,4.0,5.169036,1.292259,0.789036,0.004,5.169036,1.292259,0.789036,13280,00-0041067
Colbie Young,WR,Bengals,True,2026,4.0,5.169036,1.292259,0.789036,0.004,5.169036,1.292259,0.789036,13284,00-0041069
Malik Washington,WR,Dolphins,True,2024,4.0,4.21956,1.05489,0.19956,0.004,4.976239,1.24406,0.235346,11792,00-0039880
Johnny Wilson,WR,Eagles,True,2024,4.0,4.217008,1.054252,0.197008,0.004,4.973229,1.243307,0.232337,11793,00-0039236
KeAndre Lambert-Smith,WR,Chargers,True,2025,4.0,4.608004,1.152001,0.408004,0.004,4.971099,1.242775,0.440153,12518,00-0040184
Irvin Charles,WR,Seahawks,True,2025,1.0,1.145,1.145,0.0,0.004,1.235222,1.235222,0.0,10714,00-0037156
Reggie Virgil,WR,Cardinals,True,2026,4.0,4.9365,1.234125,0.5565,0.004,4.9365,1.234125,0.5565,13287,00-0041070
Tory Horton,WR,Seahawks,True,2025,4.0,4.56504,1.14126,0.36504,0.004,4.924749,1.231187,0.393804,12526,00-0040648
Jordan Whittington,WR,Rams,True,2024,4.0,4.158388,1.039597,0.138388,0.004,4.904097,1.226024,0.163205,11821,00-0039751
DeVaughn Vele,WR,DEN/NO,True,2024,4.0,4.12448,1.03112,0.10448,0.004,4.864109,1.216027,0.123216,11843,00-0039424
Tom Kennedy,WR,Lions,True,2026,1.0,1.215,1.215,0.0,0.004,1.215,1.215,0.0,8635,00-0035544
David Sills,WR,Buccaneers,True,2026,1.0,1.215,1.215,0.0,0.004,1.215,1.215,0.0,8401,00-0035359
Kendrick Law,WR,Lions,True,2026,4.0,4.830132,1.207533,0.450132,0.004,4.830132,1.207533,0.450132,13312,00-0041446
LaJohntay Wester,WR,Ravens,True,2025,4.0,4.414868,1.103717,0.214868,0.004,4.762744,1.190686,0.231799,12563,00-0040075
Kevin Coleman Jr.,WR,Dolphins,True,2026,4.0,4.759476,1.189869,0.379476,0.004,4.759476,1.189869,0.379476,13321,00-0041529
Cyrus Allen,WR,Chiefs,True,2026,4.0,4.759476,1.189869,0.379476,0.004,4.759476,1.189869,0.379476,13320,00-0040890
Jimmy Horn Jr.,WR,Panthers,True,2025,4.0,4.39544,1.09886,0.19544,0.004,4.741786,1.185446,0.21084,12568,00-0040218
Jalen Brooks,WR,Cardinals,True,2025,2.0,2.175,1.0875,0.0,0.004,2.346383,1.173191,0.0,11068,00-0038640
Barion Brown,WR,Saints,True,2026,4.0,4.674016,1.168504,0.294016,0.004,4.674016,1.168504,0.294016,13334,00-0041099
Josh Cameron,WR,Jaguars,True,2026,4.0,4.670072,1.167518,0.290072,0.004,4.670072,1.167518,0.290072,13335,00-0041100
Tez Johnson,WR,Buccaneers,True,2025,4.0,4.32394,1.080985,0.12394,0.004,4.664652,1.166163,0.133706,12595,00-0040237
Malik Benson,WR,Raiders,True,2026,4.0,4.657732,1.164433,0.277732,0.004,4.657732,1.164433,0.277732,13339,00-0040894
C.J. Daniels,WR,Rams,True,2026,4.0,4.655244,1.163811,0.275244,0.004,4.655244,1.163811,0.275244,13341,00-0041399
C.J. Williams,WR,Jaguars,True,2026,4.0,4.64828,1.16207,0.26828,0.004,4.64828,1.16207,0.26828,13347,00-0041106
Konata Mumpfield,WR,Rams,True,2025,4.0,4.308536,1.077134,0.108536,0.004,4.648034,1.162008,0.117088,12602,00-0040590
Jonathan Mingo,WR,Cowboys,True,2026,1.0,1.145,1.145,0.0,0.004,1.145,1.145,0.0,10863,00-0039062
Deion Burks,WR,Colts,True,2026,4.0,4.500488,1.125122,0.120488,0.004,4.500488,1.125122,0.120488,13398,00-0041132
Mason Tipton,WR,Saints,True,2024,3.0,2.84,0.946667,0.11,0.004,3.349287,1.11643,0.129726,12118,00-0039623
Kameron Johnson,WR,Buccaneers,True,2024,3.0,2.84,0.946667,0.01,0.004,3.349287,1.11643,0.011793,12082,00-0039589
Tyrell Shavers,WR,Bills,True,2025,2.0,2.042,1.021,0.007,0.004,2.202903,1.101451,0.007552,11469,00-0038679
Isaiah Williams,WR,Jets,True,2025,2.0,2.035,1.0175,0.0,0.004,2.195351,1.097676,0.0,12014,00-0039451
Isaiah Bond,WR,Browns,True,2025,3.0,3.018,1.006,3.018,0.004,3.255808,1.085269,3.255808,13128,00-0040782
Efton Chism III,WR,Patriots,True,2025,3.0,2.99,0.996667,0.259,0.004,3.225602,1.075201,0.279408,12659,00-0040563
Xavier Smith,WR,Rams,True,2026,1.0,1.075,1.075,0.0,0.004,1.075,1.075,0.0,11126,00-0038359
D.J. Montgomery,WR,Colts,True,2026,1.0,1.075,1.075,0.0,0.004,1.075,1.075,0.0,8204,00-0035045
Ryan Miller,WR,Dolphins,True,2026,1.0,1.075,1.075,0.0,0.004,1.075,1.075,0.0,11504,00-0038824
Justin Shorter,WR,Raiders,True,2026,1.0,1.075,1.075,0.0,0.004,1.075,1.075,0.0,10974,00-0038590
Malachi Corley,WR,Browns,True,2026,1.0,1.075,1.075,0.0,0.004,1.075,1.075,0.0,11673,00-0039920
Nikko Remigio,WR,Chiefs,True,2026,1.0,1.075,1.075,0.0,0.004,1.075,1.075,0.0,11319,00-0038519
Chris Blair,WR,Falcons,True,2026,1.0,1.075,1.075,0.0,0.004,1.075,1.075,0.0,9449,00-0036463
Jahdae Walker,WR,Bears,True,2025,3.0,2.985,0.995,0.17,0.004,3.220208,1.073403,0.183395,12882,00-0040277
Darius Cooper,WR,Eagles,True,2025,3.0,2.98,0.993333,0.09,0.004,3.214814,1.071604,0.097092,12984,00-0040024
Myles Price,WR,Vikings,True,2025,3.0,2.965,0.988333,0.0,0.004,3.198632,1.06621,0.0,13054,00-0040506
Beaux Collins,WR,Falcons,True,2026,2.0,2.125,1.0625,0.0,0.004,2.125,1.0625,0.0,12666,00-0040432
Jeff Caldwell,WR,Chiefs,True,2026,3.0,3.125,1.041667,0.2725,0.003,3.125,1.041667,0.2725,13572,00-0040953
Corey Rucker,WR,Raiders,True,2026,3.0,3.125,1.041667,0.2725,0.003,3.125,1.041667,0.2725,13630,00-0041005
Camden Brown,WR,Cowboys,True,2026,3.0,3.115,1.038333,0.105,0.003,3.115,1.038333,0.105,13650,00-0040930
J. Michael Sturdivant,WR,Packers,True,2026,3.0,3.115,1.038333,0.215,0.003,3.115,1.038333,0.215,13697,00-0040948
Dohnte Meyers,WR,Bengals,True,2026,3.0,3.11,1.036667,0.01,0.003,3.11,1.036667,0.01,13140,00-0040785
Brock Rechsteiner,WR,Saints,True,2026,3.0,3.1,1.033333,0.0,0.003,3.1,1.033333,0.0,13762,00-0041451
Jared Wayne,WR,Texans,True,2026,1.0,1.005,1.005,0.0,0.003,1.005,1.005,0.0,11354,00-0038728
Dalen Cambre,WR,Giants,True,2026,1.0,1.005,1.005,0.0,0.003,1.005,1.005,0.0,13061,00-0040431
Tay Martin,WR,Lions,True,2026,1.0,1.005,1.005,0.0,0.003,1.005,1.005,0.0,10555,00-0037524
Brycen Tremayne,WR,Panthers,True,2026,1.0,1.005,1.005,0.0,0.003,1.005,1.005,0.0,11514,00-0038840
Ke'Shawn Williams,WR,Bengals,True,2025,2.0,1.845,0.9225,0.0,0.003,1.99038,0.99519,0.0,12968,00-0040534
Montorie Foster,WR,Seahawks,True,2026,1.0,0.885,0.885,0.0,0.003,0.885,0.885,0.0,13085,00-0040621
Coleman Owen,WR,Colts,True,2026,1.0,0.885,0.885,0.0,0.003,0.885,0.885,0.0,13015,00-0040352
Jeshaun Jones,WR,Vikings,True,2026,1.0,0.885,0.885,0.0,0.003,0.885,0.885,0.0,12056,00-0039710
Jimmy Holiday,WR,Chiefs,True,2026,1.0,0.885,0.885,0.0,0.003,0.885,0.885,0.0,12985,00-0040120
Mac Dalena,WR,Bills,True,2026,1.0,0.885,0.885,0.0,0.003,0.885,0.885,0.0,12679,00-0040086
Jackson Meeks,WR,Lions,True,2026,1.0,0.885,0.885,0.0,0.003,0.885,0.885,0.0,12798,00-0040390
Cole Burgess,WR,Steelers,True,2026,1.0,0.885,0.885,0.0,0.003,0.885,0.885,0.0,11938,00-0039626
Jeremiah Webb,WR,Patriots,True,2026,1.0,0.885,0.885,0.0,0.003,0.885,0.885,0.0,13058,00-0040570
Velus Jones Jr.,WR,Seahawks,True,2026,1.0,0.45595,0.45595,0.0,0.002,0.45595,0.45595,0.0,10116,00-0037745
Nick Westbrook-Ikhine,WR,Colts,True,2026,1.0,0.4113,0.4113,0.0,0.001,0.4113,0.4113,0.0,9304,00-0036182
Deven Thompkins,WR,Raiders,True,2026,1.0,0.4113,0.4113,0.0,0.001,0.4113,0.4113,0.0,10658,00-0037487
David Moore,WR,Panthers,True,2026,1.0,0.4113,0.4113,0.0,0.001,0.4113,0.4113,0.0,5812,00-0033589
Jalen Reagor,WR,Dolphins,True,2026,1.0,0.4113,0.4113,0.0,0.001,0.4113,0.4113,0.0,8761,00-0036387
Scott Miller,WR,Bears,True,2026,1.0,0.4113,0.4113,0.0,0.001,0.4113,0.4113,0.0,7999,00-0035298
Van Jefferson,WR,Commanders,True,2026,1.0,0.4113,0.4113,0.0,0.001,0.4113,0.4113,0.0,8797,00-0036415
KhaDarel Hodge,WR,49ers,True,2026,1.0,0.4113,0.4113,0.0,0.001,0.4113,0.4113,0.0,7678,00-0034854
Chris Moore,WR,Ravens,True,2026,1.0,0.4113,0.4113,0.0,0.001,0.4113,0.4113,0.0,4820,00-0032398
Trey Palmer,WR,Saints,True,2026,1.0,0.36,0.36,0.0,0.001,0.36,0.36,0.0,11015,00-0039052
Greg Dortch,WR,Bills,True,2026,1.0,0.3303,0.3303,0.0,0.001,0.3303,0.3303,0.0,8297,00-0035500
Charlie Jones,WR,Giants,True,2026,1.0,0.3303,0.3303,0.0,0.001,0.3303,0.3303,0.0,10955,00-0038576
Jalin Hyatt,WR,Giants,True,2026,1.0,0.3303,0.3303,0.0,0.001,0.3303,0.3303,0.0,10897,00-0038938
Xavier Gipson,WR,Eagles,True,2026,1.0,0.3303,0.3303,0.0,0.001,0.3303,0.3303,0.0,11255,00-0038496
Trent Sherfield,WR,Bills,True,2026,1.0,0.3303,0.3303,0.0,0.001,0.3303,0.3303,0.0,7544,00-0034487
Britain Covey,WR,Eagles,True,2026,1.0,0.3303,0.3303,0.0,0.001,0.3303,0.3303,0.0,10651,00-0037132
Braxton Berrios,WR,Giants,True,2026,1.0,0.3303,0.3303,0.0,0.001,0.3303,0.3303,0.0,7095,00-0034419
Ihmir Smith-Marsette,WR,Cardinals,True,2026,1.0,0.3303,0.3303,0.0,0.001,0.3303,0.3303,0.0,9621,00-0036635
K.J. Osborn,WR,Titans,True,2026,1.0,0.3303,0.3303,0.0,0.001,0.3303,0.3303,0.0,8916,00-0036345
Tim Jones,WR,Jaguars,True,2026,1.0,0.3303,0.3303,0.0,0.001,0.3303,0.3303,0.0,9785,00-0036497
Cody White,WR,Raiders,True,2026,1.0,0.3303,0.3303,0.0,0.001,0.3303,0.3303,0.0,9071,00-0035891
Alex Bachman,WR,Rams,True,2026,1.0,0.3303,0.3303,0.0,0.001,0.3303,0.3303,0.0,8471,00-0035602
Brandon Smith,WR,Steelers,True,2026,1.0,0.2475,0.2475,0.0,0.001,0.2475,0.2475,0.0,9854,00-0036775
Ja'Mori Maclin,WR,Bills,True,2026,1.0,0.2475,0.2475,0.0,0.001,0.2475,0.2475,0.0,13410,00-0041272
Dominic Lovett,WR,Lions,True,2026,1.0,0.2475,0.2475,0.0,0.001,0.2475,0.2475,0.0,12604,00-0040241
Andrew Armstrong,WR,Chiefs,True,2026,1.0,0.2475,0.2475,0.0,0.001,0.2475,0.2475,0.0,12623,00-0040298
Omari Evans,WR,Chiefs,True,2026,1.0,0.2475,0.2475,0.0,0.001,0.2475,0.2475,0.0,13581,00-0040954
Zavier Scott,WR,Bears,True,2026,1.0,0.2475,0.2475,0.0,0.001,0.2475,0.2475,0.0,11234,00-0038440
Jaseem Reed,WR,Panthers,True,2026,1.0,0.2475,0.2475,0.0,0.001,0.2475,0.2475,0.0,12914,00-0040265
Kyrese Rowan,WR,Saints,True,2026,1.0,0.2475,0.2475,0.0,0.001,0.2475,0.2475,0.0,12896,00-0040633
Bo Melton,WR,Packers,True,2026,1.0,0.2475,0.2475,0.0,0.001,0.2475,0.2475,0.0,10274,00-0037091
Casey Washington,WR,Panthers,True,2026,1.0,0.2475,0.2475,0.0,0.001,0.2475,0.2475,0.0,11795,00-0039394
Noah Thomas,WR,Bengals,True,2026,1.0,0.2475,0.2475,0.0,0.001,0.2475,0.2475,0.0,13493,00-0041248
Michael Bandy,WR,Broncos,True,2026,1.0,0.2475,0.2475,0.0,0.001,0.2475,0.2475,0.0,10009,00-0036959
Jaden Bradley,WR,Commanders,True,2026,1.0,0.2475,0.2475,0.0,0.001,0.2475,0.2475,0.0,13672,00-0041176
Anthony Smith,WR,Cowboys,True,2026,1.0,0.2475,0.2475,0.0,0.001,0.2475,0.2475,0.0,13362,00-0040900
Eric Rivers,WR,Buccaneers,True,2026,1.0,0.2475,0.2475,0.0,0.001,0.2475,0.2475,0.0,13763,00-0041257
Dean Patterson,WR,Buccaneers,True,2026,1.0,0.2475,0.2475,0.0,0.001,0.2475,0.2475,0.0,13779,00-0041435
Jordan Hudson,WR,Cowboys,True,2026,1.0,0.2475,0.2475,0.0,0.001,0.2475,0.2475,0.0,13645,00-0040934
Kole Wilson,WR,Browns,True,2026,1.0,0.2475,0.2475,0.0,0.001,0.2475,0.2475,0.0,13486,00-0041287
Ricky White,WR,Seahawks,True,2026,1.0,0.2475,0.2475,0.0,0.001,0.2475,0.2475,0.0,12598,00-0040653
Xavier Restrepo,WR,Titans,True,2026,1.0,0.2475,0.2475,0.0,0.001,0.2475,0.2475,0.0,12836,00-0040522
Wesley Grimes,WR,49ers,True,2026,1.0,0.2475,0.2475,0.0,0.001,0.2475,0.2475,0.0,13813,00-0041359
Jordan Moore,WR,Bengals,True,2026,1.0,0.2475,0.2475,0.0,0.001,0.2475,0.2475,0.0,12802,00-0040375
Julian Hicks,WR,Seahawks,True,2026,1.0,0.2475,0.2475,0.0,0.001,0.2475,0.2475,0.0,12073,00-0039329
Emmanuel Henderson,WR,Seahawks,True,2026,1.0,0.2475,0.2475,0.0,0.001,0.2475,0.2475,0.0,13343,00-0040895
J.P. Richardson,WR,Bears,True,2026,1.0,0.2475,0.2475,0.0,0.001,0.2475,0.2475,0.0,13032,00-0040275
Will Pauling,WR,49ers,True,2026,1.0,0.2475,0.2475,0.0,0.001,0.2475,0.2475,0.0,13811,00-0041361
Chris Hilton Jr.,WR,Packers,True,2026,1.0,0.2475,0.2475,0.0,0.001,0.2475,0.2475,0.0,13668,00-0041179
Isaiah Neyor,WR,Packers,True,2026,1.0,0.2475,0.2475,0.0,0.001,0.2475,0.2475,0.0,12964,00-0040558
Kaden Davis,WR,Bears,True,2026,1.0,0.2475,0.2475,0.0,0.001,0.2475,0.2475,0.0,10724,00-0037380
Gary Jennings Jr.,WR,Chargers,True,2026,1.0,0.2475,0.2475,0.0,0.001,0.2475,0.2475,0.0,7911,00-0035589
Cedric Tillman,WR,Saints,True,2026,1.0,0.2475,0.2475,0.0,0.001,0.2475,0.2475,0.0,10898,00-0038979
Jalen Moreno-Cropper,WR,Saints,True,2026,1.0,0.2475,0.2475,0.0,0.001,0.2475,0.2475,0.0,11391,00-0038740
Qadir Ismail,WR,Bears,True,2026,1.0,0.2475,0.2475,0.0,0.001,0.2475,0.2475,0.0,12301,00-0039843
Dillon Bell,WR,Vikings,True,2026,1.0,0.2475,0.2475,0.0,0.001,0.2475,0.2475,0.0,13709,00-0041342
Tyren Montgomery,WR,Titans,True,2026,1.0,0.2475,0.2475,0.0,0.001,0.2475,0.2475,0.0,13557,00-0040919
Theo Wease Jr.,WR,Chargers,True,2026,1.0,0.2475,0.2475,0.0,0.001,0.2475,0.2475,0.0,12890,00-0040311
Cameron Dorner,WR,Patriots,True,2026,1.0,0.2475,0.2475,0.0,0.001,0.2475,0.2475,0.0,13423,00-0041319
Trayvon Rudolph,WR,Vikings,True,2026,1.0,0.2475,0.2475,0.0,0.001,0.2475,0.2475,0.0,13825,00-0041475
Harrison Wallace III,WR,Cardinals,True,2026,1.0,0.2475,0.2475,0.0,0.001,0.2475,0.2475,0.0,13781,00-0041368
Michael Wortham,WR,Jaguars,True,2026,1.0,0.2475,0.2475,0.0,0.001,0.2475,0.2475,0.0,13536,00-0041220
Trebor Pena,WR,Jaguars,True,2026,1.0,0.2475,0.2475,0.0,0.001,0.2475,0.2475,0.0,13533,00-0041216
Dane Key,WR,Broncos,True,2026,1.0,0.2475,0.2475,0.0,0.001,0.2475,0.2475,0.0,13561,00-0041293
Michael Briscoe,WR,Vikings,True,2026,1.0,0.2475,0.2475,0.0,0.001,0.2475,0.2475,0.0,13817,00-0040970
Brennan Presley,WR,Rams,True,2026,1.0,0.2475,0.2475,0.0,0.001,0.2475,0.2475,0.0,12956,00-0040597
Will Sheppard,WR,Dolphins,True,2026,1.0,0.2475,0.2475,0.0,0.001,0.2475,0.2475,0.0,13108,00-0040753
Kevin Austin Jr.,WR,Saints,True,2026,1.0,0.2475,0.2475,0.0,0.001,0.2475,0.2475,0.0,10540,00-0037231
Lewis Bond,WR,Texans,True,2026,1.0,0.2475,0.2475,0.0,0.001,0.2475,0.2475,0.0,13348,00-0041467
Stephen Gosnell,WR,Bills,True,2026,1.0,0.2475,0.2475,0.0,0.001,0.2475,0.2475,0.0,12711,00-0040361
Danny Gray,WR,Eagles,True,2026,1.0,0.2475,0.2475,0.0,0.001,0.2475,0.2475,0.0,10150,00-0037828
Brandon Johnson,WR,Steelers,True,2026,1.0,0.2475,0.2475,0.0,0.001,0.2475,0.2475,0.0,10634,00-0037382
Josh Kelly,WR,Texans,True,2026,1.0,0.2475,0.2475,0.0,0.001,0.2475,0.2475,0.0,12766,00-0040049
Daniel Sobkowicz,WR,Texans,True,2026,1.0,0.2475,0.2475,0.0,0.001,0.2475,0.2475,0.0,13516,00-0041309
Anthony Gould,WR,Colts,True,2026,1.0,0.2475,0.2475,0.0,0.001,0.2475,0.2475,0.0,11750,00-0039816
Bub Means,WR,Browns,True,2026,1.0,0.2475,0.2475,0.0,0.001,0.2475,0.2475,0.0,11778,00-0039386
Jamaal Pritchett,WR,Jets,True,2026,1.0,0.2475,0.2475,0.0,0.001,0.2475,0.2475,0.0,13009,00-0040405
Vinny Anthony II,WR,Falcons,True,2026,1.0,0.2475,0.2475,0.0,0.001,0.2475,0.2475,0.0,13728,00-0041185
Xavier Guillory,WR,Ravens,True,2026,1.0,0.2475,0.2475,0.0,0.001,0.2475,0.2475,0.0,13006,00-0040099
Malik McClain,WR,Jets,True,2026,1.0,0.2475,0.2475,0.0,0.001,0.2475,0.2475,0.0,13451,00-0041267
Antwane Wells Jr.,WR,Falcons,True,2026,1.0,0.2475,0.2475,0.0,0.001,0.2475,0.2475,0.0,12892,00-0040438
Ronnie Bell,WR,Raiders,True,2026,1.0,0.2475,0.2475,0.0,0.001,0.2475,0.2475,0.0,11077,00-0038647
Dylan Drummond,WR,Falcons,True,2026,1.0,0.2475,0.2475,0.0,0.001,0.2475,0.2475,0.0,11535,00-0038953
Kolbe Katsis,WR,Broncos,True,2026,1.0,0.2475,0.2475,0.0,0.001,0.2475,0.2475,0.0,13566,00-0041292
Kyle Dixon,WR,Patriots,True,2026,1.0,0.2475,0.2475,0.0,0.001,0.2475,0.2475,0.0,13422,00-0041318
Mitchell Tinsley,WR,Texans,True,2026,1.0,0.2475,0.2475,0.0,0.001,0.2475,0.2475,0.0,11507,00-0038839
Lucky Jackson,WR,Lions,True,2026,1.0,0.2475,0.2475,0.0,0.001,0.2475,0.2475,0.0,11562,00-0038181
George Kittle,TE,49ers,True,2025,4.0,76.4,19.1,35.0,0.068,82.420057,20.605014,37.75788,5732,00-0033288
Trey McBride,TE,Cardinals,True,2025,4.0,76.0,19.0,32.5,0.068,81.988539,20.497135,35.060888,10100,00-0037744
Tucker Kraft,TE,Packers,True,2026,4.0,75.0,18.75,26.5,0.062,75.0,18.75,26.5,10902,00-0038996
Kyle Pitts,TE,Falcons,True,2026,3.0,53.0,17.666667,36.0,0.059000000000000004,53.0,17.666667,36.0,9468,00-0036970
Cole Kmet,TE,Bears,True,2023,4.0,50.0,12.5,22.893,0.055999999999999994,66.992883,16.748221,30.673361,8783,00-0036290
Pat Freiermuth,TE,Steelers,True,2024,4.0,48.4,12.1,11.6,0.047,57.079405,14.269851,13.680188,9519,00-0036894
Mark Andrews,TE,Ravens,True,2025,3.0,39.267,13.089,20.944444,0.047,42.361105,14.120368,22.594794,6971,00-0034753
Jake Ferguson,TE,Cowboys,True,2025,4.0,50.0,12.5,20.656,0.045,53.939828,13.484957,22.283622,10174,00-0038041
Isaiah Likely,TE,Giants,True,2026,3.0,40.0,13.333333,20.5,0.044000000000000004,40.0,13.333333,20.5,10184,00-0037838
Dalton Schultz,TE,Texans,True,2026,1.0,12.6,12.6,17.6,0.042,12.6,12.6,17.6,7022,00-0034383
Evan Engram,TE,Broncos,True,2025,2.0,23.0,11.5,16.5,0.040999999999999995,24.812321,12.40616,17.800143,5607,00-0033881
Brenton Strange,TE,Jaguars,True,2026,3.0,36.0,12.0,17.0,0.04,36.0,12.0,17.0,10885,00-0038935
Travis Kelce,TE,Chiefs,True,2026,1.0,12.0,12.0,12.0,0.04,12.0,12.0,12.0,2216,00-0030506
Juwan Johnson,TE,Saints,True,2025,3.0,30.75,10.25,21.25,0.037000000000000005,33.172994,11.057665,22.924427,9380,00-0036040
Darnell Washington,TE,Steelers,True,2026,4.0,42.0,10.5,11.25,0.035,42.0,10.5,11.25,10917,00-0038558
T.J. Hockenson,TE,Vikings,True,2026,1.0,10.25,10.25,10.15,0.034,10.25,10.25,10.15,7799,00-0035229
Cade Otton,TE,Buccaneers,True,2026,3.0,30.0,10.0,20.0,0.033,30.0,10.0,20.0,10151,00-0038129
Mike Gesicki,TE,Bengals,True,2025,3.0,25.5,8.5,6.5,0.03,27.509312,9.169771,7.012178,6927,00-0034829
Chigoziem Okonkwo,TE,Commanders,True,2026,3.0,27.0,9.0,16.7,0.03,27.0,9.0,16.7,10188,00-0037809
Colby Parkinson,TE,Rams,True,2024,3.0,22.5,7.5,10.25,0.028999999999999998,26.534847,8.844949,12.088097,8873,00-0036244
Josh Oliver,TE,Vikings,True,2025,3.0,23.25,7.75,15.645,0.027999999999999997,25.08202,8.360673,16.877772,7860,00-0035249
Charlie Kolar,TE,Chargers,True,2026,3.0,24.3,8.1,17.0,0.027000000000000003,24.3,8.1,17.0,10173,00-0038046
Hunter Henry,TE,Patriots,True,2026,2.0,16.0,8.0,14.5,0.027000000000000003,16.0,8.0,14.5,4748,00-0033090
John Bates,TE,Commanders,True,2025,3.0,21.0,7.0,11.52,0.025,22.654728,7.551576,12.427736,9588,00-0036628
Colston Loveland,TE,Bears,True,2025,4.0,26.636008,6.659002,26.636008,0.024,28.734834,7.183708,28.734834,12370,00-0040126
Noah Gray,TE,Chiefs,True,2024,3.0,18.0,6.0,10.016,0.023,21.227878,7.075959,11.812135,9626,00-0036637
Daniel Bellinger,TE,Titans,True,2026,3.0,21.0,7.0,14.01,0.023,21.0,7.0,14.01,10157,00-0038115
Dallas Goedert,TE,Eagles,True,2026,1.0,7.0,7.0,7.0,0.023,7.0,7.0,7.0,6934,00-0034351
Dawson Knox,TE,Bills,True,2026,3.0,20.0,6.666667,10.0,0.022000000000000002,20.0,6.666667,10.0,7887,00-0035689
Adam Trautman,TE,Broncos,True,2026,3.0,17.0,5.666667,9.5,0.019,17.0,5.666667,9.5,8845,00-0036422
Tommy Tremble,TE,Panthers,True,2025,2.0,10.5,5.25,6.0,0.019,11.327364,5.663682,6.472779,9547,00-0037005
Tyler Warren,TE,Colts,True,2025,4.0,20.96065,5.240163,20.96065,0.019,22.612277,5.65307,22.612277,12374,00-0040128
Kenyon Sadiq,TE,Jets,True,2026,4.0,22.344304,5.586076,22.344304,0.019,22.344304,5.586076,22.344304,13160,00-0041032
Jeremy Ruckert,TE,Jets,True,2025,2.0,10.0,5.0,4.972157,0.018000000000000002,10.787966,5.393983,5.363946,10146,00-0037805
Brock Bowers,TE,Raiders,True,2024,4.0,18.138784,4.534696,18.138784,0.018000000000000002,21.391549,5.347887,21.391549,11621,00-0039338
Julian Hill,TE,Patriots,True,2026,3.0,15.0,5.0,7.5,0.017,15.0,5.0,7.5,11488,00-0038720
Brock Wright,TE,Lions,True,2024,3.0,12.0,4.0,4.6,0.016,14.151919,4.717306,5.424902,9878,00-0036754
Charlie Woerner,TE,Falcons,True,2024,3.0,12.0,4.0,4.16,0.016,14.151919,4.717306,4.905998,8930,00-0036429
Dalton Kincaid,TE,Bills,True,2023,4.0,13.42704,3.35676,13.42704,0.015,17.990322,4.497581,17.990322,10849,00-0038933
Noah Fant,TE,Saints,True,2026,2.0,8.75,4.375,4.5,0.015,8.75,4.375,4.5,7811,00-0035644
Drew Sample,TE,Bengals,True,2024,3.0,10.5,3.5,2.35,0.013999999999999999,12.382929,4.127643,2.771417,7843,00-0035631
Luke Farrell,TE,49ers,True,2026,2.0,8.0,4.0,3.59,0.013000000000000001,8.0,4.0,3.59,9609,00-0036887
Jake Tonges,TE,49ers,True,2026,2.0,8.0,4.0,5.5,0.013000000000000001,8.0,4.0,5.5,10357,00-0037112
Greg Dulcich,TE,Dolphins,True,2026,1.0,3.25,3.25,2.91,0.011000000000000001,3.25,3.25,2.91,10125,00-0037252
Austin Hooper,TE,Falcons,True,2026,1.0,3.25,3.25,2.74,0.011000000000000001,3.25,3.25,2.74,4794,00-0032392
Sam LaPorta,TE,Lions,True,2023,4.0,9.465998,2.3665,7.825179,0.011000000000000001,12.68309,3.170773,10.484626,10858,00-0039065
Foster Moreau,TE,Texans,True,2026,2.0,6.3,3.15,3.0,0.01,6.3,3.15,3.0,7928,00-0034981
Michael Mayer,TE,Raiders,True,2023,4.0,9.313638,2.32841,7.596697,0.01,12.478949,3.119738,10.178493,10859,00-0039066
Durham Smythe,TE,Ravens,True,2026,1.0,3.0,3.0,2.0,0.01,3.0,3.0,2.0,7008,00-0034798
Tyler Higbee,TE,Rams,True,2026,2.0,6.0,3.0,4.0,0.01,6.0,3.0,4.0,4823,00-0033110
David Njoku,TE,Chargers,True,2026,1.0,3.0,3.0,0.85,0.01,3.0,3.0,0.85,5613,00-0033885
Luke Musgrave,TE,Packers,True,2023,4.0,8.475742,2.118936,6.348437,0.009000000000000001,11.356288,2.839073,8.506002,10866,00-0039144
Mason Taylor,TE,Jets,True,2025,4.0,10.466192,2.616548,9.559309,0.009000000000000001,11.290892,2.822723,10.31255,12402,00-0040736
Hunter Long,TE,JAX/ARI,True,2025,2.0,5.0,2.5,3.0,0.009000000000000001,5.393983,2.696991,3.23639,9545,00-0037004
Eric Saubert,TE,Seahawks,True,2025,1.0,2.5,2.5,0.788888,0.009000000000000001,2.696991,2.696991,0.85105,5760,00-0033576
Mo Alie-Cox,TE,Colts,True,2026,1.0,2.6875,2.6875,2.1875,0.009000000000000001,2.6875,2.6875,2.1875,5618,00-0033217
Terrance Ferguson,TE,Rams,True,2025,4.0,9.713466,2.428367,8.046753,0.009000000000000001,10.478854,2.619714,8.680809,12406,00-0040737
Brady Russell,TE,Seahawks,True,2026,2.0,4.8,2.4,2.145,0.008,4.8,2.4,2.145,11288,00-0038488
Elijah Arroyo,TE,Seahawks,True,2025,4.0,8.813372,2.203343,6.872548,0.008,9.507835,2.376959,7.414081,12410,00-0040739
Connor Heyward,TE,Raiders,True,2026,2.0,4.5,2.25,2.0,0.006999999999999999,4.5,2.25,2.0,10253,00-0037304
Andrew Ogletree,TE,Colts,True,2026,1.0,2.25,2.25,1.5,0.006999999999999999,2.25,2.25,1.5,10237,00-0037292
Eli Stowers,TE,Eagles,True,2026,4.0,8.892964,2.223241,7.277752,0.006999999999999999,8.892964,2.223241,7.277752,13198,00-0041483
Nate Boerkircher,TE,Jaguars,True,2026,4.0,8.538996,2.134749,6.737771,0.006999999999999999,8.538996,2.134749,6.737771,13200,00-0041503
Ben Sinnott,TE,Commanders,True,2024,4.0,7.22795,1.806988,4.597851,0.006999999999999999,8.524113,2.131029,5.422368,11661,00-0039912
Luke Schoonmaker,TE,Cowboys,True,2023,4.0,6.266678,1.56667,3.342433,0.006999999999999999,8.396456,2.099115,4.478384,10882,00-0038547
Marlin Klein,TE,Texans,True,2026,4.0,8.184982,2.046246,6.243882,0.006999999999999999,8.184982,2.046246,6.243882,13203,00-0041472
Max Klare,TE,Rams,True,2026,4.0,8.019796,2.004949,5.976625,0.006999999999999999,8.019796,2.004949,5.976625,13205,00-0041510
Grant Calcaterra,TE,Eagles,True,2026,1.0,2.0,2.0,0.7,0.006999999999999999,2.0,2.0,0.7,10243,00-0037086
Jonnu Smith,TE,Packers,True,2026,1.0,2.0,2.0,0.35,0.006999999999999999,2.0,2.0,0.35,5686,00-0033858
Quintin Morris,TE,Jaguars,True,2026,1.0,2.0,2.0,1.7,0.006999999999999999,2.0,2.0,1.7,9733,00-0036590
Josh Whyle,TE,Packers,True,2026,1.0,2.0,2.0,0.37,0.006999999999999999,2.0,2.0,0.37,10971,00-0038589
Sam Roush,TE,Bears,True,2026,4.0,7.336666,1.834167,1.795756,0.006,7.336666,1.834167,1.795756,13213,00-0041558
Harold Fannin Jr.,TE,Browns,True,2025,4.0,6.742886,1.685722,1.543916,0.006,7.274202,1.818551,1.665571,12427,00-0040663
Oscar Delp,TE,Saints,True,2026,4.0,7.206404,1.801601,1.70102,0.006,7.206404,1.801601,1.70102,13217,00-0041041
Will Kacmarek,TE,Dolphins,True,2026,4.0,6.849462,1.712366,1.441428,0.006,6.849462,1.712366,1.441428,13231,00-0041524
Tip Reiman,TE,Cardinals,True,2024,4.0,5.789912,1.447478,1.030844,0.006,6.828197,1.707049,1.215702,11690,00-0039737
Eli Raridon,TE,Patriots,True,2026,4.0,6.748712,1.687178,1.368152,0.006,6.748712,1.687178,1.368152,13239,00-0041395
Ko Kieft,TE,Buccaneers,True,2026,1.0,1.65,1.65,0.6,0.005,1.65,1.65,0.6,10263,00-0037311
Nate Adkins,TE,Broncos,True,2026,1.0,1.635,1.635,0.3,0.005,1.635,1.635,0.3,11337,00-0038783
Ian Thomas,TE,Raiders,True,2026,1.0,1.615,1.615,0.6125,0.005,1.615,1.615,0.6125,6986,00-0034365
Johnny Mundt,TE,Eagles,True,2026,1.0,1.5,1.5,0.75,0.005,1.5,1.5,0.75,5857,00-0033246
Chris Manhertz,TE,Giants,True,2026,1.0,1.4875,1.4875,0.2625,0.005,1.4875,1.4875,0.2625,3800,00-0031484
Andrew Beck,TE,Jets,True,2026,1.0,1.4875,1.4875,1.2625,0.005,1.4875,1.4875,1.2625,8077,00-0034959
Ja'Tavion Sanders,TE,Panthers,True,2024,4.0,5.044236,1.261059,0.874236,0.005,5.948801,1.4872,1.03101,11709,00-0039356
Theo Johnson,TE,Giants,True,2024,4.0,4.851436,1.212859,0.831436,0.005,5.721427,1.430357,0.980535,11715,00-0039847
Erick All,TE,Bengals,True,2024,4.0,4.813104,1.203276,0.793104,0.005,5.676221,1.419055,0.935329,11723,00-0039814
A.J. Barner,TE,Seahawks,True,2024,4.0,4.775108,1.193777,0.755108,0.005,5.631412,1.407853,0.890519,11729,00-0039793
Cade Stover,TE,Texans,True,2024,4.0,4.758936,1.189734,0.738936,0.005,5.61234,1.403085,0.871447,11731,00-0039359
Kylen Granson,TE,Titans,True,2026,1.0,1.4025,1.4025,0.625,0.005,1.4025,1.4025,0.625,9591,00-0036876
Gunnar Helm,TE,Titans,True,2025,4.0,5.172908,1.293227,0.972908,0.005,5.580515,1.395129,1.04957,12480,00-0040584
Jared Wiley,TE,Chiefs,True,2024,4.0,4.70862,1.177155,0.68862,0.005,5.553001,1.38825,0.812108,11739,00-0039824
Will Mallory,TE,Colts,True,2023,4.0,4.130592,1.032648,0.290592,0.005,5.534405,1.383601,0.389352,10986,00-0038394
Payne Durham,TE,Buccaneers,True,2023,4.0,4.08498,1.021245,0.24498,0.005,5.473292,1.368323,0.328238,10995,00-0039050
Davis Allen,TE,Rams,True,2023,4.0,4.08498,1.021245,0.24498,0.005,5.473292,1.368323,0.328238,10999,00-0039074
Tyler Conklin,TE,Lions,True,2026,1.0,1.3,1.3,0.0,0.004,1.3,1.3,0.0,7042,00-0034270
Darren Waller,TE,Panthers,True,2026,1.0,1.3,1.3,0.0,0.004,1.3,1.3,0.0,4052,00-0031610
Robert Tonyan,TE,Steelers,True,2026,1.0,1.3,1.3,0.0,0.004,1.3,1.3,0.0,6223,00-0033757
Matthew Hibner,TE,Ravens,True,2026,4.0,5.169036,1.292259,0.789036,0.004,5.169036,1.292259,0.789036,13277,00-0040879
Feleipe Franks,TE,Panthers,True,2026,1.0,1.265,1.265,0.0,0.004,1.265,1.265,0.0,9915,00-0036825
Mitchell Evans,TE,Panthers,True,2025,4.0,4.590968,1.147742,0.390968,0.004,4.95272,1.23818,0.421775,12523,00-0040187
Oronde Gadsden II,TE,Chargers,True,2025,4.0,4.574036,1.143509,0.374036,0.004,4.934454,1.233614,0.403509,12525,00-0040189
Justin Joly,TE,DEN/MIA,True,2026,4.0,4.886104,1.221526,0.506104,0.004,4.886104,1.221526,0.506104,13296,00-0041077
Jackson Hawes,TE,Bills,True,2025,4.0,4.520216,1.130054,0.320216,0.004,4.876393,1.219098,0.345448,12533,00-0040194
Robbie Ouzts,TE,Seahawks,True,2025,4.0,4.520216,1.130054,0.320216,0.004,4.876393,1.219098,0.345448,12535,00-0040649
Tanner Koziol,TE,Jaguars,True,2026,4.0,4.85684,1.21421,0.47684,0.004,4.85684,1.21421,0.47684,13308,00-0041084
Riley Nowakowski,TE,Steelers,True,2026,4.0,4.823256,1.205814,0.443256,0.004,4.823256,1.205814,0.443256,13313,00-0041398
Joe Royer,TE,Browns,True,2026,4.0,4.812596,1.203149,0.432596,0.004,4.812596,1.203149,0.432596,13314,00-0041087
Gavin Bartholomew,TE,Vikings,True,2025,4.0,4.415824,1.103956,0.215824,0.004,4.763776,1.190944,0.23283,12562,00-0040215
Josh Cuevas,TE,Ravens,True,2026,4.0,4.759476,1.189869,0.379476,0.004,4.759476,1.189869,0.379476,13317,00-0040887
Seydou Traore,TE,Dolphins,True,2026,4.0,4.759476,1.189869,0.379476,0.004,4.759476,1.189869,0.379476,13324,00-0041579
Jelani Woods,TE,Jets,True,2026,1.0,1.175,1.175,0.0,0.004,1.175,1.175,0.0,10118,00-0037755
Bauer Sharp,TE,Buccaneers,True,2026,4.0,4.69658,1.174145,0.31658,0.004,4.69658,1.174145,0.31658,13329,00-0041094
Thomas Fidone II,TE,Giants,True,2025,4.0,4.349516,1.087379,0.149516,0.004,4.692243,1.173061,0.161297,12579,00-0040225
Brevin Jordan,TE,Texans,True,2026,1.0,1.17,1.17,0.025,0.004,1.17,1.17,0.025,9611,00-0036556
Blake Whiteheart,TE,Browns,True,2026,1.0,1.145,1.145,0.0,0.004,1.145,1.145,0.0,11201,00-0038710
Jack Endries,TE,Bengals,True,2026,4.0,4.551016,1.137754,0.171016,0.004,4.551016,1.137754,0.171016,13365,00-0041116
Jaren Kanak,TE,Titans,True,2026,4.0,4.543412,1.135853,0.163412,0.004,4.543412,1.135853,0.163412,13369,00-0040901
Carsen Ryan,TE,Browns,True,2026,4.0,4.500488,1.125122,0.120488,0.004,4.500488,1.125122,0.120488,13392,00-0041131
Dallen Bentley,TE,Broncos,True,2026,4.0,4.500488,1.125122,0.120488,0.004,4.500488,1.125122,0.120488,13400,00-0041133
Brevyn Spann-Ford,TE,Cowboys,True,2024,3.0,2.85,0.95,0.245,0.004,3.361081,1.12036,0.288935,11906,00-0039530
David Martin-Robinson,TE,Titans,True,2024,3.0,2.8375,0.945833,0.0175,0.004,3.346339,1.115446,0.020638,11954,00-0039648
E.J. Jenkins,TE,Eagles,True,2026,2.0,2.165333,1.082667,0.040333,0.004,2.165333,1.082667,0.040333,11261,00-0038498
Jake Briningstool,TE,Chiefs,True,2025,3.0,2.995,0.998333,0.264,0.004,3.230996,1.076998,0.284802,12642,00-0040081
Nick Kallerup,TE,Seahawks,True,2025,3.0,2.99,0.996667,0.259,0.004,3.225602,1.075201,0.279408,12763,00-0040058
Cole Turner,TE,Dolphins,True,2026,1.0,1.075,1.075,0.0,0.004,1.075,1.075,0.0,10194,00-0037078
Ben Yurosek,TE,Vikings,True,2025,3.0,2.985,0.995,0.254,0.004,3.220208,1.073403,0.274014,12963,00-0040509
Keleki Latu,TE,Bills,True,2025,3.0,2.965,0.988333,0.0,0.004,3.198632,1.06621,0.0,12780,00-0040363
Princeton Fant,TE,Cowboys,True,2026,2.0,2.125,1.0625,0.0,0.004,2.125,1.0625,0.0,11411,00-0038735
D.J. Rogers,TE,Cowboys,True,2026,3.0,3.125,1.041667,0.2,0.003,3.125,1.041667,0.2,13646,00-0040938
John Michael Gyllenborg,TE,Chiefs,True,2026,3.0,3.12,1.04,0.2675,0.003,3.12,1.04,0.2675,13577,00-0040955
Tanner Arkin,TE,Patriots,True,2026,3.0,3.1175,1.039167,0.1625,0.003,3.1175,1.039167,0.1625,13418,00-0041314
Jameson Geers,TE,Cardinals,True,2026,3.0,3.115,1.038333,0.125,0.003,3.115,1.038333,0.125,13784,00-0041366
Carson Towt,TE,Colts,True,2026,3.0,3.11,1.036667,0.12,0.003,3.11,1.036667,0.12,13143,00-0040853
Hayden Large,TE,Bears,True,2026,3.0,3.1075,1.035833,0.0675,0.003,3.1075,1.035833,0.0675,13684,00-0041170
Treyton Welch,TE,Saints,True,2026,1.0,1.005,1.005,0.0,0.003,1.005,1.005,0.0,12217,00-0039518
Nikola Kalinic,TE,Bears,True,2026,1.0,1.005,1.005,0.0,0.003,1.005,1.005,0.0,10041,00-0037031
Cameron Latu,TE,Patriots,True,2025,2.0,1.845,0.9225,0.0,0.003,1.99038,0.99519,0.0,10925,00-0038564
Moliki Matavao,TE,Saints,True,2025,2.0,1.845,0.9225,0.0,0.003,1.99038,0.99519,0.0,12608,00-0040244
Carter Runyon,TE,Raiders,True,2025,2.0,1.845,0.9225,0.0,0.003,1.99038,0.99519,0.0,13051,00-0040488
Caleb Lohner,TE,Broncos,True,2026,2.0,1.935,0.9675,0.0,0.003,1.935,0.9675,0.0,12601,00-0040240
Mark Redman,TE,Packers,True,2026,2.0,1.935,0.9675,0.0,0.003,1.935,0.9675,0.0,12831,00-0040598
Thomas Yassmin,TE,Packers,True,2026,1.0,0.885,0.885,0.0,0.003,0.885,0.885,0.0,12205,
Chamon Metayer,TE,Panthers,True,2026,1.0,0.885,0.885,0.0,0.003,0.885,0.885,0.0,13502,
Nick Muse,TE,Falcons,True,2026,1.0,0.4113,0.4113,0.0,0.001,0.4113,0.4113,0.0,10272,00-0037317
Brayden Willis,TE,49ers,True,2026,1.0,0.4113,0.4113,0.0,0.001,0.4113,0.4113,0.0,11071,00-0038643
Teagan Quitoriano,TE,Cardinals,True,2026,1.0,0.4113,0.4113,0.0,0.001,0.4113,0.4113,0.0,10215,00-0037277
Nick Vannett,TE,Ravens,True,2026,1.0,0.4113,0.4113,0.0,0.001,0.4113,0.4113,0.0,4807,00-0032394
Chris Myarick,TE,Raiders,True,2026,1.0,0.4113,0.4113,0.0,0.001,0.4113,0.4113,0.0,8252,00-0035345
Stephen Carlson,TE,Bears,True,2026,1.0,0.4113,0.4113,0.0,0.001,0.4113,0.4113,0.0,8199,00-0035039
Tanner Hudson,TE,Bengals,True,2026,1.0,0.4113,0.4113,0.0,0.001,0.4113,0.4113,0.0,7519,00-0034613
Stone Smartt,TE,Saints,True,2026,1.0,0.36,0.36,0.0,0.001,0.36,0.36,0.0,10559,00-0037475
Lucas Krull,TE,Broncos,True,2026,1.0,0.3303,0.3303,0.0,0.001,0.3303,0.3303,0.0,10575,00-0037539
Shane Zylstra,TE,Patriots,True,2026,1.0,0.3303,0.3303,0.0,0.001,0.3303,0.3303,0.0,9984,00-0036534
Pharaoh Brown,TE,Colts,True,2026,1.0,0.3303,0.3303,0.0,0.001,0.3303,0.3303,0.0,6080,00-0033439
James Mitchell,TE,Cowboys,True,2026,1.0,0.3303,0.3303,0.0,0.001,0.3303,0.3303,0.0,10222,00-0037282
Messiah Swinson,TE,Browns,True,2026,1.0,0.3303,0.3303,0.0,0.001,0.3303,0.3303,0.0,12123,00-0039275
Khalil Dinkins,TE,49ers,True,2026,1.0,0.2475,0.2475,0.0,0.001,0.2475,0.2475,0.0,13810,00-0041357
Tyler Pezza,TE,Ravens,True,2026,1.0,0.2475,0.2475,0.0,0.001,0.2475,0.2475,0.0,13470,00-0040986
Patrick Gurd,TE,Raiders,True,2026,1.0,0.2475,0.2475,0.0,0.001,0.2475,0.2475,0.0,13633,00-0041016
Lake McRee,TE,Steelers,True,2026,1.0,0.2475,0.2475,0.0,0.001,0.2475,0.2475,0.0,13498,00-0041263
Hayden Rucci,TE,Jaguars,True,2026,1.0,0.2475,0.2475,0.0,0.001,0.2475,0.2475,0.0,12006,00-0039489
Michael Trigg,TE,Cowboys,True,2026,1.0,0.2475,0.2475,0.0,0.001,0.2475,0.2475,0.0,13644,00-0040939
Zaire Mitchell-Paden,TE,Texans,True,2026,1.0,0.2475,0.2475,0.0,0.001,0.2475,0.2475,0.0,10398,00-0037340
Thomas Gordon,TE,Lions,True,2026,1.0,0.2475,0.2475,0.0,0.001,0.2475,0.2475,0.0,13121,00-0040697
Jack Velling,TE,Falcons,True,2026,1.0,0.2475,0.2475,0.0,0.001,0.2475,0.2475,0.0,13731,00-0041195
Kenny Fletcher Jr.,TE,Colts,True,2026,1.0,0.2475,0.2475,0.0,0.001,0.2475,0.2475,0.0,13774,00-0041252
Patrick Herbert,TE,Chargers,True,2026,1.0,0.2475,0.2475,0.0,0.001,0.2475,0.2475,0.0,12724,00-0040331
Thomas Odukoya,TE,Chiefs,True,2026,1.0,0.2475,0.2475,0.0,0.001,0.2475,0.2475,0.0,10388,00-0038145
CJ Dippre,TE,Buccaneers,True,2026,1.0,0.2475,0.2475,0.0,0.001,0.2475,0.2475,0.0,12684,00-0040566
Tre Watson,TE,Dolphins,True,2026,1.0,0.2475,0.2475,0.0,0.001,0.2475,0.2475,0.0,12887,00-0040094
Jack Westover,TE,Commanders,True,2026,1.0,0.2475,0.2475,0.0,0.001,0.2475,0.2475,0.0,12019,00-0039305
Evan Svoboda,TE,Chargers,True,2026,1.0,0.2475,0.2475,0.0,0.001,0.2475,0.2475,0.0,13600,00-0041384
Cam Grandy,TE,Vikings,True,2026,1.0,0.2475,0.2475,0.0,0.001,0.2475,0.2475,0.0,11915,00-0039631
Dan Villari,TE,Rams,True,2026,1.0,0.2475,0.2475,0.0,0.001,0.2475,0.2475,0.0,13789,00-0041422
Drake Dabney,TE,Packers,True,2026,1.0,0.2475,0.2475,0.0,0.001,0.2475,0.2475,0.0,12991,00-0040628
Joel Wilson,TE,Titans,True,2026,1.0,0.2475,0.2475,0.0,0.001,0.2475,0.2475,0.0,11111,00-0039023
Shawn Bowman,TE,Cardinals,True,2026,1.0,0.2475,0.2475,0.0,0.001,0.2475,0.2475,0.0,12186,00-0039550
Andrew Thomas,LT,Giants,True,2023,5.0,117.5,23.5,67.0,0.105,157.433274,31.486655,89.770463,8744,00-0036386
Rashawn Slater,LT,Chargers,True,2025,4.0,114.0,28.5,56.0,0.102,122.982808,30.745702,60.412607,9477,00-0037009
Christian Darrisaw,LT,Vikings,True,2024,4.0,104.0,26.0,43.725,0.102,122.649961,30.66249,51.566053,9487,00-0036616
Laremy Tunsil,LT,Commanders,True,2026,2.0,60.2,30.1,52.665,0.1,60.2,30.1,52.665,4726,00-0032380
Bernhard Raimann,LT,Colts,True,2025,4.0,100.0,25.0,45.0,0.09,107.879656,26.969914,48.545845,10122,00-0037757
Charles Cross,LT,Seahawks,True,2026,4.0,104.4,26.1,43.06,0.087,104.4,26.1,43.06,10054,00-0037821
Jordan Mailata,LT,Eagles,True,2024,3.0,66.0,22.0,41.0,0.086,77.835552,25.945184,48.352388,7118,00-0034429
Trent Williams,LT,49ers,True,2026,2.0,50.0,25.0,37.0,0.083,50.0,25.0,37.0,1466,00-0027857
Jake Matthews,LT,Falcons,True,2025,2.0,45.0,22.5,38.0,0.081,48.545845,24.272923,40.994269,2945,00-0031279
Garett Bolles,LT,Broncos,True,2024,4.0,82.0,20.5,23.735,0.08,96.704777,24.176194,27.991316,5604,00-0033538
Kolton Miller,LT,Raiders,True,2025,3.0,66.0,22.0,36.5,0.079,71.200573,23.733524,39.376074,6900,00-0034759
Dion Dawkins,LT,Bills,True,2024,3.0,60.06,20.02,30.205,0.078,70.830352,23.610117,35.621558,5649,00-0033904
Dan Moore Jr.,LT,Titans,True,2025,4.0,82.0,20.5,42.51,0.073,88.461318,22.11533,45.859642,9592,00-0036869
Ronnie Stanley,LT,Ravens,True,2025,3.0,60.0,20.0,44.0,0.07200000000000001,64.727794,21.575931,47.467049,4719,00-0032965
Alaric Jackson,LT,Rams,True,2025,3.0,57.75,19.25,30.0,0.069,62.300501,20.766834,32.363897,9957,00-0036603
Cole Van Lanen,LT,Jaguars,True,2025,3.0,51.0,17.0,25.0,0.061,55.018625,18.339542,26.969914,9678,00-0036655
Jaylon Moore,LT,Chiefs,True,2025,2.0,30.0,15.0,21.24,0.054000000000000006,32.363897,16.181948,22.913639,9619,00-0036557
Colton McKivitz,LT,49ers,True,2025,3.0,45.0,15.0,18.71,0.054000000000000006,48.545845,16.181948,20.184284,8893,00-0036256
Orlando Brown Jr.,LT,Bengals,True,2026,2.0,32.0,16.0,14.0,0.053,32.0,16.0,14.0,6968,00-0034752
Walker Little,LT,Jaguars,True,2024,3.0,40.5,13.5,25.944256,0.053,47.762725,15.920908,30.59675,9509,00-0036975
Will Campbell,LT,Patriots,True,2025,4.0,43.662098,10.915525,43.662098,0.039,47.102521,11.775631,47.102521,12364,00-0040699
Ikem Ekwonu,LT,Panthers,True,2022,4.0,27.56805,6.892013,27.56805,0.033,39.882309,9.970578,39.882309,10051,00-0037229
Spencer Fano,LT,Browns,True,2026,4.0,32.255828,8.063957,32.255828,0.027000000000000003,32.255828,8.063957,32.255828,13153,00-0041030
J.C. Latham,LT,Titans,True,2024,4.0,26.045188,6.511297,26.045188,0.025,30.715782,7.678945,30.715782,11615,00-0039731
Kelvin Banks Jr.,LT,Saints,True,2025,4.0,27.731246,6.932812,27.731246,0.025,29.916373,7.479094,29.916373,12369,00-0040125
Olu Fashanu,LT,Jets,True,2024,4.0,20.51071,5.127678,20.51071,0.02,24.188825,6.047207,24.188825,11619,00-0039790
Broderick Jones,LT,DAL/PIT,True,2023,4.0,16.626364,4.156591,16.626364,0.018000000000000002,22.276961,5.56924,22.276961,10838,00-0039109
Taliese Fuaga,LT,Saints,True,2024,4.0,17.348158,4.33704,17.348158,0.017,20.459143,5.114786,20.459143,11622,00-0039339
Braxton Jones,LT,Bears,True,2026,1.0,5.0,5.0,3.0,0.017,5.0,5.0,3.0,10213,00-0037081
Grey Zabel,LT,Seahawks,True,2025,4.0,18.47146,4.617865,18.47146,0.017,19.926948,4.981737,19.926948,12378,00-0040639
Alex Palczewski,LT,Broncos,True,2026,2.0,9.5,4.75,5.575,0.016,9.5,4.75,5.575,11334,00-0038796
Donovan Jackson,LT,Vikings,True,2025,4.0,17.177054,4.294264,17.177054,0.015,18.530547,4.632637,18.530547,12384,00-0040661
Vederian Lowe,LT,49ers,True,2026,2.0,9.25,4.625,5.75,0.015,9.25,4.625,5.75,10229,00-0037287
Josh Conerly Jr.,LT,Commanders,True,2025,4.0,15.681094,3.920274,15.681094,0.013999999999999999,16.91671,4.229178,16.91671,12389,00-0040686
Josh Jones,LT,Seahawks,True,2026,1.0,4.0,4.0,3.0,0.013000000000000001,4.0,4.0,3.0,8812,00-0036363
Rasheed Walker,LT,Panthers,True,2026,1.0,4.0,4.0,3.215,0.013000000000000001,4.0,4.0,3.215,10294,00-0037196
Josh Simmons,LT,Chiefs,True,2025,4.0,14.675356,3.668839,14.675356,0.013000000000000001,15.831724,3.957931,15.831724,12392,00-0040116
Tyler Guyton,LT,Cowboys,True,2024,4.0,13.155806,3.288952,13.155806,0.013000000000000001,15.514991,3.878748,15.514991,11637,00-0039341
Andrew Wylie,LT,Commanders,True,2026,2.0,7.5,3.75,3.7,0.012,7.5,3.75,3.7,6323,00-0033831
Blake Brandel,LT,Vikings,True,2024,3.0,9.5,3.166667,3.1,0.012,11.203602,3.734534,3.655912,8943,00-0036347
Trevor Penning,LT,Chargers,True,2026,1.0,3.5,3.5,3.5,0.012,3.5,3.5,3.5,10064,00-0037241
Jonah Savaiinaea,LT,Dolphins,True,2025,4.0,11.322472,2.830618,11.322472,0.01,12.214644,3.053661,12.214644,12397,00-0040742
Brett Toth,LT,49ers,True,2026,1.0,2.5,2.5,2.215,0.008,2.5,2.5,2.215,8620,00-0035743
Aireontae Ersery,LT,Texans,True,2025,4.0,9.211646,2.302912,7.369317,0.008,9.937492,2.484374,7.949994,12408,
Anthony Belton,LT,Packers,True,2025,4.0,8.016826,2.004207,5.848303,0.006999999999999999,8.648524,2.162132,6.309129,12414,
Patrick Paul,LT,Dolphins,True,2024,4.0,6.911696,1.727924,4.163624,0.006999999999999999,8.151147,2.037787,4.910272,11663,00-0039899
Stone Forsythe,LT,Panthers,True,2026,1.0,2.0,2.0,1.05,0.006999999999999999,2.0,2.0,1.05,9672,00-0036653
Markel Bell,LT,Eagles,True,2026,4.0,7.360984,1.840246,1.813444,0.006,7.360984,1.840246,1.813444,13212,00-0041554
Brandon Coleman,LT,Commanders,True,2024,4.0,6.058224,1.514556,1.22598,0.006,7.144624,1.786156,1.445831,11675,00-0039913
Caedan Wallace,LT,NE/MIA,True,2024,4.0,6.043304,1.510826,1.215128,0.006,7.127029,1.781757,1.433033,11676,00-0039863
Matt Goncalves,LT,Colts,True,2024,4.0,5.839038,1.45976,1.066572,0.006,6.886133,1.721534,1.257837,11687,00-0039736
Wyatt Milum,LT,Jaguars,True,2025,4.0,6.277304,1.569326,1.205312,0.006,6.771934,1.692983,1.300286,12449,00-0040146
Caleb Tiernan,LT,Vikings,True,2026,4.0,6.6939,1.673475,1.328292,0.006,6.6939,1.673475,1.328292,13241,00-0041053
Charles Grant,LT,Raiders,True,2025,4.0,6.161184,1.540296,1.12086,0.006,6.646664,1.661666,1.20918,12459,00-0040151
Justin Skule,LT,Buccaneers,True,2026,1.0,1.4025,1.4025,0.5,0.005,1.4025,1.4025,0.5,7974,00-0034989
Giovanni Manu,LT,Lions,True,2024,4.0,4.745656,1.186414,0.725656,0.005,5.596678,1.39917,0.855785,11734,00-0039362
Travis Burke,LT,Chargers,True,2026,4.0,5.543872,1.385968,1.163872,0.005,5.543872,1.385968,1.163872,13261,00-0041058
Jalen Travis,LT,Colts,True,2025,4.0,5.121268,1.280317,0.921268,0.005,5.524806,1.381202,0.993861,12487,00-0040163
Warren McClendon,LT,Rams,True,2023,4.0,4.08498,1.021245,0.24498,0.005,5.473292,1.368323,0.328238,10998,00-0039077
Carson Vinson,LT,Ravens,True,2025,4.0,4.669596,1.167399,0.469596,0.004,5.037544,1.259386,0.506599,12501,00-0040070
Walter Rouse,LT,NE/MIN,True,2024,4.0,4.246592,1.061648,0.226592,0.004,5.008119,1.25203,0.267226,11785,00-0039828
Jalen Rivers,LT,Bengals,True,2025,4.0,4.620988,1.155247,0.420988,0.004,4.985106,1.246276,0.45416,12513,00-0040180
Travis Glover,LT,Packers,True,2024,4.0,4.19138,1.047845,0.17138,0.004,4.943006,1.235751,0.202113,11810,00-0039819
Tylan Grable,LT,Bills,True,2024,4.0,4.189912,1.047478,0.169912,0.004,4.941274,1.235319,0.200382,11812,00-0039882
Nathan Thomas,LT,HOU/DAL,True,2024,4.0,4.125972,1.031493,0.105972,0.004,4.865868,1.216467,0.124976,11841,00-0039422
Ben Bartch,LT,Lions,True,2026,1.0,1.215,1.215,0.3303,0.004,1.215,1.215,0.3303,8856,00-0036272
Myles Hinton,LT,PHI/CIN,True,2025,4.0,4.433264,1.108316,0.233264,0.004,4.78259,1.195647,0.251644,12551,00-0040015
Marcus Bryant,LT,Patriots,True,2025,4.0,4.348328,1.087082,0.148328,0.004,4.690961,1.17274,0.160016,12580,00-0040226
Mason Richman,LT,Seahawks,True,2025,4.0,4.325924,1.081481,0.125924,0.004,4.666792,1.166698,0.135846,12594,00-0040652
Luke Tenuta,LT,Colts,True,2026,1.0,1.155,1.155,0.3,0.004,1.155,1.155,0.3,10254,00-0037305
Jalen Sundell,LT,Seahawks,True,2024,3.0,2.83,0.943333,0.0,0.004,3.337494,1.112498,0.0,12317,00-0039926
Dylan Cook,LT,Steelers,True,2025,2.0,2.035,1.0175,0.0,0.004,2.195351,1.097676,0.0,10515,00-0037480
Austen Pleasants,LT,49ers,True,2026,1.0,1.075,1.075,0.0,0.004,1.075,1.075,0.0,9052,00-0035829
Diego Pounds,LT,BAL/KC,True,2026,3.0,3.125,1.041667,0.04,0.003,3.125,1.041667,0.04,13455,00-0040987
Isaiah World,LT,Chargers,True,2026,3.0,3.119,1.039667,0.534,0.003,3.119,1.039667,0.534,13596,00-0041387
Javon Foster,LT,Bengals,True,2026,1.0,1.005,1.005,0.0,0.003,1.005,1.005,0.0,11722,00-0039742
Luke Haggard,LT,Buccaneers,True,2025,2.0,1.845,0.9225,0.0,0.003,1.99038,0.99519,0.0,11420,00-0038818
Branson Taylor,LT,Chargers,True,2026,1.0,0.885,0.885,0.0,0.003,0.885,0.885,0.0,12559,00-0040212
Blake Freeland,LT,Bengals,True,2026,1.0,0.4113,0.4113,0.0,0.001,0.4113,0.4113,0.0,10930,00-0039158
Wanya Morris,LT,Cowboys,True,2026,1.0,0.3303,0.3303,0.0,0.001,0.3303,0.3303,0.0,10916,00-0038981
Geron Christian,LT,Jaguars,True,2026,1.0,0.3303,0.3303,0.0,0.001,0.3303,0.3303,0.0,6959,00-0034817
Dalton Cooper,LT,Packers,True,2026,1.0,0.2475,0.2475,0.0,0.001,0.2475,0.2475,0.0,12928,00-0040083
Jedrick Wills,LT,Bills,True,2026,1.0,0.2475,0.2475,0.0,0.001,0.2475,0.2475,0.0,8750,00-0036267
Niklas Henning,LT,Raiders,True,2026,1.0,0.2475,0.2475,0.0,0.001,0.2475,0.2475,0.0,13634,00-0041014
Kiran Amegadjie,LT,Eagles,True,2026,1.0,0.2475,0.2475,0.0,0.001,0.2475,0.2475,0.0,11683,00-0039822
Laekin Vakalahi,LT,Chargers,True,2026,1.0,0.2475,0.2475,0.0,0.001,0.2475,0.2475,0.0,12265,00-0039932
James Neal III,LT,Texans,True,2026,1.0,0.2475,0.2475,0.0,0.001,0.2475,0.2475,0.0,13509,00-0041306
Foster Sarell,LT,49ers,True,2026,1.0,0.2475,0.2475,0.0,0.001,0.2475,0.2475,0.0,9757,00-0036584
Esa Pole,LT,Commanders,True,2026,1.0,0.2475,0.2475,0.0,0.001,0.2475,0.2475,0.0,12824,00-0040092
Nolan Rucci,LT,Colts,True,2026,1.0,0.2475,0.2475,0.0,0.001,0.2475,0.2475,0.0,13518,00-0041232
Jarrod Gray,LT,Giants,True,2026,1.0,0.2475,0.2475,0.0,0.001,0.2475,0.2475,0.0,13841,00-0041578
Doug Nester,LT,Steelers,True,2026,1.0,0.2475,0.2475,0.0,0.001,0.2475,0.2475,0.0,11975,00-0039716
Devin Cochran,LT,Lions,True,2026,1.0,0.2475,0.2475,0.0,0.001,0.2475,0.2475,0.0,10412,00-0037414
Gavin Ortega,LT,Broncos,True,2026,1.0,0.2475,0.2475,0.0,0.001,0.2475,0.2475,0.0,13559,00-0041297
Julian Good-Jones,LT,Commanders,True,2026,1.0,0.2475,0.2475,0.0,0.001,0.2475,0.2475,0.0,9125,00-0035997
Jack Nelson,LT,Vikings,True,2026,1.0,0.2475,0.2475,0.0,0.001,0.2475,0.2475,0.0,12578,00-0040224
Isaac Alarcon,LT,49ers,True,2026,1.0,0.2475,0.2475,0.0,0.001,0.2475,0.2475,0.0,9426,00-0036448
Marcellus Johnson,LT,Cowboys,True,2026,1.0,0.2475,0.2475,0.0,0.001,0.2475,0.2475,0.0,12113,00-0039507
Gerad Christian-Lichtenhan,LT,Ravens,True,2026,1.0,0.2475,0.2475,0.0,0.001,0.2475,0.2475,0.0,12660,00-0040098
Riley Mahlman,LT,Falcons,True,2026,1.0,0.2475,0.2475,0.0,0.001,0.2475,0.2475,0.0,13726,00-0041192
Ryan Schernecke,LT,Giants,True,2026,1.0,0.2475,0.2475,0.0,0.001,0.2475,0.2475,0.0,13639,00-0041144
Brant Banks,LT,Jets,True,2026,1.0,0.2475,0.2475,0.0,0.001,0.2475,0.2475,0.0,13001,00-0040034
Valentin Senn,LT,Cardinals,True,2026,1.0,0.2475,0.2475,0.0,0.001,0.2475,0.2475,0.0,12853,
Easton Kilty,LT,Saints,True,2026,1.0,0.2475,0.2475,0.0,0.001,0.2475,0.2475,0.0,12982,00-0040539
Rasheed Miller,LT,Titans,True,2026,1.0,0.2475,0.2475,0.0,0.001,0.2475,0.2475,0.0,13554,00-0040918
Quenton Nelson,LG,Colts,True,2022,4.0,80.0,20.0,41.0,0.096,115.73487,28.933718,59.314121,6891,00-0034342
Tyler Smith,LG,Cowboys,True,2025,4.0,96.0,24.0,41.661189,0.086,103.56447,25.891117,44.943947,10069,00-0037243
Peter Skoronski,LG,Titans,True,2026,4.0,100.0,25.0,40.712274,0.083,100.0,25.0,40.712274,10835,00-0039034
Landon Dickerson,LG,Eagles,True,2024,4.0,84.0,21.0,28.89,0.08199999999999999,99.06343,24.765857,34.070744,9501,00-0037002
Luke Goedeke,LG,Buccaneers,True,2025,4.0,90.0,22.5,27.406,0.081,97.091691,24.272923,29.565499,10102,00-0037835
Matthew Bergeron,LG,Falcons,True,2026,4.0,94.0,23.5,28.924,0.078,94.0,23.5,28.924,10862,00-0039048
Aaron Banks,LG,Packers,True,2025,4.0,77.0,19.25,27.0,0.069,83.067335,20.766834,29.127507,9512,00-0036551
Joe Thuney,LG,Bears,True,2025,2.0,35.0,17.5,33.5,0.063,37.75788,18.87894,36.139685,4791,00-0032391
Zion Johnson,LG,Browns,True,2026,3.0,49.5,16.5,32.39,0.055,49.5,16.5,32.39,10062,00-0037818
Damien Lewis,LG,Panthers,True,2024,4.0,53.0,13.25,26.215,0.052000000000000005,62.504307,15.626077,30.916045,8809,00-0036417
David Edwards,LG,Saints,True,2026,4.0,61.0,15.25,30.0,0.051,61.0,15.25,30.0,7960,00-0035668
Elgton Jenkins,LG,Browns,True,2026,2.0,24.0,12.0,15.0,0.04,24.0,12.0,15.0,7835,00-0035526
"Jon Runyan, Jr.",LG,Giants,True,2026,2.0,22.0,11.0,19.25,0.037000000000000005,22.0,11.0,19.25,8932,00-0036246
Isaac Seumalo,LG,Cardinals,True,2026,3.0,31.5,10.5,15.0,0.035,31.5,10.5,15.0,4792,00-0032954
John Simpson,LG,Ravens,True,2026,3.0,30.0,10.0,17.5,0.033,30.0,10.0,17.5,8849,00-0036369
Ezra Cleveland,LG,Jaguars,True,2024,3.0,24.0,8.0,14.25,0.031,28.303837,9.434612,16.805403,8798,00-0036327
Wyatt Teller,LG,Texans,True,2026,2.0,16.0,8.0,8.5,0.027000000000000003,16.0,8.0,8.5,7051,00-0034399
Dylan Parham,LG,Jets,True,2026,2.0,16.0,8.0,7.49,0.027000000000000003,16.0,8.0,7.49,10135,00-0037255
Ben Bredeson,LG,Buccaneers,True,2025,3.0,22.0,7.333333,12.5,0.026000000000000002,23.733524,7.911174,13.484957,8883,00-0036132
Kadyn Proctor,LG,Dolphins,True,2026,4.0,26.120116,6.530029,26.120116,0.022000000000000002,26.120116,6.530029,26.120116,13156,00-0041521
Cole Strange,LG,Chargers,True,2026,2.0,13.0,6.5,7.0,0.022000000000000002,13.0,6.5,7.0,10074,00-0038103
Tyler Booker,LG,Cowboys,True,2025,4.0,22.553718,5.63843,22.553718,0.02,24.330873,6.082719,24.330873,12372,00-0040007
Olaivavega Ioane,LG,Ravens,True,2026,4.0,24.23223,6.058058,24.23223,0.02,24.23223,6.058058,24.23223,13158,00-0040866
Ben Powers,LG,Broncos,True,2026,1.0,6.0,6.0,5.0,0.02,6.0,6.0,5.0,7914,00-0034978
Troy Fautanu,LG,Steelers,True,2024,4.0,15.055296,3.763824,15.055296,0.015,17.75511,4.438778,17.75511,11628,00-0039871
Nick Allegretti,LG,Commanders,True,2026,2.0,7.585,3.7925,3.925,0.013000000000000001,7.585,3.7925,3.925,8007,00-0035149
Dalton Risner,LG,Bengals,True,2026,1.0,3.25,3.25,1.0,0.011000000000000001,3.25,3.25,1.0,7832,00-0035702
Elijah Wilkinson,LG,Cardinals,True,2026,2.0,6.25,3.125,3.08,0.01,6.25,3.125,3.08,6434,00-0033676
Steve Avila,LG,Rams,True,2023,4.0,9.252708,2.313177,7.442147,0.01,12.397312,3.099328,9.971418,10860,00-0039058
Chris Paul,LG,Commanders,True,2026,1.0,3.0,3.0,2.475,0.01,3.0,3.0,2.475,10275,00-0037092
Brady Christensen,LG,Panthers,True,2026,1.0,2.765,2.765,0.0,0.009000000000000001,2.765,2.765,0.0,9534,00-0036968
Atonio Mafi,LG,Titans,True,2025,1.0,2.175,2.175,0.0,0.008,2.346383,2.346383,0.0,10968,00-0038586
Max Mitchell,LG,Jets,True,2026,1.0,2.0,2.0,1.0,0.006999999999999999,2.0,2.0,1.0,10156,00-0038114
Kingsley Suamataia,LG,Chiefs,True,2024,4.0,6.421506,1.605377,3.372071,0.006,7.573052,1.893264,3.976773,11671,00-0039844
Jarrett Patterson,LG,49ers,True,2026,1.0,1.795,1.795,1.545,0.006,1.795,1.795,1.545,11025,00-0038615
Isaiah Adams,LG,Cardinals,True,2024,4.0,5.974778,1.493695,1.165292,0.006,7.046214,1.761554,1.37426,11679,00-0039808
Dylan Fairchild,LG,Bengals,True,2025,4.0,6.42118,1.605295,1.309948,0.006,6.927147,1.731787,1.413167,12441,00-0040140
Andrew Vorhees,LG,Ravens,True,2026,1.0,1.7,1.7,1.7,0.006,1.7,1.7,1.7,11053,00-0038383
Zak Zinter,LG,Browns,True,2024,4.0,5.73474,1.433685,0.99072,0.006,6.763131,1.690783,1.168382,11693,00-0039350
Gennings Dunker,LG,Steelers,True,2026,4.0,6.726342,1.681586,1.351884,0.006,6.726342,1.681586,1.351884,13240,00-0041396
Nick Saldiveri,LG,Saints,True,2023,4.0,4.74528,1.18632,0.84228,0.005,6.358,1.5895,1.128535,10927,00-0038566
Jon Gaines,LG,Cardinals,True,2023,4.0,4.57224,1.14306,0.73224,0.005,6.126151,1.531538,0.981097,10946,00-0038571
Aaron Stinnie,LG,Giants,True,2026,1.0,1.4875,1.4875,0.0625,0.005,1.4875,1.4875,0.0625,7203,00-0034668
Dan Feeney,LG,Buccaneers,True,2026,1.0,1.4875,1.4875,1.0,0.005,1.4875,1.4875,1.0,5657,00-0033910
Mason McCormick,LG,Steelers,True,2024,4.0,4.784896,1.196224,0.764896,0.005,5.642955,1.410739,0.902062,11727,00-0039358
Asim Richards,LG,DAL/NO,True,2023,4.0,4.08498,1.021245,0.24498,0.005,5.473292,1.368323,0.328238,10993,00-0038601
Mike Caliendo,LG,Chiefs,True,2026,1.0,1.35,1.35,0.65,0.004,1.35,1.35,0.65,10688,00-0037207
Jordan McFadden,LG,Bears,True,2026,1.0,1.3,1.3,0.025,0.004,1.3,1.3,0.025,10980,00-0038595
Joshua Ezeudu,LG,Chiefs,True,2026,1.0,1.3,1.3,0.4103,0.004,1.3,1.3,0.4103,10112,00-0037807
Trevor Keegan,LG,DAL/MIN/PHI,True,2024,4.0,4.274276,1.068569,0.254276,0.004,5.040767,1.260192,0.299874,11780,00-0039310
Jackson Slater,LG,Titans,True,2025,4.0,4.560612,1.140153,0.360612,0.004,4.919973,1.229993,0.389027,12527,00-0040190
Beau Stephens,LG,Seahawks,True,2026,4.0,4.902372,1.225593,0.522372,0.004,4.902372,1.225593,0.522372,13292,00-0040882
Billy Schrauth,LG,Buccaneers,True,2026,4.0,4.870204,1.217551,0.490204,0.004,4.870204,1.217551,0.490204,13304,00-0041082
Nick Zakelj,LG,49ers,True,2026,1.0,1.215,1.215,0.0,0.004,1.215,1.215,0.0,10232,00-0037831
Nick Leverett,LG,Cowboys,True,2026,1.0,1.215,1.215,0.0,0.004,1.215,1.215,0.0,9267,00-0036105
Luke Newman,LG,Bears,True,2025,4.0,4.43006,1.107515,0.23006,0.004,4.779133,1.194783,0.248188,12555,00-0040210
Hayden Conner,LG,Cardinals,True,2025,4.0,4.37428,1.09357,0.17428,0.004,4.718958,1.17974,0.188013,12571,00-0040219
Logan Taylor,LG,Chargers,True,2026,4.0,4.650768,1.162692,0.0,0.004,4.650768,1.162692,0.0,13346,00-0041105
John Williams,LG,Packers,True,2025,4.0,4.301672,1.075418,0.101672,0.004,4.640629,1.160157,0.109683,12610,00-0040023
Micah Morris,LG,Eagles,True,2026,4.0,4.635764,1.158941,0.255764,0.004,4.635764,1.158941,0.255764,13351,00-0040897
Ethan Onianwa,LG,Falcons,True,2026,4.0,4.535928,1.133982,0.155928,0.004,4.535928,1.133982,0.155928,13375,00-0041121
Jarrett Kingston,LG,MIA/HOU,True,2026,1.0,1.1,1.1,0.015,0.004,1.1,1.1,0.015,11823,00-0039832
Tanoa Togiai,LG,Commanders,True,2026,3.0,3.115,1.038333,0.14,0.003,3.115,1.038333,0.14,13670,00-0041183
Kahlil Benson,LG,Chiefs,True,2026,3.0,3.1,1.033333,0.0,0.003,3.1,1.033333,0.0,13595,00-0041019
Garrett DiGiorgio,LG,Jaguars,True,2026,3.0,3.1,1.033333,0.2475,0.003,3.1,1.033333,0.2475,13532,00-0041208
William Sherman,LG,Saints,True,2025,2.0,1.845,0.9225,0.0,0.003,1.99038,0.99519,0.0,9661,00-0036535
Elijah Klein,LG,Lions,True,2026,1.0,0.3303,0.3303,0.0,0.001,0.3303,0.3303,0.0,11828,00-0039411
Laken Tomlinson,LG,Cowboys,True,2026,1.0,0.3303,0.3303,0.0,0.001,0.3303,0.3303,0.0,3876,00-0032234
Steven Jones,LG,Steelers,True,2026,1.0,0.2475,0.2475,0.0,0.001,0.2475,0.2475,0.0,12192,00-0039555
Nick Broeker,LG,Bills,True,2026,1.0,0.2475,0.2475,0.0,0.001,0.2475,0.2475,0.0,11054,00-0038633
Kam Dewberry,LG,Falcons,True,2026,1.0,0.2475,0.2475,0.0,0.001,0.2475,0.2475,0.0,13729,00-0041276
Jacob Rizy,LG,Patriots,True,2026,1.0,0.2475,0.2475,0.0,0.001,0.2475,0.2475,0.0,13427,00-0041325
Gottlieb Ayedze,LG,Dolphins,True,2026,1.0,0.2475,0.2475,0.0,0.001,0.2475,0.2475,0.0,12001,00-0039262
Josh Sills,LG,Colts,True,2026,1.0,0.2475,0.2475,0.0,0.001,0.2475,0.2475,0.0,10553,00-0037138
Kyle Hergel,LG,Bears,True,2026,1.0,0.2475,0.2475,0.0,0.001,0.2475,0.2475,0.0,12095,00-0039624
Dillon Wade,LG,Packers,True,2026,1.0,0.2475,0.2475,0.0,0.001,0.2475,0.2475,0.0,13700,00-0040949
Josh Gesky,LG,Packers,True,2026,1.0,0.2475,0.2475,0.0,0.001,0.2475,0.2475,0.0,13699,00-0040943
K.T. Leveston,LG,Browns,True,2026,1.0,0.2475,0.2475,0.0,0.001,0.2475,0.2475,0.0,11862,00-0039755
Henry Lutovsky,LG,Buccaneers,True,2026,1.0,0.2475,0.2475,0.0,0.001,0.2475,0.2475,0.0,13768,00-0041255
Josh Thompson,LG,Falcons,True,2026,1.0,0.2475,0.2475,0.0,0.001,0.2475,0.2475,0.0,13591,00-0040965
Tyler Linderbaum,C,Raiders,True,2026,3.0,81.0,27.0,60.0,0.09,81.0,27.0,60.0,10070,00-0037825
Creed Humphrey,C,Chiefs,True,2024,4.0,72.0,18.0,35.0,0.07,84.911511,21.227878,41.276429,9527,00-0036623
Cam Jurgens,C,Eagles,True,2025,4.0,68.0,17.0,23.346,0.061,73.358166,18.339542,25.185585,10096,00-0038112
Aaron Brewer,C,Dolphins,True,2026,3.0,52.5,17.5,21.325,0.057999999999999996,52.5,17.5,21.325,9293,00-0036171
Erik McCoy,C,Saints,True,2022,5.0,60.0,12.0,20.09,0.057999999999999996,86.801153,17.360231,29.063919,7839,00-0035242
Connor McGovern,C,Bills,True,2026,4.0,52.4,13.1,26.2,0.043,52.4,13.1,26.2,7881,00-0035679
Luke Wattenberg,C,Broncos,True,2025,4.0,48.0,12.0,13.366667,0.043,51.782235,12.945559,14.419914,10216,00-0037278
Sean Rhyan,C,Packers,True,2026,3.0,33.0,11.0,11.0,0.037000000000000005,33.0,11.0,11.0,10137,00-0037076
Tyler Biadasz,C,Chargers,True,2026,3.0,30.0,10.0,15.0,0.033,30.0,10.0,15.0,8886,00-0036376
Cade Mays,C,Lions,True,2026,3.0,25.0,8.333333,14.0,0.027999999999999997,25.0,8.333333,14.0,10244,00-0037297
Robert Hainsey,C,Jaguars,True,2025,3.0,21.0,7.0,10.0,0.025,22.654728,7.551576,10.787966,9559,00-0036985
Josh Myers,C,Jets,True,2025,2.0,11.0,5.5,5.2,0.02,11.866762,5.933381,5.609742,9526,00-0036622
Jake Brendel,C,49ers,True,2023,4.0,16.5,4.125,5.0,0.018000000000000002,22.107651,5.526913,6.699288,5134,00-0032701
Ted Karras,C,Bengals,True,2025,1.0,5.0,5.0,1.0,0.018000000000000002,5.393983,5.393983,1.078797,4934,00-0032445
Ryan Neuzil,C,Falcons,True,2025,2.0,9.5,4.75,6.25,0.017,10.248567,5.124284,6.742479,9926,00-0036833
Keylan Rutledge,C,Texans,True,2026,4.0,19.276448,4.819112,19.276448,0.016,19.276448,4.819112,19.276448,13170,00-0041532
Garrett Bradbury,C,Bears,True,2026,1.0,4.7,4.7,3.7,0.016,4.7,4.7,3.7,7809,00-0035588
Graham Barton,C,Buccaneers,True,2024,4.0,14.027456,3.506864,14.027456,0.013999999999999999,16.542951,4.135738,16.542951,11634,00-0039905
Austin Schlottmann,C,Titans,True,2026,2.0,7.0,3.5,2.99,0.012,7.0,3.5,2.99,7146,00-0034112
Ethan Pocic,C,Ravens,True,2026,1.0,3.25,3.25,3.0,0.011000000000000001,3.25,3.25,3.0,5644,00-0033901
Luke Fortner,C,Panthers,True,2026,1.0,2.75,2.75,1.325,0.009000000000000001,2.75,2.75,1.325,10110,00-0037814
Danny Pinter,C,Ravens,True,2026,1.0,2.75,2.75,1.5,0.009000000000000001,2.75,2.75,1.5,8889,00-0036215
Zach Frazier,C,Steelers,True,2024,4.0,7.544214,1.886054,5.039272,0.006999999999999999,8.897092,2.224274,5.942947,11659,00-0039896
John Michael Schmitz,C,Giants,True,2023,4.0,6.373334,1.593334,3.424849,0.006999999999999999,8.53936,2.134841,4.58881,10881,00-0039019
Logan Jones,C,Bears,True,2026,4.0,8.468178,2.117045,6.596706,0.006999999999999999,8.468178,2.117045,6.596706,13201,00-0041539
Juice Scruggs,C,DET/HOU,True,2023,4.0,6.099108,1.524777,3.212948,0.006999999999999999,8.171937,2.042984,4.304893,10886,00-0038936
Jordan Meredith,C,Jets,True,2026,1.0,2.0,2.0,1.9,0.006999999999999999,2.0,2.0,1.9,9962,00-0036604
Jake Slaughter,C,Chargers,True,2026,4.0,7.925412,1.981353,5.614493,0.006999999999999999,7.925412,1.981353,5.614493,13207,00-0041392
Ben Brown,C,Patriots,True,2026,2.0,3.84,1.92,0.0,0.006,3.84,1.92,0.0,10505,00-0037413
Cooper Beebe,C,Cowboys,True,2024,4.0,5.939718,1.48493,1.139796,0.006,7.004867,1.751217,1.344192,11681,00-0039348
Trey Zuhn III,C,Raiders,True,2026,4.0,6.827032,1.706758,1.425112,0.006,6.827032,1.706758,1.425112,13235,00-0040871
Jared Wilson,C,Patriots,True,2025,4.0,6.207432,1.551858,1.154496,0.006,6.696556,1.674139,1.245466,12455,00-0040147
Jake Andrews,C,HOU/NE,True,2023,4.0,4.648344,1.162086,0.808344,0.005,6.228119,1.55703,1.083066,10931,00-0039030
Austin Corbett,C,Bills,True,2026,1.0,1.4875,1.4875,1.2625,0.005,1.4875,1.4875,1.2625,6918,00-0034261
Corey Levin,C,Falcons,True,2026,1.0,1.485,1.485,0.0,0.005,1.485,1.485,0.0,5803,00-0033793
Tanor Bortolini,C,Colts,True,2024,4.0,4.799872,1.199968,0.779872,0.005,5.660616,1.415154,0.919724,11725,00-0039744
Matt Hennessy,C,Cowboys,True,2026,1.0,1.4025,1.4025,1.2625,0.005,1.4025,1.4025,1.2625,8818,00-0036295
Lloyd Cushenberry,C,Bills,True,2026,1.0,1.4025,1.4025,1.2625,0.005,1.4025,1.4025,1.2625,8823,00-0036391
Olusegun Oluwatimi,C,Seahawks,True,2023,4.0,4.15646,1.039115,0.31646,0.005,5.569065,1.392266,0.424011,10978,00-0038593
Connor Lew,C,Bengals,True,2026,4.0,5.444356,1.361089,1.064356,0.005,5.444356,1.361089,1.064356,13272,00-0041062
Ryan McCollum,C,Steelers,True,2026,1.0,1.3325,1.3325,0.075,0.004,1.3325,1.3325,0.075,9779,00-0036783
Alex Forsyth,C,Broncos,True,2023,4.0,3.917784,0.979446,0.077784,0.004,5.249273,1.312318,0.104219,11081,00-0038649
Sedrick Van Pran-Granger,C,IND/BUF,True,2024,4.0,4.375252,1.093813,0.355252,0.004,5.159851,1.289963,0.418958,11749,00-0039876
Hunter Nourzad,C,Chiefs,True,2024,4.0,4.339516,1.084879,0.319516,0.004,5.117706,1.279427,0.376814,11767,00-0039827
Jacob Monk,C,Packers,True,2024,4.0,4.321616,1.080404,0.301616,0.004,5.096596,1.274149,0.355704,11771,00-0039817
Sam Hecht,C,Panthers,True,2026,4.0,4.934016,1.233504,0.554016,0.004,4.934016,1.233504,0.554016,13288,00-0041071
Drew Kendall,C,Eagles,True,2025,4.0,4.555076,1.138769,0.355076,0.004,4.914,1.2285,0.383055,12528,00-0040587
Parker Brailsford,C,Browns,True,2026,4.0,4.910176,1.227544,0.530176,0.004,4.910176,1.227544,0.530176,13290,00-0041073
Beaux Limmer,C,Rams,True,2024,4.0,4.158388,1.039597,0.138388,0.004,4.904097,1.226024,0.163205,11825,00-0039753
Jager Burton,C,Packers,True,2026,4.0,4.884,1.221,0.504,0.004,4.884,1.221,0.504,13297,00-0040884
Michael Jurgens,C,Vikings,True,2024,4.0,4.12874,1.032185,0.10874,0.004,4.869133,1.217283,0.12824,11838,00-0039419
Michael Deiter,C,Broncos,True,2026,1.0,1.215,1.215,0.0,0.004,1.215,1.215,0.0,7869,00-0035686
Sam Mustipher,C,Jaguars,True,2026,1.0,1.215,1.215,0.0,0.004,1.215,1.215,0.0,8125,00-0035062
Jovaughn Gwyn,C,Ravens,True,2026,1.0,1.195,1.195,0.0,0.004,1.195,1.195,0.0,11049,00-0038629
Jonah Monheim,C,Jaguars,True,2025,4.0,4.344308,1.086077,0.144308,0.004,4.686625,1.171656,0.155679,12581,00-0040227
Brian Parker II,C,Bengals,True,2026,4.0,4.67782,1.169455,0.29782,0.004,4.67782,1.169455,0.29782,13333,00-0041098
Pat Coogan,C,Titans,True,2026,4.0,4.65878,1.164695,0.27878,0.004,4.65878,1.164695,0.27878,13338,00-0040893
Matt Gulbin,C,Commanders,True,2026,4.0,4.633576,1.158394,0.253576,0.004,4.633576,1.158394,0.253576,13353,00-0041108
Andrew Meyer,C,Dolphins,True,2024,3.0,2.845,0.948333,0.09,0.004,3.355184,1.118394,0.106139,11880,00-0039485
Nick Samac,C,CAR/MIN,True,2025,2.0,2.035,1.0175,0.0,0.004,2.195351,1.097676,0.0,11836,00-0039237
Justin Dedich,C,Rams,True,2026,1.0,1.075,1.075,0.0,0.004,1.075,1.075,0.0,12078,00-0039784
Dylan McMahon,C,Rams,True,2026,2.0,2.125,1.0625,0.0,0.004,2.125,1.0625,0.0,11798,00-0039830
Jacob Spomer,C,Chargers,True,2026,3.0,3.11,1.036667,0.01,0.003,3.11,1.036667,0.01,13612,00-0041383
Corey Bullock,C,BAL/CAR,True,2026,1.0,1.005,1.005,0.0,0.003,1.005,1.005,0.0,11941,00-0039242
Bryan Hudson,C,Giants,True,2025,2.0,1.845,0.9225,0.0,0.003,1.99038,0.99519,0.0,12254,00-0039446
Jacob Bayer,C,Bengals,True,2026,1.0,0.885,0.885,0.0,0.003,0.885,0.885,0.0,13028,00-0040359
Matt Pryor,C,Cardinals,True,2026,1.0,0.3303,0.3303,0.0,0.001,0.3303,0.3303,0.0,7091,00-0034417
Eli Cox,C,Jaguars,True,2026,1.0,0.2475,0.2475,0.0,0.001,0.2475,0.2475,0.0,12674,00-0040410
Ben Scott,C,Buccaneers,True,2026,1.0,0.2475,0.2475,0.0,0.001,0.2475,0.2475,0.0,13068,00-0040427
James Brockermeyer,C,Falcons,True,2026,1.0,0.2475,0.2475,0.0,0.001,0.2475,0.2475,0.0,13727,00-0041186
Kingsley Eguakun,C,Giants,True,2026,1.0,0.2475,0.2475,0.0,0.001,0.2475,0.2475,0.0,12093,00-0039442
Josh Kaltenberger,C,Chargers,True,2026,1.0,0.2475,0.2475,0.0,0.001,0.2475,0.2475,0.0,12764,00-0040467
Austin Blaske,C,Rams,True,2026,1.0,0.2475,0.2475,0.0,0.001,0.2475,0.2475,0.0,13796,00-0041425
Pete Nygra,C,Chiefs,True,2026,1.0,0.2475,0.2475,0.0,0.001,0.2475,0.2475,0.0,13583,00-0040958
Geno VanDeMark,C,Giants,True,2026,1.0,0.2475,0.2475,0.0,0.001,0.2475,0.2475,0.0,13522,00-0041234
Will Putnam,C,Raiders,True,2026,1.0,0.2475,0.2475,0.0,0.001,0.2475,0.2475,0.0,12230,00-0039544
Gavin Gerhardt,C,Texans,True,2026,1.0,0.2475,0.2475,0.0,0.001,0.2475,0.2475,0.0,13379,00-0041124
Seth McLaughlin,C,Lions,True,2026,1.0,0.2475,0.2475,0.0,0.001,0.2475,0.2475,0.0,12796,00-0040374
Jake Majors,C,Eagles,True,2026,1.0,0.2475,0.2475,0.0,0.001,0.2475,0.2475,0.0,12787,00-0040422
Drake Nugent,C,49ers,True,2026,1.0,0.2475,0.2475,0.0,0.001,0.2475,0.2475,0.0,11976,00-0039700
Federico Maranges,C,Seahawks,True,2026,1.0,0.2475,0.2475,0.0,0.001,0.2475,0.2475,0.0,12944,
Chris Lindstrom,RG,Falcons,True,2023,5.0,102.5,20.5,48.202,0.091,137.335409,27.467082,64.583819,7805,00-0035630
Trey Smith,RG,Chiefs,True,2025,4.0,94.0,23.5,46.75,0.084,101.406877,25.351719,50.433739,9690,00-0036660
Robert Hunt,RG,Panthers,True,2024,5.0,100.0,20.0,44.0,0.078,117.932655,23.586531,51.890368,8779,00-0036325
Samuel Cosmi,RG,Commanders,True,2024,4.0,74.0,18.5,26.616,0.07200000000000001,87.270164,21.817541,31.388955,9515,00-0036618
Quinn Meinerz,RG,Broncos,True,2024,4.0,72.0,18.0,24.0,0.07,84.911511,21.227878,28.303837,9562,00-0037001
O'Cyrus Torrence,RG,Bills,True,2026,4.0,76.4,19.1,25.755,0.063,76.4,19.1,25.755,10883,00-0038548
Will Fries,RG,Vikings,True,2025,5.0,87.72,17.544,34.0,0.063,94.632034,18.926407,36.679083,9712,00-0036483
Kevin Dotson,RG,Rams,True,2024,3.0,48.0,16.0,24.0,0.063,56.607674,18.869225,28.303837,8875,00-0036339
Jonah Jackson,RG,Bears,True,2025,3.0,44.5,14.833333,24.5,0.053,48.006447,16.002149,26.430516,8815,00-0036258
Joe Tippmann,RG,Jets,True,2026,4.0,62.0,15.5,21.424,0.051,62.0,15.5,21.424,10867,00-0039145
Cesar Ruiz,RG,Saints,True,2023,4.0,44.0,11.0,18.188981,0.049,58.953737,14.738434,24.370645,8764,00-0036408
Alijah Vera-Tucker,RG,Patriots,True,2026,3.0,42.0,14.0,21.0,0.046,42.0,14.0,21.0,9478,00-0036979
Patrick Mekari,RG,Jaguars,True,2025,3.0,37.5,12.5,20.0,0.045,40.454871,13.484957,21.575931,8098,00-0035112
Ed Ingram,RG,Texans,True,2026,3.0,37.5,12.5,20.0,0.042,37.5,12.5,20.0,10104,00-0038131
Hjalte Froholdt,RG,Cardinals,True,2026,2.0,20.0,10.0,13.5,0.033,20.0,10.0,13.5,7909,00-0035258
Michael Onwenu,RG,Patriots,True,2026,1.0,10.0,10.0,8.95,0.033,10.0,10.0,8.95,8922,00-0036198
Francis Mauigoa,RG,Giants,True,2026,4.0,30.957894,7.739474,30.957894,0.026000000000000002,30.957894,7.739474,30.957894,13154,00-0041505
Coleman Shelton,RG,Rams,True,2025,2.0,12.0,6.0,9.0,0.021,12.945559,6.472779,9.709169,7632,00-0034114
T.J. Bass,RG,Cowboys,True,2026,1.0,5.767,5.767,0.0,0.019,5.767,5.767,0.0,11401,00-0038731
Teven Jenkins,RG,Browns,True,2026,1.0,4.0,4.0,3.96,0.013000000000000001,4.0,4.0,3.96,9503,00-0036953
Chase Bisontis,RG,Cardinals,True,2026,4.0,13.258732,3.314683,13.258732,0.011000000000000001,13.258732,3.314683,13.258732,13178,00-0041468
Spencer Burford,RG,Raiders,True,2026,1.0,3.255,3.255,2.745,0.011000000000000001,3.255,3.255,2.745,10179,00-0037829
Kyle Hinton,RG,Falcons,True,2025,2.0,5.75,2.875,2.575,0.01,6.20308,3.10154,2.777901,8993,00-0036354
Greg Van Roten,RG,Patriots,True,2026,1.0,3.0,3.0,1.0,0.01,3.0,3.0,1.0,1108,00-0029685
Jackson Powers-Johnson,RG,Raiders,True,2024,4.0,8.767762,2.191941,6.777157,0.009000000000000001,10.340054,2.585014,7.992481,11652,00-0039735
Evan Brown,RG,Texans,True,2026,1.0,2.5,2.5,1.0,0.008,2.5,2.5,1.0,7359,00-0034495
Brock Hoffman,RG,Steelers,True,2026,1.0,2.5,2.5,0.75,0.008,2.5,2.5,0.75,10672,00-0037336
Fred Johnson,RG,Eagles,True,2026,1.0,2.1,2.1,0.8,0.006999999999999999,2.1,2.1,0.8,8092,00-0034951
Tate Ratledge,RG,Lions,True,2025,4.0,7.65838,1.914595,5.251742,0.006999999999999999,8.261834,2.065459,5.665561,12417,
Christian Haynes,RG,Seahawks,True,2024,4.0,5.802764,1.450692,1.040192,0.006,6.843354,1.71084,1.226726,11689,00-0039839
Emmanuel Pregnon,RG,Jaguars,True,2026,4.0,6.835986,1.708997,1.431624,0.006,6.835986,1.708997,1.431624,13232,00-0041050
Dominick Puni,RG,49ers,True,2024,4.0,5.700548,1.425137,0.965852,0.006,6.722808,1.680702,1.139055,11694,00-0039351
Anthony Bradford,RG,Seahawks,True,2023,4.0,4.643988,1.160997,0.803988,0.005,6.222283,1.555571,1.077229,10932,00-0039020
Febechi Nwaiwu,RG,Texans,True,2026,4.0,5.625384,1.406346,1.245384,0.005,5.625384,1.406346,1.245384,13250,00-0041559
Kage Casey,RG,Broncos,True,2026,4.0,5.578208,1.394552,1.198208,0.005,5.578208,1.394552,1.198208,13255,00-0041498
Jalen Farmer,RG,Colts,True,2026,4.0,5.570704,1.392676,1.190704,0.005,5.570704,1.392676,1.190704,13257,00-0041517
Jeremiah Wright,RG,Saints,True,2026,4.0,5.392348,1.348087,1.012348,0.004,5.392348,1.348087,1.012348,13276,00-0041065
Luke Wypler,RG,Browns,True,2023,4.0,4.019972,1.004993,0.179972,0.004,5.38619,1.346548,0.241137,11014,00-0038609
Spencer Anderson,RG,Steelers,True,2023,4.0,3.917784,0.979446,0.077784,0.004,5.249273,1.312318,0.104219,11075,00-0038645
Kendrick Green,RG,Browns,True,2025,2.0,2.385,1.1925,0.0,0.004,2.57293,1.286465,0.0,9551,00-0036983
Fernando Carmona,RG,Titans,True,2026,4.0,4.94072,1.23518,0.56072,0.004,4.94072,1.23518,0.56072,13286,00-0040881
Christian Mahogany,RG,Lions,True,2024,4.0,4.158388,1.039597,0.138388,0.004,4.904097,1.226024,0.163205,11818,00-0039408
Miles Frazier,RG,Lions,True,2025,4.0,4.520216,1.130054,0.320216,0.004,4.876393,1.219098,0.345448,12531,00-0040193
Anez Cooper,RG,Jets,True,2026,4.0,4.67984,1.16996,0.29984,0.004,4.67984,1.16996,0.29984,13332,00-0041097
D.J. Campbell,RG,Dolphins,True,2026,4.0,4.652636,1.163159,0.272636,0.004,4.652636,1.163159,0.272636,13344,00-0041530
Connor Colby,RG,49ers,True,2025,4.0,4.301672,1.075418,0.101672,0.004,4.640629,1.160157,0.109683,12609,00-0040245
Alex Harkey,RG,Chargers,True,2026,4.0,4.639608,1.159902,0.259608,0.004,4.639608,1.159902,0.259608,13350,00-0041107
Jayden Williams,RG,Cardinals,True,2026,4.0,4.561452,1.140363,0.181452,0.004,4.561452,1.140363,0.181452,13361,00-0041113
Nick Gargiulo,RG,Broncos,True,2025,2.0,2.093,1.0465,0.058,0.004,2.257921,1.128961,0.06257,11864,00-0039438
Dalton Tucker,RG,Colts,True,2024,3.0,2.87,0.956667,0.24,0.004,3.384667,1.128223,0.283038,11948,00-0039578
Ar'Maj Reed-Adams,RG,Bills,True,2026,4.0,4.509752,1.127438,0.129752,0.004,4.509752,1.127438,0.129752,13385,00-0041128
Willie Lampkin,RG,LAR/PHI,True,2025,3.0,2.995,0.998333,0.03,0.004,3.230996,1.076998,0.032364,12775,00-0040631
Joe Huber,RG,Vikings,True,2025,3.0,2.975,0.991667,0.21,0.004,3.20942,1.069807,0.226547,12734,00-0040500
Justin Pickett,RG,Raiders,True,2026,3.0,3.12,1.04,0.17,0.003,3.12,1.04,0.17,13626,00-0041003
Chandler Zavala,RG,Panthers,True,2026,1.0,0.4113,0.4113,0.0,0.001,0.4113,0.4113,0.0,10938,00-0038536
Evan Neal,RG,Raiders,True,2026,1.0,0.4113,0.4113,0.0,0.001,0.4113,0.4113,0.0,10052,00-0037612
Xavier Newman-Johnson,RG,Jets,True,2026,1.0,0.4113,0.4113,0.0,0.001,0.4113,0.4113,0.0,10343,00-0037601
Calvin Throckmorton,RG,Broncos,True,2026,1.0,0.3303,0.3303,0.0,0.001,0.3303,0.3303,0.0,9381,00-0035764
Torricelli Simpkins III,RG,Panthers,True,2026,1.0,0.2475,0.2475,0.0,0.001,0.2475,0.2475,0.0,12857,00-0040541
Vershon Lee,RG,Cardinals,True,2026,1.0,0.2475,0.2475,0.0,0.001,0.2475,0.2475,0.0,13099,
Travis Clayton,RG,Bills,True,2026,1.0,0.2475,0.2475,0.0,0.001,0.2475,0.2475,0.0,11829,00-0039930
Henry Byrd,RG,Vikings,True,2026,1.0,0.2475,0.2475,0.0,0.001,0.2475,0.2475,0.0,11338,00-0038785
Drew Moss,RG,Titans,True,2026,1.0,0.2475,0.2475,0.0,0.001,0.2475,0.2475,0.0,12966,00-0040557
Lorenz Metz,RG,Patriots,True,2026,1.0,0.2475,0.2475,0.0,0.001,0.2475,0.2475,0.0,11250,00-0038426
Kohl Levao,RG,Jets,True,2026,1.0,0.2475,0.2475,0.0,0.001,0.2475,0.2475,0.0,12312,00-0038194
Caden Barnett,RG,Bears,True,2026,1.0,0.2475,0.2475,0.0,0.001,0.2475,0.2475,0.0,13673,00-0041164
Jake Kubas,RG,Patriots,True,2026,1.0,0.2475,0.2475,0.0,0.001,0.2475,0.2475,0.0,12029,00-0039508
Tristan Wirfs,RT,Buccaneers,True,2024,5.0,140.625,28.125,52.244,0.11,165.842796,33.168559,61.612736,8753,00-0036406
Penei Sewell,RT,Lions,True,2024,4.0,112.0,28.0,42.986236,0.11,132.084573,33.021143,50.694809,9471,00-0036880
Darnell Wright,RT,Bears,True,2026,4.0,116.0,29.0,42.181309,0.096,116.0,29.0,42.181309,10834,00-0038932
Lane Johnson,RT,Eagles,True,2025,1.0,25.0,25.0,25.0,0.09,26.969914,26.969914,26.969914,2185,00-0030561
Brian O'Neill,RT,Vikings,True,2026,4.0,96.0,24.0,43.38,0.08,96.0,24.0,43.38,6947,00-0034158
Taylor Moton,RT,Panthers,True,2025,2.0,44.0,22.0,36.8,0.079,47.467049,23.733524,39.699713,5650,00-0033284
Zach Bako-Bewele,RT,Packers,True,2025,4.0,88.0,22.0,30.2,0.079,94.934097,23.733524,32.579656,10185,00-0037817
Mike McGlinchey,RT,Broncos,True,2023,5.0,87.5,17.5,35.0,0.078,117.237544,23.447509,46.895018,6894,00-0034847
Tytus Howard,RT,Browns,True,2026,2.0,45.0,22.5,34.5,0.075,45.0,22.5,34.5,7814,00-0035234
Spencer Brown,RT,Bills,True,2024,4.0,72.0,18.0,19.855,0.07,84.911511,21.227878,23.415529,9557,00-0036976
Abraham Lucas,RT,Seahawks,True,2025,3.0,46.0,15.333333,12.79,0.055,49.624642,16.541547,13.797808,10117,00-0037812
Jermaine Eluemunor,RT,Giants,True,2026,3.0,39.0,13.0,25.45,0.043,39.0,13.0,25.45,5745,00-0033290
Terence Steele,RT,Cowboys,True,2026,3.0,33.0,11.0,10.5,0.037000000000000005,33.0,11.0,10.5,9345,00-0036036
Braden Smith,RT,Texans,True,2026,2.0,20.0,10.0,13.5,0.033,20.0,10.0,13.5,6922,00-0034836
Joe Alt,RT,Chargers,True,2024,4.0,33.160944,8.290236,33.160944,0.032,39.107582,9.776895,39.107582,11613,00-0039897
Paris Johnson Jr.,RT,Cardinals,True,2023,4.0,28.05246,7.013115,28.05246,0.031,37.586303,9.396576,37.586303,10830,00-0038540
Morgan Moses,RT,Patriots,True,2025,3.0,24.0,8.0,11.0,0.028999999999999998,25.891117,8.630372,11.866762,3005,00-0031330
Armand Membou,RT,Jets,True,2025,4.0,31.913104,7.978276,31.913104,0.028999999999999998,34.427747,8.606937,34.427747,12367,00-0040123
Austin Jackson,RT,Dolphins,True,2026,1.0,7.0,7.0,5.475,0.023,7.0,7.0,5.475,8758,00-0036248
Trent Brown,RT,Texans,True,2026,1.0,5.5,5.5,1.75,0.018000000000000002,5.5,5.5,1.75,4092,00-0032071
Blake Miller,RT,Lions,True,2026,4.0,21.872316,5.468079,21.872316,0.018000000000000002,21.872316,5.468079,21.872316,13161,00-0041439
Monroe Freeling,RT,Panthers,True,2026,4.0,20.928362,5.232091,20.928362,0.017,20.928362,5.232091,20.928362,13163,00-0041034
Max Iheanachor,RT,Steelers,True,2026,4.0,20.692386,5.173097,20.692386,0.017,20.692386,5.173097,20.692386,13165,00-0041482
Jawaan Taylor,RT,Falcons,True,2026,1.0,5.0,5.0,0.0,0.017,5.0,5.0,0.0,7826,00-0035237
Trey Pipkins,RT,Chargers,True,2026,2.0,10.0,5.0,4.575,0.017,10.0,5.0,4.575,7882,00-0035688
Larry Borom,RT,Lions,True,2026,1.0,5.0,5.0,4.9,0.017,5.0,5.0,4.9,9615,00-0036905
Caleb Lomu,RT,Patriots,True,2026,4.0,18.922478,4.73062,18.922478,0.016,18.922478,4.73062,18.922478,13172,00-0041541
Amarius Mims,RT,Bengals,True,2024,4.0,15.371558,3.84289,15.371558,0.015,18.128086,4.532022,18.128086,11626,00-0039925
Anton Harrison,RT,Jaguars,True,2023,4.0,13.198522,3.299631,13.198522,0.015,17.684141,4.421036,17.684141,10851,00-0038934
Ryan Van Demark,RT,Vikings,True,2026,1.0,4.27,4.27,4.145,0.013999999999999999,4.27,4.27,4.145,10640,00-0037404
Jordan Morgan,RT,Packers,True,2024,4.0,14.185596,3.546399,14.185596,0.013999999999999999,16.72945,4.182362,16.72945,11633,00-0039904
Dillon Radunz,RT,Saints,True,2026,2.0,7.0,3.5,4.2,0.012,7.0,3.5,4.2,9517,00-0036619
Cody Mauch,RT,Buccaneers,True,2023,4.0,7.48547,1.871368,4.61324,0.008,10.029464,2.507367,6.181085,10872,00-0039157
Alec Anderson,RT,Bills,True,2026,1.0,2.5,2.5,1.8,0.008,2.5,2.5,1.8,10637,00-0037428
Ozzy Trapilo,RT,Bears,True,2025,4.0,7.718142,1.929536,5.394005,0.006999999999999999,8.326305,2.081577,5.819034,12416,
Matt Peart,RT,Broncos,True,2026,1.0,2.0,2.0,0.755,0.006999999999999999,2.0,2.0,0.755,8839,00-0036392
Kayode Awosika,RT,Chargers,True,2026,1.0,2.0,2.0,0.3,0.006999999999999999,2.0,2.0,0.3,9861,00-0036736
Blake Fisher,RT,Texans,True,2024,4.0,6.595438,1.64886,3.562252,0.006,7.778175,1.944544,4.201058,11667,00-0039857
Tyler Steen,RT,Eagles,True,2023,4.0,5.75044,1.43761,1.182136,0.006,7.704771,1.926193,1.583894,10889,00-0039001
Roger Rosengarten,RT,Ravens,True,2024,4.0,6.437314,1.609329,3.384289,0.006,7.591695,1.897924,3.991182,11670,00-0039233
Delmar Glaze,RT,Raiders,True,2024,4.0,5.86579,1.466448,1.086028,0.006,6.917682,1.729421,1.280782,11685,00-0039349
Austin Barber,RT,Browns,True,2026,4.0,6.874124,1.718531,1.459364,0.006,6.874124,1.718531,1.459364,13230,00-0041049
Keagen Trost,RT,Rams,True,2026,4.0,6.793468,1.698367,1.400704,0.006,6.793468,1.698367,1.400704,13237,00-0041394
Emery Jones Jr.,RT,Ravens,True,2025,4.0,6.27352,1.56838,1.20256,0.006,6.767852,1.691963,1.297318,12451,00-0040068
Caleb Rogers,RT,Raiders,True,2025,4.0,6.161184,1.540296,1.12086,0.006,6.646664,1.661666,1.20918,12458,00-0040150
Storm Norton,RT,Falcons,True,2025,2.0,3.0,1.5,0.5,0.005,3.23639,1.618195,0.539398,6218,00-0033752
Dawand Jones,RT,Browns,True,2026,1.0,1.5,1.5,1.145,0.005,1.5,1.5,1.145,10935,00-0039014
David Quessenberry,RT,Rams,True,2026,1.0,1.4875,1.4875,1.2625,0.005,1.4875,1.4875,1.2625,2349,00-0030097
Chukwuma Okorafor,RT,Jets,True,2026,1.0,1.4875,1.4875,1.1,0.005,1.4875,1.4875,1.1,6977,00-0034768
Jude Bowry,RT,Bills,True,2026,4.0,5.720744,1.430186,1.275744,0.005,5.720744,1.430186,1.275744,13246,00-0041548
Jack Driscoll,RT,Steelers,True,2026,1.0,1.4025,1.4025,0.1875,0.005,1.4025,1.4025,0.1875,8885,00-0036396
Daniel Faalele,RT,NYG/JAX,True,2026,1.0,1.4025,1.4025,0.6875,0.005,1.4025,1.4025,0.6875,10155,00-0038118
Drew Shelton,RT,Cowboys,True,2026,4.0,5.575428,1.393857,1.195428,0.005,5.575428,1.393857,1.195428,13256,00-0040874
Carver Willis,RT,49ers,True,2026,4.0,5.449992,1.362498,1.066992,0.005,5.449992,1.362498,1.066992,13271,00-0041061
Marcus Mbow,RT,Giants,True,2025,4.0,4.618384,1.154596,0.418384,0.004,4.982297,1.245574,0.451351,12514,00-0040181
Mike Jerrell,RT,ATL/SEA,True,2024,4.0,4.18006,1.045015,0.16006,0.004,4.929656,1.232414,0.188763,11815,00-0039842
James Hudson,RT,Titans,True,2026,1.0,1.215,1.215,0.0,0.004,1.215,1.215,0.0,9574,00-0036866
Cameron Williams,RT,ATL/PHI,True,2025,4.0,4.451568,1.112892,0.676568,0.004,4.802336,1.200584,0.729879,12567,00-0040687
Bryce Cabeldue,RT,SEA/LV,True,2025,4.0,4.43226,1.108065,0.23226,0.004,4.781507,1.195377,0.250561,12552,00-0040650
Ajani Cornelius,RT,Cowboys,True,2025,4.0,4.413976,1.103494,0.213976,0.004,4.761782,1.190446,0.230837,12564,00-0040017
Enrique Cruz Jr.,RT,49ers,True,2026,4.0,4.759476,1.189869,0.379476,0.004,4.759476,1.189869,0.379476,13323,00-0041090
J.C. Davis,RT,Giants,True,2026,4.0,4.66892,1.16723,0.28892,0.004,4.66892,1.16723,0.28892,13336,00-0041101
Dametrious Crownover,RT,Patriots,True,2026,4.0,4.656432,1.164108,0.276432,0.004,4.656432,1.164108,0.276432,13340,00-0041103
Frank Crum,RT,Broncos,True,2024,3.0,2.855,0.951667,0.275,0.004,3.366977,1.122326,0.324315,11993,00-0039568
Ben Chukwuma,RT,Buccaneers,True,2025,3.0,3.02,1.006667,0.3,0.004,3.257966,1.085989,0.323639,12947,00-0040417
Josh Fryar,RT,Cardinals,True,2025,3.0,3.0,1.0,0.269,0.004,3.23639,1.078797,0.290196,12704,00-0040382
Matt Waletzko,RT,Chiefs,True,2026,1.0,1.075,1.075,0.0,0.004,1.075,1.075,0.0,10200,00-0037266
Sam Hagen,RT,Texans,True,2026,3.0,3.12,1.04,0.195,0.003,3.12,1.04,0.195,13507,00-0041303
Albert Reese IV,RT,Panthers,True,2026,3.0,3.12,1.04,0.145,0.003,3.12,1.04,0.145,13747,00-0041138
Mason Murphy,RT,NO/CHI,True,2026,3.0,3.12,1.04,0.2675,0.003,3.12,1.04,0.2675,13679,00-0041173
Theo Benedet,RT,Bears,True,2026,1.0,1.005,1.005,0.0,0.003,1.005,1.005,0.0,12252,00-0039459
Donovan Jennings,RT,Packers,True,2026,1.0,1.005,1.005,0.0,0.003,1.005,1.005,0.0,11973,00-0039272
Chukwuebuka Godrick,RT,KC/MIA,True,2025,2.0,1.845,0.9225,0.0,0.003,1.99038,0.99519,0.0,11326,00-0039174
Brandon Crenshaw-Dickson,RT,Titans,True,2025,2.0,1.845,0.9225,0.0,0.003,1.99038,0.99519,0.0,12675,00-0040512
Bobby Hart,RT,Seahawks,True,2026,1.0,0.4113,0.4113,0.0,0.001,0.4113,0.4113,0.0,4074,00-0031622
Jake Curhan,RT,Panthers,True,2026,1.0,0.4113,0.4113,0.0,0.001,0.4113,0.4113,0.0,9974,00-0036795
Trenton Scott,RT,Commanders,True,2026,1.0,0.4113,0.4113,0.0,0.001,0.4113,0.4113,0.0,7337,00-0034571
Chuma Edoga,RT,Ravens,True,2026,1.0,0.3303,0.3303,0.0,0.001,0.3303,0.3303,0.0,7883,00-0035698
Darian Kinnard,RT,Giants,True,2026,1.0,0.3303,0.3303,0.0,0.001,0.3303,0.3303,0.0,10190,00-0037194
Blake Hance,RT,Rams,True,2026,1.0,0.3303,0.3303,0.0,0.001,0.3303,0.3303,0.0,8397,00-0035355
Trey Washington,RT,Colts,True,2026,1.0,0.2475,0.2475,0.0,0.001,0.2475,0.2475,0.0,12884,00-0040357
Roy Mbaeteka,RT,Colts,True,2026,1.0,0.2475,0.2475,0.0,0.001,0.2475,0.2475,0.0,10044,00-0037040
Reid Holskey,RT,Colts,True,2026,1.0,0.2475,0.2475,0.0,0.001,0.2475,0.2475,0.0,12730,00-0040101
Alan Herron,RT,Saints,True,2026,1.0,0.2475,0.2475,0.0,0.001,0.2475,0.2475,0.0,13752,00-0041330
John Ojukwu,RT,Eagles,True,2026,1.0,0.2475,0.2475,0.0,0.001,0.2475,0.2475,0.0,11366,00-0038852
Chase Lundt,RT,Bills,True,2026,1.0,0.2475,0.2475,0.0,0.001,0.2475,0.2475,0.0,12566,00-0040217
Logan Brown,RT,Seahawks,True,2026,1.0,0.2475,0.2475,0.0,0.001,0.2475,0.2475,0.0,12647,00-0040495
Paul Rubelt,RT,Buccaneers,True,2026,1.0,0.2475,0.2475,0.0,0.001,0.2475,0.2475,0.0,13771,00-0041583
Demontrey Jacobs,RT,Cardinals,True,2026,1.0,0.2475,0.2475,0.0,0.001,0.2475,0.2475,0.0,11342,00-0038792
Mason Miller,RT,Lions,True,2026,1.0,0.2475,0.2475,0.0,0.001,0.2475,0.2475,0.0,12801,00-0040391
Christian Jones,RT,Bears,True,2026,1.0,0.2475,0.2475,0.0,0.001,0.2475,0.2475,0.0,11770,00-0039382
Tyler Miller,RT,Broncos,True,2026,1.0,0.2475,0.2475,0.0,0.001,0.2475,0.2475,0.0,13568,00-0041296
Kilian Zierer,RT,Jaguars,True,2026,1.0,0.2475,0.2475,0.0,0.001,0.2475,0.2475,0.0,11355,00-0038729
A.J. Arcuri,RT,Ravens,True,2026,1.0,0.2475,0.2475,0.0,0.001,0.2475,0.2475,0.0,10306,00-0037845
Max Pircher,RT,Texans,True,2026,1.0,0.2475,0.2475,0.0,0.001,0.2475,0.2475,0.0,9954,
Ethan Driskell,RT,Chiefs,True,2026,1.0,0.2475,0.2475,0.0,0.001,0.2475,0.2475,0.0,11990,00-0039317
Alex Wollschlaeger,RT,Saints,True,2026,1.0,0.2475,0.2475,0.0,0.001,0.2475,0.2475,0.0,13761,00-0041336
Jalen Carter,IDL,Eagles,True,2026,4.0,152.0,38.0,40.85057,0.126,152.0,38.0,40.85057,10833,00-0038386
Chris Jones,IDL,Chiefs,True,2024,5.0,158.75,31.75,60.0,0.124,187.218089,37.443618,70.759593,4750,00-0032762
Quinnen Williams,IDL,Cowboys,True,2026,3.0,105.9,35.3,63.35,0.11699999999999999,105.9,35.3,63.35,7794,00-0035718
Jeffery Simmons,IDL,Titans,True,2026,3.0,105.828,35.276,60.2,0.11699999999999999,105.828,35.276,60.2,7810,00-0035643
Daron Payne,IDL,Commanders,True,2023,4.0,90.0,22.5,46.01,0.1,120.587189,30.146797,61.646851,6898,00-0034333
Leonard Williams,IDL,Seahawks,True,2026,3.0,90.0,30.0,54.0,0.1,90.0,30.0,54.0,3854,00-0031933
Vita Vea,IDL,Buccaneers,True,2026,1.0,30.0,30.0,46.0,0.1,30.0,30.0,46.0,6897,00-0034773
Nnamdi Madubuike,IDL,Ravens,True,2024,4.0,98.0,24.5,53.5,0.096,115.574002,28.8935,63.09397,8811,00-0036130
Alim McNeill,IDL,Lions,True,2024,4.0,97.0,24.25,28.060667,0.095,114.394675,28.598669,33.09269,9536,00-0036624
Derrick Brown,IDL,Panthers,True,2024,4.0,96.0,24.0,41.165,0.094,113.215348,28.303837,48.546977,8747,00-0036220
Milton Williams,IDL,Patriots,True,2025,4.0,104.0,26.0,51.0,0.09300000000000001,112.194842,28.048711,55.018625,9537,00-0036916
Dexter Lawrence,IDL,Bengals,True,2026,1.0,28.0,28.0,10.0,0.09300000000000001,28.0,28.0,10.0,7808,00-0035683
Zach Allen,IDL,Broncos,True,2025,4.0,102.0,25.5,44.25,0.091,110.037249,27.509312,47.736748,7856,00-0035248
DeForest Buckner,IDL,Colts,True,2024,2.0,46.0,23.0,43.25,0.09,54.249021,27.124511,51.005873,4720,00-0032378
Jordan Davis,IDL,Eagles,True,2026,3.0,78.0,26.0,38.938,0.086,78.0,26.0,38.938,10058,00-0037073
Kenny Clark,IDL,GB/DAL,True,2024,3.0,64.0,21.333333,17.5,0.084,75.476899,25.158966,20.638215,4739,00-0033120
Christian Barmore,IDL,Patriots,True,2024,4.0,84.0,21.0,31.822128,0.08199999999999999,99.06343,24.765857,37.52868,9502,00-0036981
Zach Sieler,IDL,Dolphins,True,2025,3.0,64.0,21.333333,34.0,0.076,69.04298,23.014326,36.679083,7123,00-0034285
Ed Oliver,IDL,Bills,True,2023,4.0,68.0,17.0,24.528,0.076,91.11032,22.77758,32.864028,7800,00-0035230
Osa Odighizuwa,IDL,DAL/SF,True,2025,4.0,80.0,20.0,39.0,0.07200000000000001,86.303725,21.575931,42.073066,9539,00-0036942
Aaron Donald,IDL,Rams,True,2026,1.0,20.0,20.0,10.0,0.066,20.0,20.0,10.0,2952,00-0031388
Devonte Wyatt,IDL,Packers,True,2026,3.0,54.9,18.3,22.223,0.061,54.9,18.3,22.223,10073,00-0037075
Keeanu Benton,IDL,Steelers,True,2026,4.0,72.0,18.0,14.0,0.06,72.0,18.0,14.0,10873,00-0039110
Cameron Heyward,IDL,Steelers,True,2026,1.0,18.0,18.0,16.25,0.06,18.0,18.0,16.25,1585,00-0027969
Tershawn Wharton,IDL,Panthers,True,2025,3.0,45.05,15.016667,30.25,0.054000000000000006,48.599785,16.199929,32.633596,9070,00-0035890
Javon Kinlaw,IDL,Commanders,True,2025,3.0,45.0,15.0,30.0,0.054000000000000006,48.545845,16.181948,32.363897,8754,00-0036260
Grady Jarrett,IDL,Bears,True,2025,3.0,43.5,14.5,27.25,0.052000000000000005,46.92765,15.64255,29.397206,3985,00-0031583
Davon Hamilton,IDL,Jaguars,True,2023,3.0,34.5,11.5,20.0,0.051,46.225089,15.408363,26.797153,8813,00-0036262
Grover Stewart,IDL,Colts,True,2024,3.0,39.0,13.0,17.99,0.051,45.993735,15.331245,21.216085,5730,00-0033952
Travis Jones,IDL,Ravens,True,2025,3.0,40.5,13.5,16.756889,0.048,43.691261,14.563754,18.077274,10121,00-0037756
D.J. Jones,IDL,Broncos,True,2025,3.0,39.0,13.0,26.0,0.047,42.073066,14.024355,28.048711,5784,00-0033297
Jonathan Allen,IDL,Bengals,True,2026,2.0,25.0,12.5,10.5,0.042,25.0,12.5,10.5,5601,00-0033523
Dre'Mont Jones,IDL,Patriots,True,2026,3.0,36.5,12.166667,23.28,0.04,36.5,12.166667,23.28,7862,00-0035678
B.J. Hill,IDL,Bengals,True,2025,3.0,33.0,11.0,11.0,0.039,35.600287,11.866762,11.866762,6954,00-0034800
Javon Hargrave,IDL,Packers,True,2026,2.0,23.0,11.5,10.5,0.038,23.0,11.5,10.5,4802,00-0033109
Mason Graham,IDL,Browns,True,2025,4.0,40.874192,10.218548,40.874192,0.037000000000000005,44.094938,11.023734,44.094938,12365,00-0040685
Maliek Collins,IDL,Browns,True,2025,2.0,20.0,10.0,13.0,0.036000000000000004,21.575931,10.787966,14.024355,4780,00-0033131
David Onyemata,IDL,Jets,True,2026,1.0,10.5,10.5,9.65,0.035,10.5,10.5,9.65,4833,00-0033051
Teair Tart,IDL,Chargers,True,2026,3.0,30.0,10.0,15.0,0.033,30.0,10.0,15.0,9303,00-0036181
A'Shawn Robinson,IDL,Buccaneers,True,2026,1.0,10.0,10.0,9.15,0.033,10.0,10.0,9.15,4759,00-0032889
Poona Ford,IDL,Rams,True,2025,3.0,27.6,9.2,15.6,0.033,29.774785,9.924928,16.829226,7581,00-0034234
Malcolm Roach,IDL,Broncos,True,2025,3.0,26.3,8.766667,9.746667,0.031,28.37235,9.45745,10.514671,9379,00-0035763
Harrison Phillips,IDL,NYJ/MIN,True,2024,2.0,15.0,7.5,10.266667,0.028999999999999998,17.689898,8.844949,12.107753,6981,00-0034782
Sheldon Rankins,IDL,Texans,True,2026,2.0,17.0,8.5,12.0,0.027999999999999997,17.0,8.5,12.0,4725,00-0032759
Tim Settle,IDL,Commanders,True,2026,3.0,24.0,8.0,7.3,0.027000000000000003,24.0,8.0,7.3,7048,00-0034397
Jarran Reed,IDL,Seahawks,True,2025,3.0,22.0,7.333333,8.0,0.026000000000000002,23.733524,7.911174,8.630372,4762,00-0032387
Tedarrell Slaton,IDL,Bengals,True,2025,2.0,14.1,7.05,5.0,0.025,15.211032,7.605516,5.393983,9637,00-0036642
Bobby Brown III,IDL,Panthers,True,2025,3.0,21.0,7.0,6.8,0.025,22.654728,7.551576,7.335817,9581,00-0036903
Khyiris Tonga,IDL,Chiefs,True,2026,3.0,21.0,7.0,14.0,0.023,21.0,7.0,14.0,9714,00-0036909
Logan Hall,IDL,Texans,True,2026,2.0,13.75,6.875,9.0,0.023,13.75,6.875,9.0,10078,00-0038127
Dalvin Tomlinson,IDL,Chargers,True,2026,1.0,6.5,6.5,5.69,0.022000000000000002,6.5,6.5,5.69,5641,00-0033546
D.J. Reader,IDL,Giants,True,2026,2.0,12.5,6.25,5.25,0.021,12.5,6.25,5.25,4879,00-0032424
Davon Godchaux,IDL,Saints,True,2025,2.0,11.0,5.5,7.45,0.02,11.866762,5.933381,8.037034,5764,00-0033860
Adam Butler,IDL,Raiders,True,2025,3.0,16.5,5.5,8.0,0.02,17.800143,5.933381,8.630372,6120,00-0033381
Kenneth Grant,IDL,Dolphins,True,2025,4.0,21.956312,5.489078,21.956312,0.02,23.686394,5.921598,23.686394,12373,00-0040127
Sebastian Joseph-Day,IDL,Steelers,True,2026,2.0,11.0,5.5,4.7,0.018000000000000002,11.0,5.5,4.7,7080,00-0034810
Caleb Banks,IDL,Vikings,True,2026,4.0,21.282378,5.320595,21.282378,0.018000000000000002,21.282378,5.320595,21.282378,13162,00-0041033
Roy Lopez,IDL,Cardinals,True,2026,2.0,10.5,5.25,6.0,0.017,10.5,5.25,6.0,9659,00-0036568
Walter Nolen,IDL,Cardinals,True,2025,4.0,19.36755,4.841888,19.36755,0.017,20.893646,5.223412,20.893646,12376,00-0040706
Neville Gallimore,IDL,Bears,True,2026,2.0,10.0,5.0,5.0,0.017,10.0,5.0,5.0,8822,00-0036366
Calijah Kancey,IDL,Buccaneers,True,2023,4.0,14.493472,3.623368,14.493472,0.016,19.419189,4.854797,19.419189,10843,00-0039063
Roy Robertson-Harris,IDL,Giants,True,2025,2.0,9.0,4.5,5.3,0.016,9.709169,4.854585,5.717622,5389,00-0032667
Derrick Harmon,IDL,Steelers,True,2025,4.0,17.973604,4.493401,17.973604,0.016,19.389862,4.847466,19.389862,12381,00-0040678
Byron Murphy,IDL,Seahawks,True,2024,4.0,16.083122,4.020781,16.083122,0.016,18.967253,4.741814,18.967253,11624,00-0039309
Nathan Shepherd,IDL,Saints,True,2025,2.0,8.52,4.26,4.551,0.015,9.191347,4.595673,4.909603,6957,00-0034760
Peter Woods,IDL,Chiefs,True,2026,4.0,17.97561,4.493903,17.97561,0.015,17.97561,4.493903,17.97561,13173,00-0041545
Tyleik Williams,IDL,Lions,True,2025,4.0,16.48009,4.120023,16.48009,0.015,17.778664,4.444667,17.778664,12388,00-0040672
Bryan Bresee,IDL,Saints,True,2023,4.0,12.263552,3.065888,12.263552,0.013999999999999999,16.431414,4.107853,16.431414,10853,00-0038995
Darius Robinson,IDL,Cardinals,True,2024,4.0,13.869328,3.467332,13.869328,0.013999999999999999,16.356467,4.089117,16.356467,11635,00-0039854
Jordan Elliott,IDL,Titans,True,2026,2.0,8.0,4.0,3.24,0.013000000000000001,8.0,4.0,3.24,8828,00-0036266
Thomas Booker,IDL,Raiders,True,2026,1.0,3.674,3.674,0.0,0.012,3.674,3.674,0.0,10195,00-0037262
Solomon Thomas,IDL,Titans,True,2025,2.0,6.0,3.0,3.0,0.011000000000000001,6.472779,3.23639,3.23639,5587,00-0033870
Kayden McDonald,IDL,Texans,True,2026,4.0,12.904752,3.226188,12.904756,0.011000000000000001,12.904752,3.226188,12.904756,13180,00-0041440
Shelby Harris,IDL,Giants,True,2026,1.0,3.0,3.0,2.66,0.01,3.0,3.0,2.66,3174,00-0031270
Christen Miller,IDL,Saints,True,2026,4.0,11.795622,2.948906,11.795622,0.01,11.795622,2.948906,11.795622,13186,00-0041390
Ruke Orhorhoro,IDL,JAX/ATL,True,2024,4.0,9.916126,2.479032,8.735167,0.01,11.694351,2.923588,10.301614,11643,00-0039733
Tommy Togiai,IDL,Texans,True,2025,1.0,2.68,2.68,2.295,0.01,2.891175,2.891175,2.475838,9596,00-0036883
Jer'Zhan Newton,IDL,Commanders,True,2024,4.0,9.75799,2.439498,8.432355,0.01,11.507857,2.876965,9.9445,11644,00-0039906
T.J. Sanders,IDL,Bills,True,2025,4.0,10.645408,2.661352,10.072496,0.01,11.48423,2.871057,10.866174,12401,00-0040724
John Ridgeway,IDL,Saints,True,2026,2.0,5.715,2.8575,1.65,0.009000000000000001,5.715,2.8575,1.65,10223,00-0037283
T'Vondre Sweat,IDL,NYJ/TEN,True,2024,4.0,9.55244,2.38811,7.926795,0.009000000000000001,11.265446,2.816362,9.34828,11646,00-0039886
Alfred Collins,IDL,49ers,True,2025,4.0,10.306904,2.576726,9.071886,0.009000000000000001,11.119053,2.779763,9.786719,12403,00-0040721
Braden Fiske,IDL,Rams,True,2024,4.0,9.410122,2.352531,7.643653,0.009000000000000001,11.097607,2.774402,9.014363,11647,00-0039734
Lacale London,IDL,Falcons,True,2026,1.0,2.75,2.75,0.75,0.009000000000000001,2.75,2.75,0.75,9411,00-0036204
Otito Ogbonnia,IDL,Cowboys,True,2026,1.0,2.75,2.75,2.0,0.009000000000000001,2.75,2.75,2.0,10205,00-0037270
Lee Hunter,IDL,Panthers,True,2026,4.0,10.072894,2.518224,9.507805,0.008,10.072894,2.518224,9.507805,13193,00-0041478
Andrew Billings,IDL,Cardinals,True,2026,1.0,2.5,2.5,0.7,0.008,2.5,2.5,0.7,4835,00-0033066
Maason Smith,IDL,ATL/JAX,True,2024,4.0,8.0186,2.00465,5.703444,0.008,9.456548,2.364137,6.726223,11656,00-0039889
Kris Jenkins Jr.,IDL,Bengals,True,2024,4.0,7.860464,1.965116,5.480322,0.008,9.270054,2.317513,6.463089,11657,00-0039908
Gervon Dexter,IDL,ATL/CHI,True,2023,4.0,6.723732,1.680933,3.695612,0.006999999999999999,9.008844,2.252211,4.951594,10877,00-0039070
John Jenkins,IDL,Ravens,True,2025,1.0,2.0,2.0,0.345,0.006999999999999999,2.157593,2.157593,0.372185,2226,00-0030070
Michael Hall Jr.,IDL,Browns,True,2024,4.0,7.069828,1.767457,4.37941,0.006999999999999999,8.337636,2.084409,5.164754,11662,00-0039895
Kalia Davis,IDL,Browns,True,2026,1.0,2.0,2.0,1.745,0.006999999999999999,2.0,2.0,1.745,10265,00-0037832
Jonathan Bullard,IDL,Cowboys,True,2026,1.0,2.0,2.0,1.5,0.006999999999999999,2.0,2.0,1.5,4785,00-0033093
Broderick Washington,IDL,Ravens,True,2026,1.0,2.0,2.0,2.0,0.006999999999999999,2.0,2.0,2.0,8910,00-0036081
Shemar Turner,IDL,Bears,True,2025,4.0,7.220286,1.805072,4.423048,0.006,7.78922,1.947305,4.771569,12422,00-0040741
Omarr Norman-Lott,IDL,Chiefs,True,2025,4.0,7.200376,1.800094,4.317355,0.006,7.767741,1.941935,4.657548,12423,00-0040748
Byron Young,IDL,LV/PHI,True,2023,4.0,5.66871,1.417178,1.122696,0.006,7.595264,1.898817,1.504253,10894,00-0038978
Tyler Onyedim,IDL,Broncos,True,2026,4.0,7.385316,1.846329,1.83114,0.006,7.385316,1.846329,1.83114,13210,00-0041552
Darius Alexander,IDL,Giants,True,2025,4.0,6.76207,1.690518,1.557868,0.006,7.294898,1.823725,1.680623,12425,00-0040694
Kobie Turner,IDL,Rams,True,2023,4.0,5.39147,1.347868,0.921068,0.006,7.223802,1.805951,1.2341,10913,00-0039138
Vernon Broughton,IDL,Saints,True,2025,4.0,6.637796,1.659449,1.467488,0.006,7.160832,1.790208,1.583121,12431,00-0040642
Chris McClellan,IDL,Packers,True,2026,4.0,7.09607,1.774018,1.620776,0.006,7.09607,1.774018,1.620776,13221,00-0040869
Brandon Pili,IDL,Seahawks,True,2026,1.0,1.765,1.765,0.75,0.006,1.765,1.765,0.75,11435,00-0038694
Albert Regis,IDL,Jaguars,True,2026,4.0,7.00201,1.750503,1.552372,0.006,7.00201,1.750503,1.552372,13225,00-0041045
Domonique Orange,IDL,Vikings,True,2026,4.0,6.982836,1.745709,1.538424,0.006,6.982836,1.745709,1.538424,13226,00-0041046
Jamaree Caldwell,IDL,Chargers,True,2025,4.0,6.313266,1.578317,1.231464,0.006,6.81073,1.702683,1.328499,12446,00-0040144
Sai'vion Jones,IDL,Broncos,True,2025,4.0,6.161184,1.540296,1.12086,0.006,6.646664,1.661666,1.20918,12461,00-0040153
DeWayne Carter,IDL,Bills,True,2024,4.0,5.618048,1.404512,0.905852,0.005,6.625513,1.656378,1.068295,11703,00-0039873
Eyioma Uwazurike,IDL,Broncos,True,2022,4.0,4.425872,1.106468,0.765872,0.005,6.402847,1.600712,1.107976,10161,00-0038106
Colby Wooden,IDL,GB/NO/IND,True,2023,4.0,4.607928,1.151982,0.767928,0.005,6.173968,1.543492,1.028914,10940,00-0038387
Tyler Lacy,IDL,JAX/DET,True,2023,4.0,4.52712,1.13178,0.68712,0.005,6.065696,1.516424,0.920643,10954,00-0038940
Jonathan Ford,IDL,Packers,True,2026,1.0,1.5,1.5,0.1,0.005,1.5,1.5,0.1,10279,00-0037094
Greg Gaines,IDL,Bills,True,2026,1.0,1.4875,1.4875,0.1375,0.005,1.4875,1.4875,0.1375,7925,00-0035667
Mario Edwards Jr.,IDL,Texans,True,2026,1.0,1.4875,1.4875,1.4875,0.005,1.4875,1.4875,1.4875,3883,00-0032265
Jerry Tillery,IDL,Colts,True,2026,1.0,1.4875,1.4875,0.9375,0.005,1.4875,1.4875,0.9375,7819,00-0035674
Matt Dickerson,IDL,Jaguars,True,2026,1.0,1.45,1.45,0.1,0.005,1.45,1.45,0.1,7192,00-0034657
Brandon Dorlus,IDL,Falcons,True,2024,4.0,4.842396,1.210599,0.822396,0.005,5.710766,1.427692,0.969873,11717,00-0039859
Deone Walker,IDL,Bills,True,2025,4.0,5.247052,1.311763,1.047052,0.005,5.660502,1.415125,1.129556,12469,00-0040710
Darrell Jackson Jr.,IDL,Jets,True,2026,4.0,5.65162,1.412905,1.27162,0.005,5.65162,1.412905,1.27162,13247,00-0041549
Ty Robinson,IDL,Eagles,True,2025,4.0,5.235668,1.308917,1.035668,0.005,5.648221,1.412055,1.117275,12471,00-0040662
Kaleb Proctor,IDL,Cardinals,True,2026,4.0,5.64382,1.410955,1.26382,0.005,5.64382,1.410955,1.26382,13248,00-0041555
C.J. West,IDL,49ers,True,2025,4.0,5.211092,1.302773,1.011092,0.005,5.621708,1.405427,1.090763,12473,00-0040711
Gracen Halton,IDL,49ers,True,2026,4.0,5.620824,1.405206,1.240824,0.005,5.620824,1.405206,1.240824,13251,00-0041557
Karl Brooks,IDL,Packers,True,2023,4.0,4.052028,1.013007,0.212028,0.005,5.429141,1.357285,0.284087,11003,00-0038398
Scott Matlock,IDL,Chargers,True,2023,4.0,4.012292,1.003073,0.172292,0.004,5.3759,1.343975,0.230847,11024,00-0038614
Dante Stills,IDL,Cardinals,True,2023,4.0,3.973332,0.993333,0.133332,0.004,5.323699,1.330925,0.178646,11037,00-0038623
Desjuan Johnson,IDL,Rams,True,2023,4.0,3.917784,0.979446,0.077784,0.004,5.249273,1.312318,0.104219,11083,00-0039061
Moro Ojomo,IDL,Eagles,True,2023,4.0,3.917784,0.979446,0.077784,0.004,5.249273,1.312318,0.104219,11073,00-0038412
Joshua Farmer,IDL,Patriots,True,2025,4.0,4.865816,1.216454,0.665816,0.004,5.249226,1.312306,0.71828,12497,00-0040171
Tonka Hemingway,IDL,Raiders,True,2025,4.0,4.865816,1.216454,0.665816,0.004,5.249226,1.312306,0.71828,12495,00-0040169
Folorunso Fatukasi,IDL,Raiders,True,2026,1.0,1.3,1.3,0.0,0.004,1.3,1.3,0.0,7065,00-0034275
Rakeem Nunez-Roches,IDL,Buccaneers,True,2026,1.0,1.3,1.3,0.3,0.004,1.3,1.3,0.3,4065,00-0031957
Shy Tuttle,IDL,Commanders,True,2026,1.0,1.3,1.3,0.0,0.004,1.3,1.3,0.0,8360,00-0035409
L.T. Overton,IDL,Cowboys,True,2026,4.0,5.169036,1.292259,0.789036,0.004,5.169036,1.292259,0.789036,13281,00-0040880
Cam'Ron Jackson,IDL,Panthers,True,2025,4.0,4.673156,1.168289,0.473156,0.004,5.041385,1.260346,0.510439,12500,00-0040174
Rylie Mills,IDL,Seahawks,True,2025,4.0,4.6675,1.166875,0.4675,0.004,5.035283,1.258821,0.504337,12502,00-0040647
Jordan Phillips,IDL,Dolphins,True,2025,4.0,4.658304,1.164576,0.458304,0.004,5.025362,1.256341,0.494417,12503,00-0040175
Ty Hamilton,IDL,Rams,True,2025,4.0,4.638588,1.159647,0.438588,0.004,5.004093,1.251023,0.473147,12508,00-0040585
Logan Lee,IDL,Steelers,True,2024,4.0,4.240072,1.060018,0.220072,0.004,5.000429,1.250107,0.259537,11786,00-0039389
Zachary Carter,IDL,Cardinals,True,2025,2.0,2.315,1.1575,0.0,0.004,2.497414,1.248707,0.0,10140,00-0037804
Mekhi Wingo,IDL,Lions,True,2024,4.0,4.2068,1.0517,0.1868,0.004,4.961191,1.240298,0.220298,11797,00-0039396
Tyler Davis,IDL,Rams,True,2024,4.0,4.202552,1.050638,0.182552,0.004,4.956181,1.239045,0.215288,11804,00-0039749
Khristian Boyd,IDL,Saints,True,2024,4.0,4.198828,1.049707,0.178828,0.004,4.951789,1.237947,0.210897,11807,00-0039401
Yahya Black,IDL,Steelers,True,2025,4.0,4.579836,1.144959,0.379836,0.004,4.940711,1.235178,0.409766,12524,00-0040188
Nick Barrett,IDL,Chargers,True,2026,4.0,4.92312,1.23078,0.54312,0.004,4.92312,1.23078,0.54312,13289,00-0041072
DeMonte Capehart,IDL,Buccaneers,True,2026,4.0,4.88216,1.22054,0.50216,0.004,4.88216,1.22054,0.50216,13299,00-0041079
Levi Drake Rodriguez,IDL,Vikings,True,2024,4.0,4.125988,1.031497,0.105988,0.004,4.865887,1.216472,0.124994,11840,00-0039421
Jonah Laulu,IDL,LV/IND,True,2024,4.0,4.12452,1.03113,0.10452,0.004,4.864156,1.216039,0.123263,11842,00-0039423
James Lynch,IDL,Bears,True,2026,1.0,1.215,1.215,0.0,0.004,1.215,1.215,0.0,8870,00-0036337
JJ Pegues,IDL,Raiders,True,2025,4.0,4.46714,1.116785,0.26714,0.004,4.819135,1.204784,0.28819,12540,00-0040199
Phidarian Mathis,IDL,Bills,True,2026,1.0,1.195,1.195,0.025,0.004,1.195,1.195,0.025,10092,00-0038099
Warren Brinson,IDL,Packers,True,2025,4.0,4.426384,1.106596,0.226384,0.004,4.775168,1.193792,0.244222,12558,00-0040016
Zane Durant,IDL,Bills,True,2026,4.0,4.759476,1.189869,0.379476,0.004,4.759476,1.189869,0.379476,13325,00-0041091
Aeneas Peebles,IDL,Ravens,True,2025,4.0,4.37428,1.09357,0.17428,0.004,4.718958,1.17974,0.188013,12570,00-0040076
Jackie Marshall,IDL,Titans,True,2026,4.0,4.703124,1.175781,0.0,0.004,4.703124,1.175781,0.0,13328,00-0040892
Jordon Riley,IDL,Packers,True,2025,2.0,2.175,1.0875,0.0,0.004,2.346383,1.173191,0.0,11067,00-0038506
Cory Durden,IDL,Patriots,True,2025,2.0,2.175,1.0875,0.0,0.004,2.346383,1.173191,0.0,11404,00-0038653
Bobby Jamison-Travis,IDL,Giants,True,2026,4.0,4.689576,1.172394,0.309576,0.004,4.689576,1.172394,0.309576,13330,00-0041095
Skyler Gill-Howard,IDL,Lions,True,2026,4.0,4.643292,1.160823,0.263292,0.004,4.643292,1.160823,0.263292,13349,00-0041447
Zeek Biggers,IDL,Dolphins,True,2025,4.0,4.301672,1.075418,0.101672,0.004,4.640629,1.160157,0.109683,12613,00-0040248
Anterio Thompson,IDL,Falcons,True,2026,4.0,4.634632,1.158658,0.254632,0.004,4.634632,1.158658,0.254632,13352,00-0041484
Gabriel Rubio,IDL,Steelers,True,2026,4.0,4.6269,1.156725,0.2469,0.004,4.6269,1.156725,0.2469,13354,00-0041400
Jordan van den Berg,IDL,Bears,True,2026,4.0,4.611608,1.152902,0.231608,0.004,4.611608,1.152902,0.231608,13357,00-0041110
Matt Henningsen,IDL,Broncos,True,2026,1.0,1.145,1.145,0.0,0.004,1.145,1.145,0.0,10251,00-0037303
Landon Robinson,IDL,Bengals,True,2026,4.0,4.542284,1.135571,0.162284,0.004,4.542284,1.135571,0.162284,13370,00-0041118
Elijah Chatman,IDL,Browns,True,2025,2.0,2.035,1.0175,0.0,0.004,2.195351,1.097676,0.0,12289,00-0039764
Taki Taimani,IDL,Vikings,True,2025,2.0,2.035,1.0175,0.0,0.004,2.195351,1.097676,0.0,12246,00-0039720
Connor O'Toole,IDL,Seahawks,True,2025,3.0,2.995,0.998333,0.264,0.004,3.230996,1.076998,0.284802,12943,00-0040061
Leonard Taylor,IDL,Patriots,True,2026,1.0,1.075,1.075,0.0,0.004,1.075,1.075,0.0,12103,00-0039289
Jalen Redmond,IDL,Vikings,True,2026,1.0,1.075,1.075,0.0,0.004,1.075,1.075,0.0,11086,00-0038778
Jaden Crumedy,IDL,GB/HOU,True,2026,1.0,1.075,1.075,0.0,0.004,1.075,1.075,0.0,11808,00-0039402
Bill Murray,IDL,Rams,True,2026,1.0,1.075,1.075,0.0,0.004,1.075,1.075,0.0,9277,00-0036093
Jowon Briggs,IDL,Jets,True,2026,1.0,1.075,1.075,0.0,0.004,1.075,1.075,0.0,11851,00-0039431
Jordan Jackson,IDL,Broncos,True,2026,1.0,1.075,1.075,0.0,0.004,1.075,1.075,0.0,10239,00-0037294
Nazir Stackhouse,IDL,Titans,True,2025,3.0,2.98,0.993333,0.165,0.004,3.214814,1.071604,0.178001,12860,00-0040041
B.J. Green II,IDL,Jaguars,True,2025,3.0,2.9675,0.989167,0.0825,0.004,3.201329,1.06711,0.089001,12973,00-0040329
James Thompson Jr.,IDL,49ers,True,2026,3.0,3.13,1.043333,0.2775,0.003,3.13,1.043333,0.2775,13808,00-0041363
Kevin Jobity Jr.,IDL,Steelers,True,2026,3.0,3.13,1.043333,0.03,0.003,3.13,1.043333,0.03,13499,00-0041261
Rene Konga,IDL,Dolphins,True,2026,3.0,3.13,1.043333,0.2775,0.003,3.13,1.043333,0.2775,13433,00-0041136
Aaron Hall,IDL,Panthers,True,2026,3.0,3.125,1.041667,0.2725,0.003,3.125,1.041667,0.2725,13745,00-0041148
Bryson Eason,IDL,Chiefs,True,2026,3.0,3.125,1.041667,0.2725,0.003,3.125,1.041667,0.2725,13806,00-0041358
Jayden Loving,IDL,Bears,True,2026,3.0,3.12,1.04,0.245,0.003,3.12,1.04,0.245,13674,00-0041171
Deshawn McKnight,IDL,Buccaneers,True,2026,3.0,3.11,1.036667,0.2575,0.003,3.11,1.036667,0.2575,13776,00-0041339
Kelvin Gilliam,IDL,Cowboys,True,2026,3.0,3.105,1.035,0.05,0.003,3.105,1.035,0.05,13652,00-0040933
Basil Okoye,IDL,BAL/NYG,True,2026,1.0,1.005,1.005,0.0,0.003,1.005,1.005,0.0,11520,00-0039176
Elijah Simmons,IDL,Buccaneers,True,2025,2.0,1.845,0.9225,0.0,0.003,1.99038,0.99519,0.0,12855,00-0040384
Keith Cooper,IDL,Dolphins,True,2026,2.0,1.935,0.9675,0.0,0.003,1.935,0.9675,0.0,12925,00-0040655
Anthony Campbell,IDL,Packers,True,2026,1.0,0.885,0.885,0.0,0.003,0.885,0.885,0.0,13095,00-0040689
TeRah Edwards,IDL,Panthers,True,2026,1.0,0.885,0.885,0.0,0.003,0.885,0.885,0.0,12692,00-0040458
Tim Smith,IDL,Colts,True,2026,1.0,0.885,0.885,0.0,0.003,0.885,0.885,0.0,12550,00-0040207
Ricky Barber,IDL,Commanders,True,2026,1.0,0.885,0.885,0.0,0.003,0.885,0.885,0.0,12949,00-0040314
Byron Cowart,IDL,Commanders,True,2026,1.0,0.4113,0.4113,0.0,0.001,0.4113,0.4113,0.0,7950,00-0035278
Levi Onwuzurike,IDL,Lions,True,2026,1.0,0.3303,0.3303,0.0,0.001,0.3303,0.3303,0.0,9505,00-0036954
Timmy Horne,IDL,Titans,True,2026,1.0,0.3303,0.3303,0.0,0.001,0.3303,0.3303,0.0,10451,00-0037585
Jalyn Holmes,IDL,Titans,True,2026,1.0,0.3303,0.3303,0.0,0.001,0.3303,0.3303,0.0,6987,00-0034264
Mazi Smith,IDL,Dolphins,True,2026,1.0,0.3303,0.3303,0.0,0.001,0.3303,0.3303,0.0,10850,00-0038545
Kevin Givens,IDL,49ers,True,2026,1.0,0.3303,0.3303,0.0,0.001,0.3303,0.3303,0.0,8215,00-0035026
Naquan Jones,IDL,Vikings,True,2026,1.0,0.3303,0.3303,0.0,0.001,0.3303,0.3303,0.0,9800,00-0036695
Chris Williams,IDL,Browns,True,2026,1.0,0.3303,0.3303,0.0,0.001,0.3303,0.3303,0.0,9180,00-0035857
Sam Kamara,IDL,Browns,True,2026,1.0,0.3303,0.3303,0.0,0.001,0.3303,0.3303,0.0,9873,00-0036705
Josh Tupou,IDL,Giants,True,2026,1.0,0.3303,0.3303,0.0,0.001,0.3303,0.3303,0.0,6022,00-0033347
Deven Eastern,IDL,Seahawks,True,2026,1.0,0.2475,0.2475,0.0,0.001,0.2475,0.2475,0.0,13386,00-0040904
Eric Gregory,IDL,Patriots,True,2026,1.0,0.2475,0.2475,0.0,0.001,0.2475,0.2475,0.0,12714,00-0040371
Marcus Harris,IDL,Chiefs,True,2026,1.0,0.2475,0.2475,0.0,0.001,0.2475,0.2475,0.0,11855,00-0039433
Jahvaree Ritzie,IDL,Vikings,True,2026,1.0,0.2475,0.2475,0.0,0.001,0.2475,0.2475,0.0,12838,00-0040572
T.J. Bollers,IDL,Jaguars,True,2026,1.0,0.2475,0.2475,0.0,0.001,0.2475,0.2475,0.0,13539,00-0041204
Jordan Miller,IDL,Dolphins,True,2026,1.0,0.2475,0.2475,0.0,0.001,0.2475,0.2475,0.0,12066,00-0039570
Bill Norton,IDL,Rams,True,2026,1.0,0.2475,0.2475,0.0,0.001,0.2475,0.2475,0.0,12813,00-0040595
Cameron Ball,IDL,Colts,True,2026,1.0,0.2475,0.2475,0.0,0.001,0.2475,0.2475,0.0,13517,00-0041225
Terry Webb,IDL,Chargers,True,2026,1.0,0.2475,0.2475,0.0,0.001,0.2475,0.2475,0.0,13613,00-0041386
Laki Tasi,IDL,Titans,True,2026,1.0,0.2475,0.2475,0.0,0.001,0.2475,0.2475,0.0,12619,
Elijah Garcia,IDL,Cowboys,True,2026,1.0,0.2475,0.2475,0.0,0.001,0.2475,0.2475,0.0,10580,00-0037051
Brandon Cleveland,IDL,Raiders,True,2026,1.0,0.2475,0.2475,0.0,0.001,0.2475,0.2475,0.0,13373,00-0040902
Jared Harrison-Hunte,IDL,Cardinals,True,2026,1.0,0.2475,0.2475,0.0,0.001,0.2475,0.2475,0.0,12718,00-0040283
Junior Tafuna,IDL,Texans,True,2026,1.0,0.2475,0.2475,0.0,0.001,0.2475,0.2475,0.0,12864,00-0040414
Ben Stille,IDL,Lions,True,2026,1.0,0.2475,0.2475,0.0,0.001,0.2475,0.2475,0.0,10517,00-0037356
Chris Smith,IDL,Lions,True,2026,1.0,0.2475,0.2475,0.0,0.001,0.2475,0.2475,0.0,11482,00-0038661
Jeremiah Pharms,IDL,Patriots,True,2026,1.0,0.2475,0.2475,0.0,0.001,0.2475,0.2475,0.0,10800,00-0037711
Jordan Jefferson,IDL,Chargers,True,2026,1.0,0.2475,0.2475,0.0,0.001,0.2475,0.2475,0.0,11724,00-0039743
Cam Horsley,IDL,Cardinals,True,2026,1.0,0.2475,0.2475,0.0,0.001,0.2475,0.2475,0.0,12732,00-0040517
Tim Keenan III,IDL,Raiders,True,2026,1.0,0.2475,0.2475,0.0,0.001,0.2475,0.2475,0.0,13376,00-0041534
Jeffrey M'ba,IDL,Commanders,True,2026,1.0,0.2475,0.2475,0.0,0.001,0.2475,0.2475,0.0,13403,00-0040864
Tommy Dunn,IDL,Cowboys,True,2026,1.0,0.2475,0.2475,0.0,0.001,0.2475,0.2475,0.0,13651,00-0040931
Jayson Jones,IDL,Buccaneers,True,2026,1.0,0.2475,0.2475,0.0,0.001,0.2475,0.2475,0.0,12757,00-0040105
Howard Cross III,IDL,Bengals,True,2026,1.0,0.2475,0.2475,0.0,0.001,0.2475,0.2475,0.0,12676,00-0040369
Damonic Williams,IDL,Cardinals,True,2026,1.0,0.2475,0.2475,0.0,0.001,0.2475,0.2475,0.0,13782,00-0041369
Parker Petersen,IDL,Panthers,True,2026,1.0,0.2475,0.2475,0.0,0.001,0.2475,0.2475,0.0,13750,00-0041151
Zacch Pickens,IDL,Falcons,True,2026,1.0,0.2475,0.2475,0.0,0.001,0.2475,0.2475,0.0,10888,00-0038937
Kyler Baugh,IDL,Steelers,True,2026,1.0,0.2475,0.2475,0.0,0.001,0.2475,0.2475,0.0,12096,00-0039609
Sebastian Valdez,IDL,49ers,True,2026,1.0,0.2475,0.2475,0.0,0.001,0.2475,0.2475,0.0,12877,00-0040560
Gabe Hall,IDL,Eagles,True,2026,1.0,0.2475,0.2475,0.0,0.001,0.2475,0.2475,0.0,11995,00-0039265
Jack Heflin,IDL,Jets,True,2026,1.0,0.2475,0.2475,0.0,0.001,0.2475,0.2475,0.0,9893,00-0036788
Uar Bernard,IDL,Eagles,True,2026,1.0,0.2475,0.2475,0.0,0.001,0.2475,0.2475,0.0,13395,00-0041580
Jay'Viar Suggs,IDL,Saints,True,2026,1.0,0.2475,0.2475,0.0,0.001,0.2475,0.2475,0.0,13760,00-0041335
Rayshaun Benny,IDL,Ravens,True,2026,1.0,0.2475,0.2475,0.0,0.001,0.2475,0.2475,0.0,13394,00-0040907
Zion Logue,IDL,Browns,True,2026,1.0,0.2475,0.2475,0.0,0.001,0.2475,0.2475,0.0,11805,00-0039400
Payton Page,IDL,Jets,True,2026,1.0,0.2475,0.2475,0.0,0.001,0.2475,0.2475,0.0,12817,00-0040404
David Olajiga,IDL,Ravens,True,2026,1.0,0.2475,0.2475,0.0,0.001,0.2475,0.2475,0.0,12257,
DaQuan Jones,IDL,Patriots,True,2026,1.0,0.0,0.0,0.0,0.0,0.0,0.0,0.0,3051,00-0031054
Micah Parsons,ED,Packers,True,2025,4.0,186.0,46.5,120.0,0.16699999999999998,200.65616,50.16404,129.455587,9476,00-0036932
Will Anderson Jr.,ED,Texans,True,2026,3.0,150.0,50.0,100.063749,0.166,150.0,50.0,100.063749,10827,00-0039108
Aidan Hutchinson,ED,Lions,True,2025,4.0,180.0,45.0,55.722,0.161,194.183381,48.545845,60.112702,10047,00-0037236
Nick Bosa,ED,49ers,True,2023,5.0,170.0,34.0,88.0,0.151,227.775801,45.55516,117.907473,7793,00-0035717
T.J. Watt,ED,Steelers,True,2025,3.0,123.0,41.0,108.0,0.147,132.691977,44.230659,116.510029,5614,00-0033886
Myles Garrett,ED,CLE/LAR,True,2025,4.0,160.0,40.0,88.8,0.14300000000000002,172.60745,43.151862,95.797135,5585,00-0033868
Danielle Hunter,ED,Texans,True,2026,1.0,40.1,40.1,39.6,0.133,40.1,40.1,39.6,3936,00-0031565
Maxx Crosby,ED,BAL/LV,True,2025,3.0,106.5,35.5,62.5,0.127,114.891834,38.297278,67.424785,7897,00-0034973
Josh Hines-Allen,ED,Jaguars,True,2024,5.0,141.25,28.25,76.5,0.111,166.579875,33.315975,90.218481,7798,00-0035642
Brian Burns,ED,Giants,True,2024,5.0,141.0,28.2,76.0,0.11,166.285043,33.257009,89.628818,7807,00-0035713
Montez Sweat,ED,Bears,True,2023,4.0,98.0,24.5,41.965,0.109,131.30605,32.826512,56.227126,7817,00-0035647
Jonathan Greenard,ED,Eagles,True,2026,2.0,60.0,30.0,50.0,0.1,60.0,30.0,50.0,8830,00-0036224
Jaelan Phillips,ED,Panthers,True,2026,4.0,120.0,30.0,60.0,0.1,120.0,30.0,60.0,9482,00-0036934
Nik Bonitto,ED,Broncos,True,2025,4.0,106.0,26.5,38.346,0.095,114.352436,28.588109,41.367533,10109,00-0037249
Trey Hendrickson,ED,Ravens,True,2026,4.0,112.0,28.0,60.0,0.09300000000000001,112.0,28.0,60.0,5689,00-0033935
Travon Walker,ED,Jaguars,True,2026,4.0,110.0,27.5,50.0,0.091,110.0,27.5,50.0,10046,00-0037235
Andrew Van Ginkel,ED,Vikings,True,2025,1.0,23.0,23.0,22.44,0.08199999999999999,24.812321,24.812321,24.208195,7942,00-0035272
Odafe Oweh,ED,Commanders,True,2026,4.0,96.0,24.0,50.6,0.08,96.0,24.0,50.6,9495,00-0036940
George Karlaftis,ED,Chiefs,True,2025,4.0,88.0,22.0,32.0,0.079,94.934097,23.733524,34.52149,10075,00-0037192
Alex Highsmith,ED,Steelers,True,2023,4.0,68.0,17.0,17.01,0.076,91.11032,22.77758,22.790979,8842,00-0036333
Gregory Rousseau,ED,Bills,True,2025,4.0,80.0,20.0,49.0,0.07200000000000001,86.303725,21.575931,52.861032,9494,00-0036914
John Franklin-Myers,ED,Titans,True,2026,3.0,63.0,21.0,42.0,0.07,63.0,21.0,42.0,7020,00-0034805
Josh Sweat,ED,Cardinals,True,2025,4.0,76.4,19.1,38.0,0.068,82.420057,20.605014,40.994269,7015,00-0034381
Boye Mafe,ED,Bengals,True,2026,3.0,60.0,20.0,19.0,0.066,60.0,20.0,19.0,10085,00-0038133
Chase Young,ED,Saints,True,2025,3.0,51.0,17.0,27.17,0.061,55.018625,18.339542,29.310903,8742,00-0036321
Khalil Mack,ED,Chargers,True,2026,1.0,18.0,18.0,18.0,0.06,18.0,18.0,18.0,2944,00-0031040
Carl Granderson,ED,Saints,True,2023,4.0,52.0,13.0,22.13,0.057999999999999996,69.672598,17.418149,29.65105,8353,00-0035402
Dayo Odeyingbo,ED,Bears,True,2025,3.0,48.0,16.0,29.5,0.057,51.782235,17.260745,31.824499,9518,00-0036480
Arik Armstead,ED,Jaguars,True,2024,3.0,43.5,14.5,28.0,0.057,51.300705,17.100235,33.021143,3865,00-0032164
Kwity Paye,ED,Raiders,True,2026,3.0,48.0,16.0,25.738,0.053,48.0,16.0,25.738,9485,00-0036479
Rashan Gary,ED,Cowboys,True,2026,2.0,32.0,16.0,16.0,0.053,32.0,16.0,16.0,7803,00-0034967
Jonathon Cooper,ED,Broncos,True,2024,4.0,54.0,13.5,16.731111,0.053,63.683634,15.920908,19.731443,9703,00-0036952
Harold Landry,ED,Patriots,True,2025,3.0,43.5,14.5,26.0,0.052000000000000005,46.92765,15.64255,28.048711,6926,00-0034828
Bradley Chubb,ED,Bills,True,2026,3.0,43.5,14.5,21.75,0.048,43.5,14.5,21.75,6890,00-0034832
Derick Hall,ED,Seahawks,True,2026,3.0,42.0,14.0,15.27,0.046,42.0,14.0,15.27,10861,00-0039047
David Bailey,ED,Jets,True,2026,4.0,54.674726,13.668682,54.674726,0.045,54.674726,13.668682,54.674726,13146,00-0041026
Dorance Armstrong Jr.,ED,Commanders,True,2024,3.0,33.0,11.0,16.125,0.043,38.917776,12.972592,19.016641,7001,00-0034373
Abdul Carter,ED,Giants,True,2025,4.0,45.25518,11.313795,45.25518,0.040999999999999995,48.821133,12.205283,48.821133,12363,00-0040677
Frankie Luvu,ED,Commanders,True,2024,3.0,31.0,10.333333,14.625,0.04,36.559123,12.186374,17.247651,7245,00-0034302
Arvell Reese,ED,Giants,True,2026,4.0,47.831062,11.957766,47.831062,0.04,47.831062,11.957766,47.831062,13149,00-0041509
Alex Wright,ED,Browns,True,2025,3.0,33.0,11.0,12.30511,0.039,35.600287,11.866762,13.27471,10123,00-0037251
Demarcus Lawrence,ED,Seahawks,True,2025,3.0,32.5,10.833333,13.0,0.039,35.060888,11.686962,14.024355,2973,00-0031411
Joseph Ossai,ED,Jets,True,2026,3.0,34.5,11.5,22.49,0.038,34.5,11.5,22.49,9533,00-0036902
Kayvon Thibodeaux,ED,Giants,True,2022,4.0,31.33904,7.83476,31.33904,0.038,45.337747,11.334437,45.337747,10050,00-0037611
Malcolm Koonce,ED,Raiders,True,2026,1.0,11.01,11.01,10.5,0.037000000000000005,11.01,11.01,10.5,9543,00-0036989
K'Lavon Chaisson,ED,Commanders,True,2026,1.0,11.0,11.0,10.3,0.037000000000000005,11.0,11.0,10.3,8760,00-0036286
Uchenna Nwosu,ED,Seahawks,True,2025,2.0,19.51,9.755,6.98,0.035,21.047321,10.52366,7.53,6933,00-0034350
Jacob Martin,ED,Titans,True,2026,1.0,9.0,9.0,4.5,0.03,9.0,9.0,4.5,7071,00-0034163
Kingsley Enagbare,ED,Jets,True,2026,1.0,9.0,9.0,8.49,0.03,9.0,9.0,8.49,10224,00-0037083
Tyree Wilson,ED,LV/NO,True,2023,4.0,25.0055,6.251375,25.0055,0.027999999999999997,33.50381,8.375953,33.50381,10831,00-0038541
Patrick Jones II,ED,Panthers,True,2025,2.0,15.0,7.5,10.25,0.027000000000000003,16.181948,8.090974,11.057665,9554,00-0037007
Baron Browning,ED,Cardinals,True,2025,2.0,15.0,7.5,10.0,0.027000000000000003,16.181948,8.090974,10.787966,9569,00-0036995
Arden Key,ED,Colts,True,2026,2.0,16.0,8.0,11.0,0.027000000000000003,16.0,8.0,11.0,6972,00-0034825
Michael Hoecht,ED,Bills,True,2025,3.0,21.0,7.0,12.43,0.025,22.654728,7.551576,13.409441,9215,00-0035933
Cameron Jordan,ED,Saints,True,2026,1.0,7.5,7.5,7.0,0.025,7.5,7.5,7.0,1481,00-0027962
Mykel Williams,ED,49ers,True,2025,4.0,24.943354,6.235839,24.943354,0.022000000000000002,26.908805,6.727202,26.908805,12371,00-0040660
Chauncey Golston,ED,Giants,True,2025,3.0,18.0,6.0,12.0,0.021,19.418338,6.472779,12.945559,9548,00-0036982
Za'Darius Smith,ED,Falcons,True,2026,1.0,6.0,6.0,5.0,0.02,6.0,6.0,5.0,3970,00-0031576
Rueben Bain,ED,Buccaneers,True,2026,4.0,23.760242,5.940061,23.760242,0.02,23.760242,5.940061,23.760242,13159,00-0041031
Lukas Van Ness,ED,Packers,True,2023,4.0,17.388096,4.347024,17.388096,0.019,23.297573,5.824393,23.297573,10837,00-0039112
Micheal Clemons,ED,Colts,True,2026,3.0,17.0,5.666667,5.99,0.019,17.0,5.666667,5.99,10162,00-0038107
Jalon Walker,ED,Falcons,True,2025,4.0,20.56237,5.140593,20.56237,0.018000000000000002,22.182614,5.545654,22.182614,12375,00-0040577
Jadeveon Clowney,ED,Texans,True,2026,1.0,5.5,5.5,4.5,0.018000000000000002,5.5,5.5,4.5,2940,00-0031364
Calais Campbell,ED,Ravens,True,2026,1.0,5.5,5.5,4.75,0.018000000000000002,5.5,5.5,4.75,385,00-0026190
Von Miller,ED,Cowboys,True,2026,1.0,5.5,5.5,3.0,0.018000000000000002,5.5,5.5,3.0,2,00-0027940
Will McDonald IV,ED,Jets,True,2023,4.0,16.321664,4.080416,16.321664,0.018000000000000002,21.868706,5.467177,21.868706,10839,00-0039142
Anthony Nelson,ED,Buccaneers,True,2025,2.0,10.0,5.0,5.5,0.018000000000000002,10.787966,5.393983,5.933381,7898,00-0035254
Shemar Stewart,ED,Bengals,True,2025,4.0,18.969276,4.742319,18.969276,0.017,20.46399,5.115997,20.46399,12377,00-0040756
Akheem Mesidor,ED,Chargers,True,2026,4.0,20.456392,5.114098,20.456392,0.017,20.456392,5.114098,20.456392,13166,00-0041544
Malachi Lawrence,ED,Cowboys,True,2026,4.0,20.220416,5.055104,20.220416,0.017,20.220416,5.055104,20.220416,13167,00-0041537
Laiatu Latu,ED,Colts,True,2024,4.0,17.031894,4.257974,17.031894,0.017,20.086165,5.021542,20.086165,11623,00-0039340
Jermaine Johnson II,ED,TEN/NYJ,True,2022,4.0,13.087444,3.271861,13.087444,0.016,18.93342,4.733355,18.93342,10071,00-0037663
Dallas Turner,ED,Vikings,True,2024,4.0,15.766862,3.941716,15.766862,0.015,18.594279,4.64857,18.594279,11625,00-0039924
James Pearce Jr.,ED,Falcons,True,2025,4.0,16.778874,4.194719,16.778874,0.015,18.100992,4.525248,18.100992,12386,00-0040578
Jared Verse,ED,LAR/CLE,True,2024,4.0,15.134346,3.783587,15.134346,0.015,17.848336,4.462085,17.848336,11627,00-0039852
Chop Robinson,ED,Dolphins,True,2024,4.0,14.976228,3.744057,14.976228,0.015,17.661863,4.415466,17.661863,11629,00-0039911
Bud Dupree,ED,Chargers,True,2025,1.0,4.005,4.005,2.495,0.013999999999999999,4.32058,4.32058,2.691597,3870,00-0032146
Arnold Ebiketie,ED,Eagles,True,2026,1.0,4.3,4.3,4.3,0.013999999999999999,4.3,4.3,4.3,10083,00-0038116
Keldric Faulk,ED,Titans,True,2026,4.0,17.054202,4.263551,17.054202,0.013999999999999999,17.054202,4.263551,17.054202,13175,00-0041508
Myles Murphy,ED,Bengals,True,2023,4.0,12.587256,3.146814,12.587256,0.013999999999999999,16.865131,4.216283,16.865131,10852,00-0038546
Nolan Smith,ED,Eagles,True,2023,4.0,11.992416,2.998104,11.992416,0.013000000000000001,16.06813,4.017033,16.06813,10854,00-0039013
Charles Omenihu,ED,Commanders,True,2026,1.0,4.0,4.0,3.3,0.013000000000000001,4.0,4.0,3.3,7952,00-0035279
Al-Quadin Muhammad,ED,Buccaneers,True,2026,1.0,4.0,4.0,2.5,0.013000000000000001,4.0,4.0,2.5,5782,00-0033964
Felix Anudike-Uzomah,ED,Chiefs,True,2023,4.0,11.81782,2.954455,11.81782,0.013000000000000001,15.834197,3.958549,15.834197,10855,00-0039006
Derek Barnett,ED,Browns,True,2026,1.0,3.5,3.5,0.5,0.012,3.5,3.5,0.5,5598,00-0033876
T.J. Parker,ED,Bills,True,2026,4.0,13.140746,3.285187,13.140746,0.011000000000000001,13.140746,3.285187,13.140746,13179,00-0041036
Cameron Thomas,ED,Falcons,True,2026,1.0,3.095,3.095,2.5,0.01,3.095,3.095,2.5,10132,00-0037815
R Mason Thomas,ED,Chiefs,True,2026,4.0,12.196804,3.049201,12.196804,0.01,12.196804,3.049201,12.196804,13184,00-0041501
Cashius Howell,ED,Bengals,True,2026,4.0,12.008,3.002,12.008,0.01,12.008,3.002,12.008,13185,00-0041546
Da'Shawn Hand,ED,Falcons,True,2026,1.0,3.0,3.0,1.5,0.01,3.0,3.0,1.5,6999,00-0034371
D.J. Wonnum,ED,Lions,True,2026,1.0,3.0,3.0,2.27,0.01,3.0,3.0,2.27,8857,00-0036335
Derrick Moore,ED,Lions,True,2026,4.0,11.426946,2.856737,11.426946,0.009000000000000001,11.426946,2.856737,11.426946,13188,00-0041441
Zion Young,ED,Ravens,True,2026,4.0,11.174966,2.793742,11.174966,0.009000000000000001,11.174966,2.793742,11.174966,13189,00-0041494
Samson Ebukam,ED,Falcons,True,2026,1.0,2.765,2.765,0.7,0.009000000000000001,2.765,2.765,0.7,5711,00-0033945
Donovan Ezeiruaku,ED,Cowboys,True,2025,4.0,10.15509,2.538773,8.775723,0.009000000000000001,10.955276,2.73882,9.46722,12404,00-0040725
J.T. Tuimoloau,ED,Colts,True,2025,4.0,9.942464,2.485616,8.405411,0.009000000000000001,10.725896,2.681474,9.067728,12405,00-0040744
Keion White,ED,NE/SF,True,2023,4.0,7.79017,1.947543,5.321683,0.009000000000000001,10.437719,2.60943,7.130298,10870,00-0039148
Dante Fowler Jr.,ED,Seahawks,True,2026,1.0,2.5,2.5,0.5,0.008,2.5,2.5,0.5,3851,00-0032052
Daniel Hardy,ED,Bears,True,2026,2.0,4.97,2.485,2.45,0.008,4.97,2.485,2.45,10280,00-0037843
Nic Scourton,ED,Panthers,True,2025,4.0,8.614236,2.153559,6.660008,0.008,9.293008,2.323252,7.184794,12411,00-0040746
Sam Okuayinonu,ED,49ers,True,2026,1.0,2.3,2.3,1.8,0.008,2.3,2.3,1.8,10473,00-0037602
Oluwafemi Oladejo,ED,Titans,True,2025,4.0,8.415106,2.103777,6.427591,0.008,9.078187,2.269547,6.934063,12412,00-0040752
Tuli Tuipulotu,ED,Chargers,True,2023,4.0,6.571382,1.642846,3.577887,0.006999999999999999,8.804716,2.20118,4.793859,10878,00-0039111
Gabe Jacas,ED,Patriots,True,2026,4.0,8.65697,2.164243,6.952935,0.006999999999999999,8.65697,2.164243,6.952935,13199,00-0041569
Dominique Robinson,ED,Texans,True,2026,1.0,2.025,2.025,0.5,0.006999999999999999,2.025,2.025,0.5,10219,00-0037082
Mike Green,ED,Ravens,True,2025,4.0,7.419408,1.854852,4.871004,0.006999999999999999,8.004032,2.001008,5.254822,12419,00-0040722
Thomas Incoom,ED,Panthers,True,2026,1.0,2.0,2.0,1.1,0.006999999999999999,2.0,2.0,1.1,11331,00-0038791
Chris Rumph II,ED,Saints,True,2026,1.0,2.0,2.0,2.0,0.006999999999999999,2.0,2.0,2.0,9582,00-0036867
L.J. Collier,ED,Cardinals,True,2026,1.0,2.0,2.0,0.75,0.006999999999999999,2.0,2.0,0.75,7820,00-0035636
Byron Young,ED,Rams,True,2023,4.0,5.555238,1.38881,1.040172,0.006,7.443228,1.860808,1.393682,10901,00-0039137
Keyron Crawford,ED,Raiders,True,2026,4.0,7.383258,1.845815,1.82964,0.006,7.383258,1.845815,1.82964,13211,00-0041553
YaYa Diaby,ED,Buccaneers,True,2023,4.0,5.465412,1.366353,0.974844,0.006,7.322874,1.830719,1.306152,10906,00-0039068
Romello Height,ED,49ers,True,2026,4.0,7.290308,1.822577,1.76204,0.006,7.290308,1.822577,1.76204,13214,00-0041556
Ashton Gillotte,ED,Chiefs,True,2025,4.0,6.744624,1.686156,1.54518,0.006,7.276077,1.819019,1.666935,12426,00-0040640
Landon Jackson,ED,Bills,True,2025,4.0,6.618982,1.654746,1.453804,0.006,7.140535,1.785134,1.568359,12432,00-0040132
Princely Umanmielen,ED,Panthers,True,2025,4.0,6.500542,1.625136,1.367668,0.006,7.012762,1.753191,1.475436,12437,00-0040136
Jordan Burch,ED,Cardinals,True,2025,4.0,6.489476,1.622369,1.35962,0.006,7.000824,1.750206,1.466753,12438,00-0040137
Jonah Elliss,ED,Broncos,True,2024,4.0,5.870714,1.467679,1.089608,0.006,6.923489,1.730873,1.285004,11684,00-0039809
Jaishawn Barham,ED,Cowboys,True,2026,4.0,6.815846,1.703962,1.41698,0.006,6.815846,1.703962,1.41698,13236,00-0040872
Brenton Cox Jr.,ED,Packers,True,2026,1.0,1.695,1.695,0.25,0.006,1.695,1.695,0.25,11182,00-0038463
Josaiah Stewart,ED,Rams,True,2025,4.0,6.275412,1.568853,1.203936,0.006,6.769893,1.692473,1.298802,12450,00-0040580
Jalyx Hunt,ED,Eagles,True,2024,4.0,5.633034,1.408259,0.916752,0.006,6.643187,1.660797,1.08115,11702,00-0039740
Dylan Horton,ED,Texans,True,2023,4.0,4.641044,1.160261,0.801044,0.005,6.218338,1.554585,1.073285,10933,00-0039009
Adetomiwa Adebawore,ED,Colts,True,2023,4.0,4.636912,1.159228,0.796912,0.005,6.212802,1.553201,1.067749,10934,00-0039031
Tavius Robinson,ED,Ravens,True,2023,4.0,4.560564,1.140141,0.720564,0.005,6.110507,1.527627,0.965453,10948,00-0038505
Isaiah McGuire,ED,Browns,True,2023,4.0,4.551928,1.137982,0.711928,0.005,6.098936,1.524734,0.953882,10950,00-0038574
DeAngelo Malone,ED,Falcons,True,2026,1.0,1.5,1.5,0.215,0.005,1.5,1.5,0.215,10127,00-0037808
Kentavius Street,ED,Bears,True,2026,1.0,1.48,1.48,0.1,0.005,1.48,1.48,0.1,7013,00-0034320
Deatrich Wise,ED,Commanders,True,2026,1.0,1.45,1.45,0.075,0.005,1.45,1.45,0.075,5717,00-0033947
Justin Eboigbe,ED,Chargers,True,2024,4.0,4.859012,1.214753,0.839012,0.005,5.730362,1.43259,0.989469,11713,00-0039835
Anfernee Jennings,ED,Saints,True,2026,1.0,1.4025,1.4025,0.1875,0.005,1.4025,1.4025,0.1875,8827,00-0036193
Trevis Gipson,ED,Panthers,True,2026,1.0,1.4025,1.4025,0.5988,0.005,1.4025,1.4025,0.5988,8895,00-0036305
Mike Danna,ED,Bills,True,2026,1.0,1.4025,1.4025,1.2625,0.005,1.4025,1.4025,1.2625,8917,00-0036378
A.J. Epenesa,ED,Eagles,True,2026,1.0,1.4025,1.4025,0.6875,0.005,1.4025,1.4025,0.6875,8794,00-0036192
Joshua Uche,ED,Dolphins,True,2026,1.0,1.4025,1.4025,1.2625,0.005,1.4025,1.4025,1.2625,8800,00-0036159
Mike Morris,ED,Seahawks,True,2023,4.0,4.162076,1.040519,0.322076,0.005,5.576589,1.394147,0.431536,10975,00-0038591
David Walker,ED,Buccaneers,True,2025,4.0,5.163256,1.290814,0.963256,0.005,5.570103,1.392526,1.039157,12481,00-0040158
Jack Sawyer,ED,Steelers,True,2025,4.0,5.150932,1.287733,0.950932,0.005,5.556808,1.389202,1.025862,12483,00-0040160
Barryn Sorrell,ED,Packers,True,2025,4.0,5.141852,1.285463,0.941852,0.005,5.547012,1.386753,1.016067,12484,00-0040010
Wesley Williams,ED,Jaguars,True,2026,4.0,5.52152,1.38038,1.14152,0.005,5.52152,1.38038,1.14152,13263,00-0041059
Dani Dennis-Sutton,ED,Packers,True,2026,4.0,5.514244,1.378561,1.134244,0.005,5.514244,1.378561,1.134244,13264,00-0040877
Que Robinson,ED,Broncos,True,2025,4.0,5.054256,1.263564,0.854256,0.005,5.452514,1.363128,0.921568,12494,00-0040168
Trey Moore,ED,Dolphins,True,2026,4.0,5.422368,1.355592,1.042368,0.005,5.422368,1.355592,1.042368,13274,00-0041526
Tanoh Kpassagnon,ED,Titans,True,2026,1.0,1.3,1.3,0.0,0.004,1.3,1.3,0.0,5645,00-0033902
Austin Booker,ED,Bears,True,2024,4.0,4.36914,1.092285,0.349136,0.004,5.152643,1.288161,0.411745,11752,00-0039840
Brennan Jackson,ED,LAR/LV,True,2024,4.0,4.349368,1.087342,0.329368,0.004,5.129325,1.282331,0.388432,11762,00-0039836
Tyrion Ingram-Dawkins,ED,Vikings,True,2025,4.0,4.677376,1.169344,0.477376,0.004,5.045937,1.261484,0.514992,12499,00-0040173
Javon Solomon,ED,Bills,True,2024,4.0,4.274276,1.068569,0.254276,0.004,5.040767,1.260192,0.299874,11776,00-0039879
Tyrus Wheat,ED,Cowboys,True,2026,1.0,1.245,1.245,0.1,0.004,1.245,1.245,0.1,11410,00-0038742
Elijah Roberts,ED,Buccaneers,True,2025,4.0,4.609796,1.152449,0.409796,0.004,4.973032,1.243258,0.442087,12517,00-0040183
Collin Oliver,ED,Packers,True,2025,4.0,4.604084,1.151021,0.404084,0.004,4.96687,1.241717,0.435924,12519,00-0040012
Joshua Josephs,ED,Commanders,True,2026,4.0,4.906312,1.226578,0.526312,0.004,4.906312,1.226578,0.526312,13291,00-0041074
Cedric Johnson,ED,Bengals,True,2024,4.0,4.158388,1.039597,0.138388,0.004,4.904097,1.226024,0.163205,11822,00-0039752
Javontae Jean-Baptiste,ED,Commanders,True,2024,4.0,4.141188,1.035297,0.121188,0.004,4.883813,1.220953,0.14292,11830,00-0039412
George Gumbs,ED,Colts,True,2026,4.0,4.8818,1.22045,0.5018,0.004,4.8818,1.22045,0.5018,13300,00-0041080
Tyler Baron,ED,Jets,True,2025,4.0,4.520216,1.130054,0.320216,0.004,4.876393,1.219098,0.345448,12536,00-0040196
Khalid Kareem,ED,49ers,True,2026,1.0,1.215,1.215,0.0,0.004,1.215,1.215,0.0,8887,00-0036341
Patrick Johnson,ED,Raiders,True,2026,1.0,1.215,1.215,0.0,0.004,1.215,1.215,0.0,9698,00-0036922
Malik Herring,ED,Dolphins,True,2026,1.0,1.215,1.215,0.0,0.004,1.215,1.215,0.0,9814,00-0036682
Jaylen Harrell,ED,Titans,True,2024,4.0,4.100736,1.025184,0.080736,0.004,4.836107,1.209027,0.095214,11860,00-0039436
Robert Beal Jr.,ED,Dolphins,True,2026,1.0,1.195,1.195,0.05,0.004,1.195,1.195,0.05,10997,00-0038603
James Houston,ED,Cowboys,True,2025,2.0,2.175,1.0875,0.0,0.004,2.346383,1.173191,0.0,10262,00-0037310
Kingsley Jonathan,ED,Jets,True,2025,2.0,2.175,1.0875,0.0,0.004,2.346383,1.173191,0.0,10603,00-0037431
Caden Curry,ED,Colts,True,2026,4.0,4.586532,1.146633,0.206532,0.004,4.586532,1.146633,0.206532,13358,00-0041111
Eku Leota,ED,Cardinals,True,2026,1.0,1.145,1.145,0.0,0.004,1.145,1.145,0.0,11094,00-0038782
Jonathan Garvin,ED,Bears,True,2026,1.0,1.145,1.145,0.0,0.004,1.145,1.145,0.0,8982,00-0036239
Payton Turner,ED,Lions,True,2026,1.0,1.145,1.145,0.0,0.004,1.145,1.145,0.0,9492,00-0036926
Sam Williams,ED,Browns,True,2026,1.0,1.145,1.145,0.0,0.004,1.145,1.145,0.0,10101,00-0037665
Zach Durfee,ED,Jaguars,True,2026,4.0,4.531856,1.132964,0.151856,0.004,4.531856,1.132964,0.151856,13377,00-0041122
Mohamed Kamara,ED,Buccaneers,True,2026,2.0,2.265,1.1325,0.0,0.004,2.265,1.1325,0.0,11766,00-0039877
Quintayvious Hutchins,ED,Patriots,True,2026,4.0,4.502092,1.125523,0.122092,0.004,4.502092,1.125523,0.122092,13391,00-0041402
Braiden McGregor,ED,Jets,True,2024,3.0,2.85,0.95,0.22,0.004,3.361081,1.12036,0.259452,11900,00-0039284
Ali Gaye,ED,Texans,True,2025,2.0,2.035,1.0175,0.0,0.004,2.195351,1.097676,0.0,11349,00-0038724
Tyler Batty,ED,Vikings,True,2025,3.0,2.99,0.996667,0.259,0.004,3.225602,1.075201,0.279408,12629,00-0040492
Keir Thomas,ED,Rams,True,2026,1.0,1.075,1.075,0.0,0.004,1.075,1.075,0.0,10404,00-0037057
Dondrea Tillman,ED,Broncos,True,2026,1.0,1.075,1.075,0.0,0.004,1.075,1.075,0.0,12311,00-0037799
Bo Richter,ED,Vikings,True,2026,1.0,1.075,1.075,0.0,0.004,1.075,1.075,0.0,11898,00-0039718
Danny Striggow,ED,Jaguars,True,2025,3.0,2.985,0.995,0.254,0.004,3.220208,1.073403,0.274014,12863,00-0040342
Chaz Chambliss,ED,Vikings,True,2025,3.0,2.985,0.995,0.22,0.004,3.220208,1.073403,0.237335,12656,00-0040496
Adin Huntington,ED,Browns,True,2025,3.0,2.985,0.995,0.18,0.004,3.220208,1.073403,0.194183,12737,00-0040255
Elijah Ponder,ED,Patriots,True,2025,3.0,2.98,0.993333,0.115,0.004,3.214814,1.071604,0.124062,13057,00-0040574
Elijah Williams,ED,Vikings,True,2025,3.0,2.965,0.988333,0.0,0.004,3.198632,1.06621,0.0,12897,00-0040624
Wesley Bailey,ED,Rams,True,2026,3.0,3.135,1.045,0.035,0.003,3.135,1.045,0.035,13788,00-0041404
Bryan Thomas Jr.,ED,Jaguars,True,2026,3.0,3.13,1.043333,0.2775,0.003,3.13,1.043333,0.2775,13530,00-0041218
Ethan Burke,ED,Ravens,True,2026,3.0,3.12,1.04,0.02,0.003,3.12,1.04,0.02,13456,00-0040978
Jack Pyburn,ED,Chiefs,True,2026,3.0,3.115,1.038333,0.115,0.003,3.115,1.038333,0.115,13765,00-0041256
Sabastian Harsh,ED,Texans,True,2026,3.0,3.115,1.038333,0.165,0.003,3.115,1.038333,0.165,13511,00-0041305
Eric O'Neill,ED,Lions,True,2026,3.0,3.11,1.036667,0.06,0.003,3.11,1.036667,0.06,13690,00-0041459
Eddie Walls III,ED,Rams,True,2026,3.0,3.1,1.033333,0.0,0.003,3.1,1.033333,0.0,13792,00-0041429
Daniel Rickert,ED,Rams,True,2026,3.0,3.1,1.033333,0.0,0.003,3.1,1.033333,0.0,13866,
Mikail Kamara,ED,49ers,True,2026,3.0,3.1,1.033333,0.05,0.003,3.1,1.033333,0.05,13807,00-0041360
Andrew Farmer,ED,49ers,True,2026,1.0,1.005,1.005,0.0,0.003,1.005,1.005,0.0,11136,00-0038865
Jamree Kromah,ED,Bears,True,2026,1.0,1.005,1.005,0.0,0.003,1.005,1.005,0.0,12037,00-0039461
Solomon Byrd,ED,Texans,True,2026,1.0,1.005,1.005,0.0,0.003,1.005,1.005,0.0,11846,00-0039427
Ethan Downs,ED,Chiefs,True,2025,2.0,1.845,0.9225,0.0,0.003,1.99038,0.99519,0.0,12688,00-0040328
Truman Jones,ED,Titans,True,2025,2.0,1.845,0.9225,0.0,0.003,1.99038,0.99519,0.0,11318,00-0038514
Ahmed Hassanein,ED,Lions,True,2026,1.0,0.985,0.985,0.025,0.003,0.985,0.985,0.025,12556,
Ogbonnia Okoronkwo,ED,49ers,True,2026,1.0,0.4113,0.4113,0.0,0.001,0.4113,0.4113,0.0,7045,00-0034807
Marcus Davenport,ED,Bears,True,2026,1.0,0.4113,0.4113,0.0,0.001,0.4113,0.4113,0.0,6899,00-0034344
Jeremiah Moon,ED,Panthers,True,2026,1.0,0.4113,0.4113,0.0,0.001,0.4113,0.4113,0.0,10391,00-0037179
Esezi Otomewo,ED,Steelers,True,2026,1.0,0.4113,0.4113,0.0,0.001,0.4113,0.4113,0.0,10210,00-0037274
Azeez Ojulari,ED,Raiders,True,2026,1.0,0.4113,0.4113,0.0,0.001,0.4113,0.4113,0.0,9514,00-0036552
Zach Harrison,ED,Falcons,True,2026,1.0,0.4113,0.4113,0.0,0.001,0.4113,0.4113,0.0,10899,00-0038980
Clelin Ferrell,ED,Dolphins,True,2026,1.0,0.4113,0.4113,0.0,0.001,0.4113,0.4113,0.0,7795,00-0035692
Emmanuel Ogbah,ED,Chiefs,True,2026,1.0,0.4113,0.4113,0.0,0.001,0.4113,0.4113,0.0,4745,00-0033073
Arron Mosby,ED,Packers,True,2026,1.0,0.4113,0.4113,0.0,0.001,0.4113,0.4113,0.0,10406,00-0037364
Isaiah Foskey,ED,Bengals,True,2026,1.0,0.3303,0.3303,0.0,0.001,0.3303,0.3303,0.0,10864,00-0039143
Jihad Ward,ED,Vikings,True,2026,1.0,0.3303,0.3303,0.0,0.001,0.3303,0.3303,0.0,4757,00-0033046
Malik Harrison,ED,Giants,True,2026,1.0,0.3303,0.3303,0.0,0.001,0.3303,0.3303,0.0,8838,00-0036280
Larrell Murchison,ED,Rams,True,2026,1.0,0.3303,0.3303,0.0,0.001,0.3303,0.3303,0.0,8914,00-0036237
Caleb Murphy,ED,Chargers,True,2026,1.0,0.3303,0.3303,0.0,0.001,0.3303,0.3303,0.0,11364,00-0038851
Paschal Ekeji,ED,Jets,True,2026,1.0,0.2475,0.2475,0.0,0.001,0.2475,0.2475,0.0,13136,
Bralen Trice,ED,Falcons,True,2026,1.0,0.2475,0.2475,0.0,0.001,0.2475,0.2475,0.0,11682,00-0039837
Mason Reiger,ED,Eagles,True,2026,1.0,0.2475,0.2475,0.0,0.001,0.2475,0.2475,0.0,13431,00-0041162
Trace Ford,ED,Giants,True,2026,1.0,0.2475,0.2475,0.0,0.001,0.2475,0.2475,0.0,12701,00-0040434
Fadil Diggs,ED,Saints,True,2026,1.0,0.2475,0.2475,0.0,0.001,0.2475,0.2475,0.0,12614,00-0040249
Nate Lynn,ED,Jets,True,2026,1.0,0.2475,0.2475,0.0,0.001,0.2475,0.2475,0.0,12136,00-0039447
Max Llewellyn,ED,Dolphins,True,2026,1.0,0.2475,0.2475,0.0,0.001,0.2475,0.2475,0.0,13382,00-0041531
Adisa Isaac,ED,Ravens,True,2026,1.0,0.2475,0.2475,0.0,0.001,0.2475,0.2475,0.0,11701,00-0039791
Carl Jones Jr.,ED,Ravens,True,2026,1.0,0.2475,0.2475,0.0,0.001,0.2475,0.2475,0.0,11918,00-0039460
Kaimon Rucker,ED,Ravens,True,2026,1.0,0.2475,0.2475,0.0,0.001,0.2475,0.2475,0.0,12847,00-0040658
Keyshawn James-Newby,ED,Eagles,True,2026,1.0,0.2475,0.2475,0.0,0.001,0.2475,0.2475,0.0,13396,00-0040908
Mitchell Melton,ED,Colts,True,2026,1.0,0.2475,0.2475,0.0,0.001,0.2475,0.2475,0.0,13519,00-0041230
Joshua Weru,ED,Eagles,True,2026,1.0,0.2475,0.2475,0.0,0.001,0.2475,0.2475,0.0,13660,00-0040926
Nadame Tucker,ED,Browns,True,2026,1.0,0.2475,0.2475,0.0,0.001,0.2475,0.2475,0.0,13597,00-0041385
Andre Jones Jr.,ED,Bills,True,2026,1.0,0.2475,0.2475,0.0,0.001,0.2475,0.2475,0.0,11057,00-0038635
Mapalo Mwansa,ED,Panthers,True,2026,1.0,0.2475,0.2475,0.0,0.001,0.2475,0.2475,0.0,12618,
Julius Welschof,ED,Steelers,True,2026,1.0,0.2475,0.2475,0.0,0.001,0.2475,0.2475,0.0,12075,00-0039931
Aidan Hubbard,ED,Seahawks,True,2026,1.0,0.2475,0.2475,0.0,0.001,0.2475,0.2475,0.0,13814,00-0040972
Rodney McGraw,ED,Dolphins,True,2026,1.0,0.2475,0.2475,0.0,0.001,0.2475,0.2475,0.0,13439,00-0041159
Logan Fano,ED,Browns,True,2026,1.0,0.2475,0.2475,0.0,0.001,0.2475,0.2475,0.0,13475,00-0041279
Khordae Sydnor,ED,Browns,True,2026,1.0,0.2475,0.2475,0.0,0.001,0.2475,0.2475,0.0,13479,00-0041285
Adedayo Odeleye,ED,Cowboys,True,2026,1.0,0.2475,0.2475,0.0,0.001,0.2475,0.2475,0.0,10742,00-0038144
D.J. Johnson,ED,Commanders,True,2026,1.0,0.2475,0.2475,0.0,0.001,0.2475,0.2475,0.0,10904,00-0038535
Johnny Walker Jr.,ED,Broncos,True,2026,1.0,0.2475,0.2475,0.0,0.001,0.2475,0.2475,0.0,12883,00-0040452
Jalen McLeod,ED,Jaguars,True,2026,1.0,0.2475,0.2475,0.0,0.001,0.2475,0.2475,0.0,12554,00-0040209
Garmon Randolph,ED,Bengals,True,2026,1.0,0.2475,0.2475,0.0,0.001,0.2475,0.2475,0.0,12978,00-0040472
Chris Braswell,ED,Texans,True,2026,1.0,0.2475,0.2475,0.0,0.001,0.2475,0.2475,0.0,11665,00-0039902
Cian Slone,ED,Raiders,True,2026,1.0,0.2475,0.2475,0.0,0.001,0.2475,0.2475,0.0,13617,00-0041006
Nyjalik Kelly,ED,Packers,True,2026,1.0,0.2475,0.2475,0.0,0.001,0.2475,0.2475,0.0,13701,00-0040944
David Ebuka Agoha,ED,Broncos,True,2026,1.0,0.2475,0.2475,0.0,0.001,0.2475,0.2475,0.0,11483,
Anthony Goodlow,ED,Panthers,True,2026,1.0,0.2475,0.2475,0.0,0.001,0.2475,0.2475,0.0,11885,00-0039783
Tyreke Smith,ED,Chiefs,True,2026,1.0,0.2475,0.2475,0.0,0.001,0.2475,0.2475,0.0,10203,00-0037080
Anthony Lucas,ED,Lions,True,2026,1.0,0.2475,0.2475,0.0,0.001,0.2475,0.2475,0.0,13688,00-0041458
Andre Carter II,ED,Chargers,True,2026,1.0,0.2475,0.2475,0.0,0.001,0.2475,0.2475,0.0,11084,00-0038801
Jose Ramirez,ED,Patriots,True,2026,1.0,0.2475,0.2475,0.0,0.001,0.2475,0.2475,0.0,11020,00-0039053
Bradyn Swinson,ED,Steelers,True,2026,1.0,0.2475,0.2475,0.0,0.001,0.2475,0.2475,0.0,12506,00-0040176
Vincent Anthony,ED,49ers,True,2026,1.0,0.2475,0.2475,0.0,0.001,0.2475,0.2475,0.0,13573,00-0040950
Amari Gainer,ED,Dolphins,True,2026,1.0,0.2475,0.2475,0.0,0.001,0.2475,0.2475,0.0,11876,00-0039539
Roquan Smith,LB,Ravens,True,2023,5.0,100.0,20.0,45.0,0.08900000000000001,133.985765,26.797153,60.293594,6893,00-0034874
Nick Herbig,LB,Steelers,True,2026,4.0,100.0,25.0,21.0,0.083,100.0,25.0,21.0,10956,00-0038577
Fred Warner,LB,49ers,True,2025,3.0,63.0,21.0,18.15,0.075,67.964183,22.654728,19.580158,6955,00-0034815
Jack Campbell,LB,Lions,True,2026,4.0,81.0,20.25,23.007549,0.067,81.0,20.25,23.007549,10842,00-0039018
Zack Baun,LB,Eagles,True,2025,3.0,51.0,17.0,34.0,0.061,55.018625,18.339542,36.679083,8814,00-0036418
Azeez Al-Shaair,LB,Texans,True,2026,3.0,54.0,18.0,38.75,0.06,54.0,18.0,38.75,8212,00-0035166
Nick Bolton,LB,Chiefs,True,2025,3.0,45.0,15.0,30.0,0.054000000000000006,48.545845,16.181948,32.363897,9522,00-0036621
Jamien Sherwood,LB,Jets,True,2025,3.0,45.0,15.0,30.0,0.054000000000000006,48.545845,16.181948,32.363897,9610,00-0036500
Patrick Queen,LB,Steelers,True,2024,3.0,41.0,13.666666,13.84,0.054000000000000006,48.352388,16.117462,16.321879,8768,00-0036323
Jordyn Brooks,LB,Dolphins,True,2026,3.0,48.05,16.016667,26.5,0.053,48.05,16.016667,26.5,8767,00-0036409
Devin Lloyd,LB,Panthers,True,2026,3.0,45.0,15.0,25.0,0.05,45.0,15.0,25.0,10072,00-0037244
Jeremiah Owusu-Koramoah,LB,Browns,True,2024,3.0,37.5,12.5,20.0,0.049,44.224745,14.741582,23.586531,9516,00-0036915
Quay Walker,LB,Raiders,True,2026,3.0,40.5,13.5,28.0,0.045,40.5,13.5,28.0,10067,00-0037074
Nakobe Dean,LB,Raiders,True,2026,3.0,36.03,12.01,20.0,0.04,36.03,12.01,20.0,10128,00-0037615
Tremaine Edmunds,LB,Giants,True,2026,3.0,36.0,12.0,23.7,0.04,36.0,12.0,23.7,6901,00-0034673
Robert Spillane,LB,Patriots,True,2025,3.0,33.0,11.0,20.6,0.039,35.600287,11.866762,22.223209,7595,00-0034720
Foyesade Oluokun,LB,Jaguars,True,2024,3.0,30.0,10.0,21.5,0.039,35.379796,11.793265,25.355521,7085,00-0034413
Terrel Bernard,LB,Bills,True,2025,4.0,42.0,10.5,14.1,0.038,45.309456,11.327364,15.211032,10134,00-0037254
Kaden Elliss,LB,Saints,True,2026,3.0,33.0,11.0,23.0,0.037000000000000005,33.0,11.0,23.0,8035,00-0035316
Demario Davis,LB,Jets,True,2026,2.0,22.0,11.0,15.0,0.037000000000000005,22.0,11.0,15.0,984,00-0029607
T.J. Edwards,LB,Bears,True,2025,2.0,20.0,10.0,16.65,0.036000000000000004,21.575931,10.787966,17.961963,8427,00-0035386
Ernest Jones,LB,Seahawks,True,2025,3.0,28.5,9.5,10.0,0.034,30.745702,10.248567,10.787966,9567,00-0036994
Devin Bush,LB,Bears,True,2026,3.0,30.0,10.0,21.0,0.033,30.0,10.0,21.0,7801,00-0035525
Sonny Styles,LB,Commanders,True,2026,4.0,37.211592,9.302898,37.211592,0.031,37.211592,9.302898,37.211592,13151,00-0041028
Zaire Franklin,LB,Packers,True,2026,2.0,18.01,9.005,3.75,0.03,18.01,9.005,3.75,7120,00-0034431
Blake Cashman,LB,Vikings,True,2024,3.0,22.5,7.5,9.475,0.028999999999999998,26.534847,8.844949,11.174119,7948,00-0035276
Pete Werner,LB,Saints,True,2024,3.0,22.5,7.5,11.185185,0.028999999999999998,26.534847,8.844949,13.190986,9524,00-0036927
Derrick Barnes,LB,Lions,True,2025,3.0,24.0,8.0,16.0,0.028999999999999998,25.891117,8.630372,17.260745,9577,00-0036964
Alex Anzalone,LB,Buccaneers,True,2026,2.0,17.0,8.5,12.0,0.027999999999999997,17.0,8.5,12.0,5662,00-0033914
Zaven Collins,LB,Cardinals,True,2024,2.0,14.0,7.0,11.25,0.027000000000000003,16.510572,8.255286,13.267424,9480,00-0036933
Leo Chenal,LB,Commanders,True,2026,3.0,24.75,8.25,12.4,0.027000000000000003,24.75,8.25,12.4,10148,00-0037819
Nate Landman,LB,Rams,True,2025,3.0,22.5,7.5,10.277777,0.027000000000000003,24.272923,8.090974,11.08763,10377,00-0037587
Henry To'oTo'o,LB,Texans,True,2026,2.0,16.0,8.0,12.424,0.027000000000000003,16.0,8.0,12.424,10991,00-0038599
Cody Barton,LB,Titans,True,2025,3.0,21.0,7.0,13.3,0.025,22.654728,7.551576,14.347994,7879,00-0035672
Divine Deablo,LB,Falcons,True,2025,2.0,14.0,7.0,6.66,0.025,15.103152,7.551576,7.184785,9544,00-0036990
Eric Wilson,LB,Vikings,True,2026,3.0,22.5,7.5,12.5,0.025,22.5,7.5,12.5,5904,00-0033336
Alex Singleton,LB,Broncos,True,2026,2.0,15.0,7.5,11.0,0.025,15.0,7.5,11.0,4507,00-0031898
Christian Elliss,LB,Patriots,True,2025,2.0,13.508,6.754,7.75,0.024,14.572384,7.286192,8.360673,9907,00-0036813
Quincy Williams,LB,Browns,True,2026,2.0,13.0,6.5,9.0,0.022000000000000002,13.0,6.5,9.0,7889,00-0035680
Dre Greenlaw,LB,49ers,True,2026,1.0,6.0,6.0,6.0,0.02,6.0,6.0,6.0,7939,00-0034982
Justin Strnad,LB,Broncos,True,2026,3.0,18.0,6.0,10.0,0.02,18.0,6.0,10.0,8918,00-0036428
Mack Wilson,LB,Cardinals,True,2024,3.0,12.75,4.25,6.445,0.017,15.036413,5.012138,7.60076,7946,00-0035144
E.J. Speed,LB,Texans,True,2026,2.0,10.0,5.0,7.5,0.017,10.0,5.0,7.5,7955,00-0034987
Isaiah McDuffie,LB,Packers,True,2026,1.0,4.85,4.85,1.5,0.016,4.85,4.85,1.5,9684,00-0036658
Jihaad Campbell,LB,Eagles,True,2025,4.0,14.903574,3.725894,14.903574,0.013000000000000001,16.077924,4.019482,16.077924,12391,00-0040708
Drake Thomas,LB,Seahawks,True,2026,2.0,8.0,4.0,3.0,0.013000000000000001,8.0,4.0,3.0,11399,00-0038922
D'Marco Jackson,LB,Bears,True,2026,2.0,7.5,3.75,3.625,0.012,7.5,3.75,3.625,10206,00-0037271
Del'Shawn Phillips,LB,Chargers,True,2026,2.0,7.5,3.75,4.0,0.012,7.5,3.75,4.0,8388,00-0035202
Jack Gibbens,LB,Cardinals,True,2026,2.0,7.5,3.75,4.0,0.012,7.5,3.75,4.0,10502,00-0037596
Micah McFadden,LB,Giants,True,2026,1.0,3.75,3.75,2.9,0.012,3.75,3.75,2.9,10191,00-0037259
Ivan Pace Jr.,LB,Vikings,True,2026,1.0,3.52,3.52,0.0,0.012,3.52,3.52,0.0,11085,00-0038807
Drue Tranquill,LB,Chiefs,True,2026,1.0,3.5,3.5,2.995,0.012,3.5,3.5,2.995,7921,00-0035262
Dennis Gardeck,LB,Jaguars,True,2026,2.0,6.5,3.25,3.15,0.011000000000000001,6.5,3.25,3.15,7530,00-0034473
Carson Schwesinger,LB,Browns,True,2025,4.0,11.8004,2.9501,11.8004,0.011000000000000001,12.730231,3.182558,12.730231,12393,00-0040579
Troy Dye,LB,Chargers,True,2025,2.0,5.5,2.75,3.0,0.01,5.933381,2.966691,3.23639,8872,00-0036338
Jacob Rodriguez,LB,Dolphins,True,2026,4.0,11.606848,2.901712,11.606848,0.01,11.606848,2.901712,11.606848,13187,00-0041522
Jake Hansen,LB,Texans,True,2025,1.0,2.675,2.675,1.65,0.01,2.885781,2.885781,1.780014,10428,00-0037457
Denzel Perryman,LB,Chargers,True,2026,1.0,2.79,2.79,0.5,0.009000000000000001,2.79,2.79,0.5,3896,00-0032103
Malcolm Rodriguez,LB,Lions,True,2026,1.0,2.75,2.75,2.7,0.009000000000000001,2.75,2.75,2.7,10233,00-0037289
Christian Harris,LB,Falcons,True,2026,1.0,2.75,2.75,1.985,0.009000000000000001,2.75,2.75,1.985,10120,00-0037823
Josiah Trotter,LB,Buccaneers,True,2026,4.0,10.903592,2.725898,10.903592,0.009000000000000001,10.903592,2.725898,10.903592,13190,00-0041502
Akeem Davis-Gaither,LB,Colts,True,2026,1.0,2.725,2.725,1.5,0.009000000000000001,2.725,2.725,1.5,8847,00-0036298
Oren Burks,LB,Bengals,True,2025,2.0,5.0,2.5,0.75,0.009000000000000001,5.393983,2.696991,0.809097,6973,00-0034754
Edgerrin Cooper,LB,Packers,True,2024,4.0,8.59892,2.14973,6.568275,0.008,10.140935,2.535234,7.746141,11653,00-0039850
Cole Holcomb,LB,Steelers,True,2026,2.0,5.0,2.5,0.625,0.008,5.0,2.5,0.625,7964,00-0035286
Luke Gifford,LB,49ers,True,2026,2.0,5.0,2.5,2.01,0.008,5.0,2.5,2.01,8451,00-0035413
Demetrius Knight,LB,Bengals,True,2025,4.0,9.012498,2.253125,7.114211,0.008,9.722652,2.430664,7.674786,12409,00-0040738
Jake Golday,LB,Vikings,True,2026,4.0,9.600932,2.400233,8.394113,0.008,9.600932,2.400233,8.394113,13195,00-0041495
Jake Hummel,LB,Texans,True,2026,2.0,4.75,2.375,2.15,0.008,4.75,2.375,2.15,10773,00-0037633
C.J. Allen,LB,Colts,True,2026,4.0,9.128944,2.282236,7.638045,0.008,9.128944,2.282236,7.638045,13197,00-0041039
Nick Niemann,LB,Packers,True,2026,1.0,2.25,2.25,0.5,0.006999999999999999,2.25,2.25,0.5,9649,00-0036648
Grant Stuard,LB,Rams,True,2026,2.0,4.45,2.225,1.8,0.006999999999999999,4.45,2.225,1.8,9723,00-0036672
Anthony Hill Jr.,LB,Titans,True,2026,4.0,8.11419,2.028548,6.122709,0.006999999999999999,8.11419,2.028548,6.122709,13204,00-0041479
Daiyan Henley,LB,Chargers,True,2023,4.0,5.420426,1.355107,0.942128,0.006,7.262599,1.81565,1.262317,10909,00-0038553
Trenton Simpson,LB,Ravens,True,2023,4.0,5.404502,1.351126,0.930548,0.006,7.241263,1.810317,1.246802,10910,00-0038504
DeMarvion Overshown,LB,Cowboys,True,2023,4.0,5.390022,1.347506,0.920016,0.006,7.221862,1.805466,1.23269,10914,00-0038556
Dorian Williams,LB,Bills,True,2023,4.0,5.382806,1.345702,0.914768,0.006,7.212194,1.803049,1.225659,10915,00-0038557
Nick Martin,LB,49ers,True,2025,4.0,6.561668,1.640417,1.41212,0.006,7.078705,1.769676,1.52339,12435,00-0040135
Trevin Wallace,LB,CAR/NYJ,True,2024,4.0,5.959836,1.489959,1.154424,0.006,7.028593,1.757148,1.361443,11680,00-0039347
Marist Liufau,LB,Cowboys,True,2024,4.0,5.691514,1.422879,0.959284,0.006,6.712154,1.678039,1.131309,11695,00-0039352
Ty'Ron Hopper,LB,Packers,True,2024,4.0,5.678024,1.419506,0.949472,0.006,6.696244,1.674061,1.119738,11699,00-0039812
Payton Wilson,LB,Steelers,True,2024,4.0,5.596312,1.399078,0.890044,0.005,6.599879,1.64997,1.049653,11706,00-0039741
Christian Rozeboom,LB,Buccaneers,True,2026,1.0,1.55,1.55,0.95,0.005,1.55,1.55,0.95,9225,00-0035942
Ventrell Miller,LB,Jaguars,True,2023,4.0,4.576936,1.144234,0.736936,0.005,6.132443,1.533111,0.987389,10945,00-0038570
Bobby Okereke,LB,Panthers,True,2026,1.0,1.5,1.5,1.33,0.005,1.5,1.5,1.33,7880,00-0035687
Cedric Gray,LB,Titans,True,2024,4.0,4.854492,1.213623,0.834492,0.005,5.725031,1.431258,0.984139,11714,00-0039858
Jack Cochrane,LB,Chiefs,True,2026,1.0,1.415,1.415,0.65,0.005,1.415,1.415,0.65,10718,00-0037208
Tyrice Knight,LB,Seahawks,True,2024,4.0,4.79256,1.19814,0.77256,0.005,5.651993,1.412998,0.911101,11726,00-0039815
Danny Stutsman,LB,Saints,True,2025,4.0,5.228364,1.307091,1.028364,0.005,5.640341,1.410085,1.109396,12472,00-0040155
Jamal Adams,LB,Vikings,True,2026,1.0,1.41,1.41,0.06,0.005,1.41,1.41,0.06,5590,00-0033872
Yasir Abdullah,LB,JAX/ATL,True,2023,4.0,4.205216,1.051304,0.365216,0.005,5.634391,1.408598,0.489337,10960,00-0038580
Cody Simon,LB,Cardinals,True,2025,4.0,5.20476,1.30119,1.00476,0.005,5.614877,1.403719,1.083932,12475,00-0040645
"Willie Gay, Jr.",LB,Dolphins,True,2026,1.0,1.4025,1.4025,0.6875,0.005,1.4025,1.4025,0.6875,8803,00-0036362
Damone Clark,LB,Lions,True,2026,1.0,1.4025,1.4025,0.075,0.005,1.4025,1.4025,0.075,10221,00-0037281
Chazz Surratt,LB,Seahawks,True,2026,1.0,1.4,1.4,0.35,0.005,1.4,1.4,0.35,9542,00-0037003
Barrett Carter,LB,Bengals,True,2025,4.0,5.182116,1.295529,0.982116,0.005,5.590449,1.397612,1.059503,12479,00-0040157
Noah Sewell,LB,Bears,True,2023,4.0,4.164948,1.041237,0.324948,0.005,5.580437,1.395109,0.435384,10972,00-0038390
SirVocea Dennis,LB,Buccaneers,True,2023,4.0,4.157328,1.039332,0.317328,0.005,5.570228,1.392557,0.425174,10977,00-0039049
Jimmy Rolder,LB,Lions,True,2026,4.0,5.53296,1.38324,1.15296,0.005,5.53296,1.38324,1.15296,13262,00-0041442
Teddye Buchanan,LB,Ravens,True,2025,4.0,5.102896,1.275724,0.902896,0.005,5.504987,1.376247,0.974041,12489,00-0040069
Wade Woodaz,LB,Texans,True,2026,4.0,5.48278,1.370695,1.10278,0.005,5.48278,1.370695,1.10278,13267,00-0041465
Ruben Hyppolite II,LB,Bears,True,2025,4.0,5.079588,1.269897,0.879588,0.005,5.479842,1.369961,0.948897,12492,00-0040167
Owen Pappoe,LB,ARI/TEN,True,2023,4.0,4.08498,1.021245,0.24498,0.005,5.473292,1.368323,0.328238,10992,00-0038600
Kaleb Elarms-Orr,LB,Bills,True,2026,4.0,5.46296,1.36574,1.08296,0.005,5.46296,1.36574,1.08296,13270,00-0041444
Trevor Nowaske,LB,Lions,True,2026,1.0,1.35,1.35,0.55,0.004,1.35,1.35,0.55,11481,00-0038660
Jahlani Tavai,LB,Jaguars,True,2026,1.0,1.35,1.35,0.0,0.004,1.35,1.35,0.0,7834,00-0035240
Dee Winters,LB,SF/DAL,True,2023,4.0,3.973332,0.993333,0.133332,0.004,5.323699,1.330925,0.178646,11040,00-0038625
Devin White,LB,Lions,True,2026,1.0,1.3,1.3,0.0,0.004,1.3,1.3,0.0,7796,00-0035707
Josh Woods,LB,Falcons,True,2026,1.0,1.3,1.3,0.0,0.004,1.3,1.3,0.0,7670,00-0034801
Claudin Cherelus,LB,Panthers,True,2026,1.0,1.295,1.295,0.4613,0.004,1.295,1.295,0.4613,11258,00-0038493
Jordan Magee,LB,Commanders,True,2024,4.0,4.391228,1.097807,0.371228,0.004,5.178692,1.294673,0.437799,11747,00-0039368
Bryce Boettcher,LB,Colts,True,2026,4.0,5.169036,1.292259,0.789036,0.004,5.169036,1.292259,0.789036,13279,00-0041518
Kendal Daniels,LB,Falcons,True,2026,4.0,5.169036,1.292259,0.789036,0.004,5.169036,1.292259,0.789036,13278,00-0041066
Kyle Louis,LB,Dolphins,True,2026,4.0,5.169036,1.292259,0.789036,0.004,5.169036,1.292259,0.789036,13282,00-0041527
J.D. Bertrand,LB,Falcons,True,2024,4.0,4.370024,1.092506,0.350024,0.004,5.153685,1.288421,0.412793,11751,00-0039370
Tommy Eichenberg,LB,Raiders,True,2024,4.0,4.357712,1.089428,0.337712,0.004,5.139165,1.284791,0.398273,11756,00-0039374
Jeremiah Trotter Jr.,LB,Eagles,True,2024,4.0,4.348468,1.087117,0.328468,0.004,5.128264,1.282066,0.387371,11763,00-0039826
Jaylan Ford,LB,Saints,True,2024,4.0,4.274276,1.068569,0.254276,0.004,5.040767,1.260192,0.299874,11783,00-0039388
Shemar James,LB,Cowboys,True,2025,4.0,4.623436,1.155859,0.423436,0.004,4.987747,1.246937,0.456801,12512,00-0040011
Darius Muasau,LB,NYG/NE,True,2024,4.0,4.220912,1.055228,0.200912,0.004,4.977834,1.244458,0.236941,11791,00-0039829
Jeffrey Bassa,LB,Chiefs,True,2025,4.0,4.613652,1.153413,0.413652,0.004,4.977192,1.244298,0.446246,12516,00-0040072
Garret Wallow,LB,49ers,True,2026,1.0,1.24,1.24,0.3303,0.004,1.24,1.24,0.3303,9634,00-0036844
Smael Mondon Jr.,LB,Eagles,True,2025,4.0,4.59546,1.148865,0.39546,0.004,4.957566,1.239392,0.426621,12521,00-0040013
Francisco Mauigoa,LB,Jets,True,2025,4.0,4.594528,1.148632,0.394528,0.004,4.956561,1.23914,0.425615,12522,00-0040186
Justin Jefferson,LB,Browns,True,2026,4.0,4.901056,1.225264,0.521056,0.004,4.901056,1.225264,0.521056,13293,00-0041075
Jaden Dugger,LB,49ers,True,2026,4.0,4.883348,1.220837,0.503348,0.004,4.883348,1.220837,0.503348,13298,00-0041078
Jack Sanborn,LB,Bears,True,2026,1.0,1.215,1.215,0.0,0.004,1.215,1.215,0.0,10692,00-0037109
Nephi Sewell,LB,Bears,True,2026,1.0,1.215,1.215,0.0,0.004,1.215,1.215,0.0,10655,00-0037544
Joe Bachie,LB,Lions,True,2026,1.0,1.215,1.215,0.0,0.004,1.215,1.215,0.0,9386,00-0035895
Keyshaun Elliott,LB,Bears,True,2026,4.0,4.84754,1.211885,0.46754,0.004,4.84754,1.211885,0.46754,13310,00-0041085
James Williams,LB,Titans,True,2024,4.0,4.109492,1.027373,0.089492,0.004,4.846433,1.211608,0.10554,11850,00-0039430
Tatum Bethune,LB,49ers,True,2024,4.0,4.101808,1.025452,0.081808,0.004,4.837371,1.209343,0.096478,11859,00-0039435
Milo Eifler,LB,Titans,True,2026,2.0,2.405,1.2025,0.0,0.004,2.405,1.2025,0.0,9744,00-0036511
Kain Medrano,LB,Commanders,True,2025,4.0,4.408344,1.102086,0.208344,0.004,4.755706,1.188927,0.224761,12565,00-0040216
Karson Sharar,LB,Cardinals,True,2026,4.0,4.708432,1.177108,0.328432,0.004,4.708432,1.177108,0.328432,13327,00-0041093
Patrick O'Connell,LB,Seahawks,True,2025,2.0,2.175,1.0875,0.0,0.004,2.346383,1.173191,0.0,11493,00-0038764
Cody Lindenberg,LB,Raiders,True,2025,4.0,4.341168,1.085292,0.141168,0.004,4.683237,1.170809,0.152292,12582,00-0040228
Carson Bruener,LB,Steelers,True,2025,4.0,4.33694,1.084235,0.13694,0.004,4.678676,1.169669,0.14773,12586,00-0040231
Jack Kelly,LB,Giants,True,2026,4.0,4.662648,1.165662,0.282648,0.004,4.662648,1.165662,0.282648,13337,00-0041102
Segun Olubi,LB,Raiders,True,2026,1.0,1.16,1.16,0.015,0.004,1.16,1.16,0.015,10587,00-0037527
Namdi Obiazor,LB,Patriots,True,2026,4.0,4.618872,1.154718,0.238872,0.004,4.618872,1.154718,0.238872,13356,00-0041109
Zaire Barnes,LB,Giants,True,2026,1.0,1.15,1.15,0.25,0.004,1.15,1.15,0.25,11008,00-0038399
Harold Perkins Jr.,LB,Falcons,True,2026,4.0,4.586532,1.146633,0.206532,0.004,4.586532,1.146633,0.206532,13359,00-0041112
Tony Fields II,LB,Bears,True,2026,1.0,1.145,1.145,0.0,0.004,1.145,1.145,0.0,9617,00-0036634
Jackson Kuwatch,LB,Panthers,True,2026,4.0,4.53908,1.13477,0.15908,0.004,4.53908,1.13477,0.15908,13371,00-0041119
Parker Hughes,LB,Jaguars,True,2026,4.0,4.510792,1.127698,0.130792,0.004,4.510792,1.127698,0.130792,13384,00-0041127
Aiden Fisher,LB,Texans,True,2026,4.0,4.507568,1.126892,0.127568,0.004,4.507568,1.126892,0.127568,13387,00-0041449
Omar Speights,LB,Rams,True,2024,3.0,2.839,0.946333,0.009,0.004,3.348108,1.116036,0.010614,12148,00-0039774
Joe Andreessen,LB,Bills,True,2024,3.0,2.8325,0.944167,0.0025,0.004,3.340442,1.113481,0.002948,12278,00-0039763
Edefuan Ulofoshio,LB,Browns,True,2025,2.0,2.035,1.0175,0.0,0.004,2.195351,1.097676,0.0,11768,00-0039878
Shaun Dolac,LB,Rams,True,2025,3.0,2.99,0.996667,0.025,0.004,3.225602,1.075201,0.02697,12909,00-0040613
Levelle Bailey,LB,Broncos,True,2026,1.0,1.075,1.075,0.0,0.004,1.075,1.075,0.0,12104,00-0039565
Swayze Bozeman,LB,Bengals,True,2026,1.0,1.075,1.075,0.0,0.004,1.075,1.075,0.0,12196,00-0039313
Jay Higgins,LB,Ravens,True,2025,3.0,2.985,0.995,0.03,0.004,3.220208,1.073403,0.032364,12726,00-0040100
Bam Martin-Scott,LB,Panthers,True,2025,3.0,2.98,0.993333,0.29,0.004,3.214814,1.071604,0.312851,12791,00-0040289
Austin Keys,LB,Cardinals,True,2025,3.0,2.98,0.993333,0.249,0.004,3.214814,1.071604,0.26862,12767,00-0040501
Karene Reid,LB,Broncos,True,2025,3.0,2.98,0.993333,0.249,0.004,3.214814,1.071604,0.26862,12833,00-0040449
Easton Mascarenas-Arnold,LB,Browns,True,2025,3.0,2.975,0.991667,0.11,0.004,3.20942,1.069807,0.118668,12792,00-0040261
Dorian Mausi,LB,Titans,True,2025,3.0,2.97,0.99,0.05,0.004,3.204026,1.068009,0.05394,12793,00-0040503
Marlowe Wax,LB,Chargers,True,2025,3.0,2.968,0.989333,0.003,0.004,3.201868,1.067289,0.003236,12888,00-0040460
Cooper McDonald,LB,Chiefs,True,2025,3.0,2.965,0.988333,0.0,0.004,3.198632,1.06621,0.0,12986,00-0040118
Jordan Turner,LB,Broncos,True,2025,3.0,2.965,0.988333,0.0,0.004,3.198632,1.06621,0.0,13077,00-0040634
Tahj Chambers,LB,Colts,True,2026,3.0,3.11,1.036667,0.02,0.003,3.11,1.036667,0.02,13524,00-0041227
Khalil Jacobs,LB,Patriots,True,2026,3.0,3.1,1.033333,0.0,0.003,3.1,1.033333,0.0,13416,00-0041321
Austin Ajiake,LB,Colts,True,2026,1.0,1.005,1.005,0.0,0.003,1.005,1.005,0.0,11143,00-0039178
Winston Reid,LB,Browns,True,2026,1.0,1.005,1.005,0.0,0.003,1.005,1.005,0.0,12234,00-0039515
Jackson Woodard,LB,Dolphins,True,2025,2.0,1.845,0.9225,0.0,0.003,1.99038,0.99519,0.0,12904,00-0040066
Branson Combs,LB,Jaguars,True,2025,2.0,1.845,0.9225,0.0,0.003,1.99038,0.99519,0.0,12972,00-0040326
Jared Ivey,LB,Falcons,True,2026,3.0,2.98,0.993333,0.095,0.003,2.98,0.993333,0.095,12999,00-0040056
Erick Hunter,LB,Patriots,True,2026,1.0,0.885,0.885,0.0,0.003,0.885,0.885,0.0,13691,00-0041455
K.C. Ossai,LB,Texans,True,2026,1.0,0.885,0.885,0.0,0.003,0.885,0.885,0.0,12989,00-0040413
Jared Bartlett,LB,JAX/CAR,True,2026,1.0,0.885,0.885,0.0,0.003,0.885,0.885,0.0,13012,00-0040395
Kristian Welch,LB,Packers,True,2026,1.0,0.4113,0.4113,0.0,0.001,0.4113,0.4113,0.0,9333,00-0036157
Cam Jones,LB,Chiefs,True,2026,1.0,0.4113,0.4113,0.0,0.001,0.4113,0.4113,0.0,11314,00-0038513
Buddy Johnson,LB,Bears,True,2026,1.0,0.4113,0.4113,0.0,0.001,0.4113,0.4113,0.0,9604,00-0036870
K.J. Britt,LB,Patriots,True,2026,1.0,0.4113,0.4113,0.0,0.001,0.4113,0.4113,0.0,9640,00-0036643
Kyle Van Noy,LB,Vikings,True,2026,1.0,0.4113,0.4113,0.0,0.001,0.4113,0.4113,0.0,2979,00-0031360
Troy Reeder,LB,Jets,True,2026,1.0,0.4113,0.4113,0.0,0.001,0.4113,0.4113,0.0,8482,00-0035617
Isaiah Simmons,LB,Panthers,True,2026,1.0,0.4113,0.4113,0.0,0.001,0.4113,0.4113,0.0,8748,00-0036356
Curtis Robinson,LB,Cowboys,True,2026,1.0,0.3303,0.3303,0.0,0.001,0.3303,0.3303,0.0,9804,00-0036728
Mohamoud Diabate,LB,Titans,True,2026,1.0,0.3303,0.3303,0.0,0.001,0.3303,0.3303,0.0,11381,00-0038711
Amen Ogbongbemiga,LB,Lions,True,2026,1.0,0.3303,0.3303,0.0,0.001,0.3303,0.3303,0.0,9824,00-0036716
Cameron Robertson,LB,Cardinals,True,2026,1.0,0.2475,0.2475,0.0,0.001,0.2475,0.2475,0.0,13787,00-0041367
Riley Wilson,LB,Patriots,True,2026,1.0,0.2475,0.2475,0.0,0.001,0.2475,0.2475,0.0,13853,
Eugene Asante,LB,Cardinals,True,2026,1.0,0.2475,0.2475,0.0,0.001,0.2475,0.2475,0.0,12625,00-0040299
Jackson Sirmon,LB,Saints,True,2026,1.0,0.2475,0.2475,0.0,0.001,0.2475,0.2475,0.0,12021,00-0039288
Chandler Martin,LB,Giants,True,2026,1.0,0.2475,0.2475,0.0,0.001,0.2475,0.2475,0.0,12790,00-0040108
Jamie Sheriff,LB,Rams,True,2026,1.0,0.2475,0.2475,0.0,0.001,0.2475,0.2475,0.0,12331,00-0039944
Dominic DeLuca,LB,Ravens,True,2026,1.0,0.2475,0.2475,0.0,0.001,0.2475,0.2475,0.0,13466,00-0040980
Chance Campbell,LB,Eagles,True,2026,1.0,0.2475,0.2475,0.0,0.001,0.2475,0.2475,0.0,10264,00-0037312
Caden Fordham,LB,Buccaneers,True,2026,1.0,0.2475,0.2475,0.0,0.001,0.2475,0.2475,0.0,13766,00-0041338
Jack Kiser,LB,Jaguars,True,2026,1.0,0.2475,0.2475,0.0,0.001,0.2475,0.2475,0.0,12467,00-0040723
Keonta Jenkins,LB,Bills,True,2026,1.0,0.2475,0.2475,0.0,0.001,0.2475,0.2475,0.0,12910,00-0040362
Bangally Kamara,LB,Vikings,True,2026,1.0,0.2475,0.2475,0.0,0.001,0.2475,0.2475,0.0,13717,00-0041431
West Weeks,LB,Colts,True,2026,1.0,0.2475,0.2475,0.0,0.001,0.2475,0.2475,0.0,13521,00-0041236
Ben VanSumeren,LB,Chiefs,True,2026,1.0,0.2475,0.2475,0.0,0.001,0.2475,0.2475,0.0,11289,00-0038489
Darryl Peterson,LB,Rams,True,2026,1.0,0.2475,0.2475,0.0,0.001,0.2475,0.2475,0.0,13805,00-0041421
Eli Neal,LB,Rams,True,2026,1.0,0.2475,0.2475,0.0,0.001,0.2475,0.2475,0.0,11983,00-0039775
Liam Anderson,LB,Dolphins,True,2026,1.0,0.2475,0.2475,0.0,0.001,0.2475,0.2475,0.0,11222,00-0038429
Jamal Hill,LB,Texans,True,2026,1.0,0.2475,0.2475,0.0,0.001,0.2475,0.2475,0.0,11796,00-0039395
Junior Colson,LB,Chargers,True,2026,1.0,0.2475,0.2475,0.0,0.001,0.2475,0.2475,0.0,11677,00-0039346
Lander Barton,LB,Chargers,True,2026,1.0,0.2475,0.2475,0.0,0.001,0.2475,0.2475,0.0,13598,00-0041372
Cameron McGrone,LB,Raiders,True,2026,1.0,0.2475,0.2475,0.0,0.001,0.2475,0.2475,0.0,9641,00-0036644
Tyrel Dodson,LB,Panthers,True,2026,1.0,0.2475,0.2475,0.0,0.001,0.2475,0.2475,0.0,8394,00-0035352
Cole Christiansen,LB,Chiefs,True,2026,1.0,0.2475,0.2475,0.0,0.001,0.2475,0.2475,0.0,9077,00-0035900
Shaq Thompson,LB,Bills,True,2026,1.0,0.2475,0.2475,0.0,0.001,0.2475,0.2475,0.0,3873,00-0031550
Jalen Graham,LB,49ers,True,2026,1.0,0.2475,0.2475,0.0,0.001,0.2475,0.2475,0.0,11079,00-0038648
Jacoby Windmon,LB,Steelers,True,2026,1.0,0.2475,0.2475,0.0,0.001,0.2475,0.2475,0.0,12025,00-0039457
Jaden Keller,LB,Jets,True,2026,1.0,0.2475,0.2475,0.0,0.001,0.2475,0.2475,0.0,13454,00-0041410
Red Murdock,LB,Broncos,True,2026,1.0,0.2475,0.2475,0.0,0.001,0.2475,0.2475,0.0,13401,00-0041134
Joe Giles-Harris,LB,Bengals,True,2026,1.0,0.2475,0.2475,0.0,0.001,0.2475,0.2475,0.0,8262,00-0035363
Shaka Heyward,LB,Bengals,True,2026,1.0,0.2475,0.2475,0.0,0.001,0.2475,0.2475,0.0,11396,00-0038890
Jamon Johnson,LB,Ravens,True,2026,1.0,0.2475,0.2475,0.0,0.001,0.2475,0.2475,0.0,12689,00-0040037
Nathaniel Watson,LB,Browns,True,2026,1.0,0.2475,0.2475,0.0,0.001,0.2475,0.2475,0.0,11814,00-0039406
Yasir Holmes,LB,Buccaneers,True,2026,1.0,0.2475,0.2475,0.0,0.001,0.2475,0.2475,0.0,13778,00-0041434
Justin Barron,LB,Cowboys,True,2026,1.0,0.2475,0.2475,0.0,0.001,0.2475,0.2475,0.0,12990,00-0040043
Isaiah Land,LB,Cowboys,True,2026,1.0,0.2475,0.2475,0.0,0.001,0.2475,0.2475,0.0,11386,00-0038737
Javin Wright,LB,Buccaneers,True,2026,1.0,0.2475,0.2475,0.0,0.001,0.2475,0.2475,0.0,13780,00-0041424
Ale Kaho,LB,Commanders,True,2026,1.0,0.2475,0.2475,0.0,0.001,0.2475,0.2475,0.0,12762,00-0040318
Wayne Matthews,LB,Bears,True,2026,1.0,0.2475,0.2475,0.0,0.001,0.2475,0.2475,0.0,13687,00-0041408
Christian Gonzalez,CB,Patriots,True,2026,4.0,135.0,33.75,53.928482,0.11199999999999999,135.0,33.75,53.928482,10841,00-0039147
Devon Witherspoon,CB,Seahawks,True,2026,4.0,132.0,33.0,59.005702,0.11,132.0,33.0,59.005702,10829,00-0039169
Ahmad Gardner,CB,NYJ/IND,True,2025,4.0,120.4,30.1,40.5,0.10800000000000001,129.887106,32.471777,43.691261,10049,00-0037190
Derek Stingley Jr.,CB,Texans,True,2025,3.0,90.0,30.0,48.026026,0.107,97.091691,32.363897,51.810312,10048,00-0037237
Denzel Ward,CB,Browns,True,2026,2.0,62.2,31.1,39.8,0.10300000000000001,62.2,31.1,39.8,6889,00-0034856
Trent McDuffie,CB,Rams,True,2026,4.0,124.0,31.0,50.0,0.10300000000000001,124.0,31.0,50.0,10066,00-0037191
Marlon Humphrey,CB,Ravens,True,2020,5.0,97.5,19.5,39.957407,0.098,148.168517,29.633703,60.722356,5600,00-0033281
Jalen Ramsey,CB,MIA/PIT,True,2024,3.0,72.3,24.1,24.235,0.094,85.265309,28.42177,28.580979,4718,00-0033055
Patrick Surtain II,CB,Broncos,True,2024,4.0,96.0,24.0,40.688565,0.094,113.215348,28.303837,47.985105,9473,00-0036874
Jaycee Horn,CB,Panthers,True,2025,4.0,100.0,25.0,46.707,0.09,107.879656,26.969914,50.387351,9472,00-0036944
DaRon Bland,CB,Cowboys,True,2025,4.0,90.0,22.5,36.346,0.081,97.091691,24.272923,39.20994,10212,00-0037275
A.J. Terrell,CB,Falcons,True,2024,4.0,81.0,20.25,42.344,0.079,95.52545,23.881363,49.937403,8756,00-0036285
Tyson Campbell,CB,JAX/CLE,True,2024,4.0,76.5,19.125,31.4,0.075,90.218481,22.55462,37.030854,9497,00-0036974
Jaylon Johnson,CB,Bears,True,2024,4.0,76.0,19.0,43.8,0.07400000000000001,89.628818,22.407204,51.654503,8790,00-0036292
Deommodore Lenoir,CB,49ers,True,2024,5.0,89.8,17.96,15.468889,0.07,105.903524,21.180705,18.242871,9636,00-0036563
Byron Murphy,CB,Vikings,True,2025,3.0,54.0,18.0,34.78,0.064,58.255014,19.418338,37.520544,7824,00-0035236
Paulson Adebo,CB,Giants,True,2025,3.0,54.0,18.0,34.75,0.064,58.255014,19.418338,37.488181,9540,00-0036937
Carlton Davis,CB,Patriots,True,2025,3.0,54.0,18.0,34.5,0.064,58.255014,19.418338,37.218481,6948,00-0034778
Charvarius Ward,CB,Colts,True,2025,3.0,54.0,18.0,27.0,0.064,58.255014,19.418338,29.127507,7354,00-0034573
Alontae Taylor,CB,Titans,True,2026,3.0,58.0,19.333333,42.0,0.064,58.0,19.333333,42.0,10094,00-0038121
Christian Benford,CB,Bills,True,2025,4.0,69.0,17.25,18.85,0.062,74.436963,18.609241,20.335315,10230,00-0037288
Zyon McCollum,CB,Buccaneers,True,2025,3.0,48.0,16.0,20.0,0.057,51.782235,17.260745,21.575931,10202,00-0037268
D.J. Reed,CB,Lions,True,2025,3.0,48.0,16.0,32.0,0.057,51.782235,17.260745,34.52149,7027,00-0034384
Jaylen Watson,CB,Rams,True,2026,3.0,51.0,17.0,26.5,0.055999999999999994,51.0,17.0,26.5,10288,00-0037195
Cordale Flott,CB,Titans,True,2026,3.0,45.0,15.0,32.0,0.05,45.0,15.0,32.0,10126,00-0037758
Kyler Gordon,CB,Bears,True,2025,3.0,40.0,13.333333,21.256,0.048,43.151862,14.383954,22.9309,10084,00-0038111
Jalen Pitre,CB,Texans,True,2025,3.0,39.0,13.0,20.656,0.047,42.073066,14.024355,22.283622,10082,00-0037246
Brandon Stephens,CB,Jets,True,2025,3.0,36.0,12.0,22.98,0.043,38.836676,12.945559,24.790745,9568,00-0036987
Marcus Jones,CB,Patriots,True,2025,3.0,36.0,12.0,17.5,0.043,38.836676,12.945559,18.87894,10130,00-0037253
Jamel Dean,CB,Steelers,True,2026,3.0,36.75,12.25,13.5,0.040999999999999995,36.75,12.25,13.5,7885,00-0035699
Taron Johnson,CB,LV/BUF,True,2024,3.0,30.75,10.25,16.65,0.04,36.264291,12.088097,19.635787,7006,00-0034376
Tariq Woolen,CB,Eagles,True,2026,1.0,12.0,12.0,12.0,0.04,12.0,12.0,12.0,10198,00-0037079
Kristian Fulton,CB,Chiefs,True,2025,2.0,20.0,10.0,15.0,0.036000000000000004,21.575931,10.787966,16.181948,8801,00-0036416
Jourdan Lewis,CB,Jaguars,True,2025,3.0,30.0,10.0,20.0,0.036000000000000004,32.363897,10.787966,21.575931,5678,00-0033928
Montaric Brown,CB,Jaguars,True,2026,3.0,31.8,10.6,20.65,0.035,31.8,10.6,20.65,10267,00-0037313
Mansoor Delane,CB,Chiefs,True,2026,4.0,41.931362,10.482841,41.931362,0.035,41.931362,10.482841,41.931362,13150,00-0041543
Eric Stokes,CB,Raiders,True,2026,3.0,30.0,10.0,20.0,0.033,30.0,10.0,20.0,9493,00-0036901
Josh Jobe,CB,Seahawks,True,2026,3.0,24.0,8.0,9.5,0.027000000000000003,24.0,8.0,9.5,10312,00-0037137
Greg Newsome II,CB,Giants,True,2026,1.0,8.0,8.0,3.0,0.027000000000000003,8.0,8.0,3.0,9490,00-0036996
Amik Robertson,CB,Commanders,True,2026,2.0,15.02,7.51,7.35,0.025,15.02,7.51,7.35,8879,00-0036375
Keisean Nixon,CB,Packers,True,2024,3.0,18.0,6.0,6.5,0.023,21.227878,7.075959,7.665623,8152,00-0035133
Donte Jackson,CB,Chargers,True,2025,2.0,13.0,6.5,7.0,0.023,14.024355,7.012178,7.551576,6940,00-0034356
Mike Hughes,CB,Falcons,True,2025,3.0,18.0,6.0,9.64,0.021,19.418338,6.472779,10.399599,6915,00-0034843
Isaiah Rodgers,CB,Vikings,True,2025,2.0,11.045,5.5225,7.995,0.02,11.915308,5.957654,8.624979,8951,00-0036222
Ja'Quan McMillian,CB,Broncos,True,2026,1.0,5.767,5.767,0.0,0.019,5.767,5.767,0.0,10386,00-0037384
Michael Jackson Sr.,CB,Panthers,True,2025,2.0,10.5,5.25,5.7,0.019,11.327364,5.663682,6.14914,7949,00-0035277
Dee Alford,CB,Bills,True,2026,3.0,15.75,5.25,7.875,0.017,15.75,5.25,7.875,10033,00-0037034
Emmanuel Forbes,CB,LAR/WAS,True,2023,4.0,15.407568,3.851892,15.407568,0.017,20.643948,5.160987,20.643948,10840,00-0039151
Benjamin St-Juste,CB,Packers,True,2026,2.0,10.0,5.0,3.0,0.017,10.0,5.0,3.0,9538,00-0036625
Chidobe Awuzie,CB,Ravens,True,2026,1.0,5.0,5.0,5.0,0.017,5.0,5.0,5.0,5646,00-0033548
Jahdae Barron,CB,Broncos,True,2025,4.0,18.073176,4.518294,18.073176,0.016,19.49728,4.87432,19.49728,12380,00-0040720
Chris Johnson,CB,Dolphins,True,2026,4.0,19.040468,4.760117,19.040468,0.016,19.040468,4.760117,19.040468,13171,00-0041533
Deonte Banks,CB,Giants,True,2023,4.0,13.579404,3.394851,13.579404,0.015,18.194468,4.548617,18.194468,10848,00-0039000
Quinyon Mitchell,CB,Eagles,True,2024,4.0,14.818096,3.704524,14.818096,0.015,17.475374,4.368843,17.475374,11630,00-0039888
Mike Ford,CB,Falcons,True,2025,1.0,4.0,4.0,1.14,0.013999999999999999,4.315186,4.315186,1.229828,7426,00-0034639
James Pierre,CB,Vikings,True,2026,2.0,8.5,4.25,3.715,0.013999999999999999,8.5,4.25,3.715,9095,00-0035795
Daxton Hill,CB,Bengals,True,2022,4.0,11.667018,2.916755,11.667018,0.013999999999999999,16.87851,4.219628,16.87851,10076,00-0037743
Maxwell Hairston,CB,Bills,True,2025,4.0,15.257982,3.814496,15.257982,0.013999999999999999,16.460259,4.115065,16.460259,12390,00-0040709
Joshua Williams,CB,Titans,True,2026,2.0,8.0,4.0,3.24,0.013000000000000001,8.0,4.0,3.24,10180,00-0038043
Asante Samuel Jr.,CB,Steelers,True,2026,1.0,4.0,4.0,2.785,0.013000000000000001,4.0,4.0,2.785,9511,00-0036617
Cobie Durant,CB,Cowboys,True,2026,1.0,4.0,4.0,1.5,0.013000000000000001,4.0,4.0,1.5,10187,00-0037839
Nate Wiggins,CB,Ravens,True,2024,4.0,12.819822,3.204956,12.819822,0.013000000000000001,15.118756,3.77969,15.118756,11638,00-0039232
Tremon Smith,CB,Texans,True,2025,2.0,6.5,3.25,4.5,0.012,7.012178,3.506089,4.854585,7081,00-0034278
Nahshon Wright,CB,Jets,True,2026,1.0,3.5,3.5,3.5,0.012,3.5,3.5,3.5,9563,00-0036986
Nate Hobbs,CB,49ers,True,2026,1.0,3.5,3.5,3.11,0.012,3.5,3.5,3.11,9631,00-0036871
Brandin Echols,CB,Steelers,True,2025,2.0,6.0,3.0,1.83,0.011000000000000001,6.472779,3.23639,1.974198,9664,00-0036504
Joey Porter Jr.,CB,Steelers,True,2023,4.0,9.618348,2.404587,8.99987,0.011000000000000001,12.887217,3.221804,12.058545,10856,00-0039167
Colton Hood,CB,Giants,True,2026,4.0,12.810362,3.202591,12.810362,0.011000000000000001,12.810362,3.202591,12.810362,13181,00-0041462
Rock Ya-Sin,CB,Lions,True,2026,1.0,3.2,3.2,2.64,0.011000000000000001,3.2,3.2,2.64,7825,00-0035637
Cameron Lewis,CB,Bears,True,2026,2.0,6.0,3.0,2.75,0.01,6.0,3.0,2.75,8399,00-0035357
Michael Carter II,CB,Eagles,True,2026,1.0,2.75,2.75,1.45,0.009000000000000001,2.75,2.75,1.45,9618,00-0036501
Julius Brents,CB,IND/MIA,True,2023,4.0,8.196936,2.049234,5.975996,0.009000000000000001,10.982727,2.745682,8.006984,10868,00-0039156
Cooper DeJean,CB,Eagles,True,2024,4.0,9.283622,2.320906,7.469987,0.009000000000000001,10.948422,2.737106,8.809554,11648,00-0039841
Kool-Aid McKinstry,CB,Saints,True,2024,4.0,9.157108,2.289277,7.282112,0.009000000000000001,10.799221,2.699805,8.587988,11649,00-0039860
Josh Blackwell,CB,Bears,True,2025,2.0,5.0,2.5,2.45,0.009000000000000001,5.393983,2.696991,2.643052,10382,00-0037129
Kamari Lassiter,CB,Texans,True,2024,4.0,9.0148,2.253698,7.090508,0.009000000000000001,10.631393,2.657846,8.362024,11650,00-0039343
Max Melton,CB,Cardinals,True,2024,4.0,8.888308,2.222077,6.931266,0.009000000000000001,10.482218,2.620554,8.174226,11651,00-0039807
Avieon Terrell,CB,Falcons,True,2026,4.0,10.308896,2.577224,10.308896,0.009000000000000001,10.308896,2.577224,10.308896,13192,00-0041469
Will Johnson,CB,Cardinals,True,2025,4.0,9.410768,2.352692,8.046753,0.008,10.152304,2.538076,8.680809,12407,00-0040751
D'Angelo Ponds,CB,Jets,True,2026,4.0,9.836918,2.45923,8.946358,0.008,9.836918,2.45923,8.946358,13194,00-0041038
Brandon Cisse,CB,Packers,True,2026,4.0,9.364942,2.341236,8.024479,0.008,9.364942,2.341236,8.024479,13196,00-0041470
Mike Sainristil,CB,Commanders,True,2024,4.0,7.702336,1.925584,5.258934,0.008,9.083569,2.270892,6.202,11658,00-0039898
Clark Phillips III,CB,Bears,True,2026,1.0,2.249,2.249,2.079,0.006999999999999999,2.249,2.249,2.079,10937,00-0038568
Benjamin Morrison,CB,Buccaneers,True,2025,4.0,8.215962,2.053991,6.192127,0.006999999999999999,8.863352,2.215838,6.680045,12413,00-0040747
Tyrique Stevenson,CB,Bears,True,2023,4.0,6.449502,1.612376,3.483707,0.006999999999999999,8.641415,2.160354,4.667671,10880,00-0039071
Siran Neal,CB,49ers,True,2025,2.0,4.0,2.0,2.255,0.006999999999999999,4.315186,2.157593,2.432686,7039,00-0034391
D.J. Turner,CB,Bengals,True,2023,4.0,6.16004,1.54001,3.26003,0.006999999999999999,8.253577,2.063394,4.367976,10884,00-0038549
Jaylon Jones,CB,Titans,True,2026,1.0,2.0,2.0,0.5,0.006999999999999999,2.0,2.0,0.5,11045,00-0038407
Deane Leonard,CB,Chargers,True,2026,1.0,2.0,2.0,1.215,0.006999999999999999,2.0,2.0,1.215,10281,00-0037320
Jonathan Jones,CB,Eagles,True,2026,1.0,2.0,2.0,2.0,0.006999999999999999,2.0,2.0,2.0,5225,00-0032580
Davison Igbinosun,CB,Bills,True,2026,4.0,7.94901,1.987253,5.738907,0.006999999999999999,7.94901,1.987253,5.738907,13206,00-0041391
Trey Amos,CB,Commanders,True,2025,4.0,7.28002,1.820005,4.568725,0.006999999999999999,7.853661,1.963415,4.928725,12421,00-0040731
Ennis Rakestraw,CB,Lions,True,2024,4.0,6.484746,1.621187,3.420941,0.006,7.647633,1.911909,4.034407,11669,00-0039862
Garrett Williams,CB,Cardinals,True,2023,4.0,5.63493,1.408733,1.098132,0.006,7.550004,1.887502,1.471341,10896,00-0039007
Renardo Green,CB,49ers,True,2024,4.0,6.389874,1.597469,3.347629,0.006,7.535748,1.883938,3.947948,11672,00-0039345
Riley Moss,CB,Broncos,True,2023,4.0,5.44749,1.361873,0.961812,0.006,7.298861,1.824716,1.288691,10907,00-0038552
Darien Porter,CB,Raiders,True,2025,4.0,6.724094,1.681024,1.530248,0.006,7.253929,1.813483,1.650826,12428,00-0040641
Tacario Davis,CB,Bengals,True,2026,4.0,7.23642,1.809105,1.722852,0.006,7.23642,1.809105,1.722852,13216,00-0041464
Rasul Douglas,CB,Commanders,True,2026,1.0,1.805,1.805,0.58,0.006,1.805,1.805,0.58,5685,00-0033551
Khalil Dorsey,CB,Lions,True,2025,2.0,3.3,1.65,0.3,0.006,3.560029,1.780014,0.323639,9324,00-0036124
Azareye'h Thomas,CB,Jets,True,2025,4.0,6.593646,1.648412,1.43538,0.006,7.113203,1.778301,1.548483,12433,00-0040133
Andru Phillips,CB,Giants,True,2024,4.0,5.995942,1.498986,1.180684,0.006,7.071174,1.767794,1.392412,11678,00-0039821
Shavon Revel,CB,Cowboys,True,2025,4.0,6.506756,1.626689,1.372176,0.006,7.019466,1.754867,1.480299,12436,00-0040008
Justin Walley,CB,Colts,True,2025,4.0,6.444016,1.611004,1.326556,0.006,6.951782,1.737946,1.431084,12440,00-0040139
Daylen Everette,CB,Steelers,True,2026,4.0,6.900494,1.725124,1.47854,0.006,6.900494,1.725124,1.47854,13229,00-0041393
Jacob Parrish,CB,Buccaneers,True,2025,4.0,6.348646,1.587162,1.257196,0.006,6.848897,1.712225,1.356259,12444,00-0040143
Nohl Williams,CB,Chiefs,True,2025,4.0,6.335512,1.583878,1.247644,0.006,6.834729,1.708682,1.345954,12445,00-0040670
Julian Neal,CB,Seahawks,True,2026,4.0,6.6939,1.673475,1.328292,0.006,6.6939,1.673475,1.328292,13243,00-0040873
Jaylin Smith,CB,Texans,True,2025,4.0,6.161184,1.540296,1.12086,0.006,6.646664,1.661666,1.20918,12457,00-0040149
Jarrian Jones,CB,Jaguars,True,2024,4.0,5.596312,1.399078,0.890044,0.005,6.599879,1.64997,1.049653,11704,00-0039353
Jalen Davis,CB,Bengals,True,2026,1.0,1.575,1.575,0.1,0.005,1.575,1.575,0.1,7222,00-0034446
Jakorian Bennett,CB,PHI/LV,True,2023,4.0,4.663588,1.165897,0.823588,0.005,6.248544,1.562136,1.103491,10928,00-0039072
Kelee Ringo,CB,Eagles,True,2023,4.0,4.660928,1.165232,0.820928,0.005,6.24498,1.561245,1.099927,10929,00-0039140
Martin Emerson,CB,Saints,True,2026,1.0,1.515,1.515,0.65,0.005,1.515,1.515,0.65,10113,00-0037250
Avonte Maddox,CB,Lions,True,2026,1.0,1.4875,1.4875,0.6875,0.005,1.4875,1.4875,0.6875,7010,00-0034377
Jermod McCoy,CB,Raiders,True,2026,4.0,5.8097,1.452425,1.3047,0.005,5.8097,1.452425,1.3047,13245,00-0041563
Decamerion Richardson,CB,NO/LV,True,2024,4.0,4.821016,1.205254,0.801016,0.005,5.685552,1.421388,0.944659,11720,00-0039357
Roger McCreary,CB,Lions,True,2026,1.0,1.4025,1.4025,0.9875,0.005,1.4025,1.4025,0.9875,10080,00-0038125
Cam Taylor-Britt,CB,Colts,True,2026,1.0,1.4025,1.4025,0.6875,0.005,1.4025,1.4025,0.6875,10105,00-0037753
Darrell Baker Jr.,CB,Dolphins,True,2026,1.0,1.4025,1.4025,1.2625,0.005,1.4025,1.4025,1.2625,10409,00-0037549
Akayleb Evans,CB,Panthers,True,2026,1.0,1.4025,1.4025,0.5988,0.005,1.4025,1.4025,0.5988,10163,00-0038101
Jadon Canady,CB,Chiefs,True,2026,4.0,5.607332,1.401833,1.227332,0.005,5.607332,1.401833,1.227332,13253,00-0041497
Devin Moore,CB,Cowboys,True,2026,4.0,5.569532,1.392383,1.189532,0.005,5.569532,1.392383,1.189532,13258,00-0040875
Darrell Luter Jr.,CB,SF/LV,True,2023,4.0,4.153512,1.038378,0.313512,0.005,5.565115,1.391279,0.420061,10979,00-0038594
T.J. Tampa,CB,Ravens,True,2024,4.0,4.718456,1.179614,0.698456,0.005,5.5646,1.39115,0.823708,11738,00-0039234
Keionte Scott,CB,Buccaneers,True,2026,4.0,5.548656,1.387164,1.168656,0.005,5.548656,1.387164,1.168656,13260,00-0041057
Quincy Riley,CB,Saints,True,2025,4.0,5.087236,1.271809,0.887236,0.005,5.488093,1.372023,0.957147,12491,00-0040166
Malik Muhammad,CB,Bears,True,2026,4.0,5.48278,1.370695,1.10278,0.005,5.48278,1.370695,1.10278,13268,00-0041060
Will Lee III,CB,Panthers,True,2026,4.0,5.431432,1.357858,1.051432,0.005,5.431432,1.357858,1.051432,13273,00-0041063
Kei'Trel Clark,CB,Cardinals,True,2023,4.0,4.0486,1.01215,0.2086,0.005,5.424548,1.356137,0.279494,11004,00-0038984
Fabian Moreau,CB,Commanders,True,2026,1.0,1.3375,1.3375,0.0375,0.004,1.3375,1.3375,0.0375,5667,00-0033918
Carrington Valentine,CB,Packers,True,2023,4.0,3.94066,0.985165,0.10066,0.004,5.279923,1.319981,0.13487,11056,00-0038408
D.J. Ivey,CB,Bengals,True,2023,4.0,3.920656,0.980164,0.080656,0.004,5.253121,1.31328,0.108068,11070,00-0038642
Nehemiah Pritchett,CB,Seahawks,True,2024,4.0,4.399072,1.099768,0.379072,0.004,5.187942,1.296986,0.44705,11744,00-0039795
Tarheeb Still,CB,Chargers,True,2024,4.0,4.39572,1.09893,0.37572,0.004,5.183989,1.295997,0.443097,11745,00-0039366
Cam Hart,CB,Chargers,True,2024,4.0,4.383928,1.095982,0.363928,0.004,5.170083,1.292521,0.42919,11748,00-0039369
Ephesians Prysock,CB,49ers,True,2026,4.0,5.169036,1.292259,0.789036,0.004,5.169036,1.292259,0.789036,13283,00-0041068
Kris Abrams-Draine,CB,Broncos,True,2024,4.0,4.368272,1.092068,0.348272,0.004,5.151619,1.287905,0.410726,11753,00-0039371
Tre Brown,CB,Jets,True,2025,2.0,2.385,1.1925,0.0,0.004,2.57293,1.286465,0.0,9601,00-0036885
C.J. Henderson,CB,Falcons,True,2025,2.0,2.385,1.1925,0.0,0.004,2.57293,1.286465,0.0,8749,00-0036281
Jarvis Brownlee,CB,NYJ/TEN,True,2024,4.0,4.362036,1.090509,0.342036,0.004,5.144265,1.286066,0.403372,11754,00-0039372
Josh Newton,CB,Bengals,True,2024,4.0,4.357276,1.089319,0.337276,0.004,5.138651,1.284663,0.397759,11757,00-0039375
Chau Smith-Wade,CB,Panthers,True,2024,4.0,4.343984,1.085996,0.323984,0.004,5.122976,1.280744,0.382083,11765,00-0039380
Caelen Carson,CB,Cowboys,True,2024,4.0,4.274276,1.068569,0.254276,0.004,5.040767,1.260192,0.299874,11782,00-0039387
Qwan'Tez Stiggers,CB,Jets,True,2024,4.0,4.274276,1.068569,0.254276,0.004,5.040767,1.260192,0.299874,11784,00-0039789
Mac McWilliams,CB,Eagles,True,2025,4.0,4.64412,1.16103,0.44412,0.004,5.010061,1.252515,0.479115,12505,00-0040071
Marcellas Dial,CB,NE/MIA,True,2024,4.0,4.232128,1.058032,0.212128,0.004,4.991061,1.247765,0.250168,11788,00-0039390
Jason Marshall Jr.,CB,Dolphins,True,2025,4.0,4.625292,1.156323,0.425292,0.004,4.989749,1.247437,0.458804,12510,00-0040178
Cameron Mitchell,CB,Colts,True,2026,1.0,1.22,1.22,0.025,0.004,1.22,1.22,0.025,10966,00-0038585
Keith Abney II,CB,Lions,True,2026,4.0,4.8789,1.219725,0.4989,0.004,4.8789,1.219725,0.4989,13301,00-0041445
Denzel Burke,CB,Cardinals,True,2025,4.0,4.520216,1.130054,0.320216,0.004,4.876393,1.219098,0.345448,12534,00-0040195
Myles Harden,CB,Browns,True,2024,4.0,4.130332,1.032583,0.110332,0.004,4.87101,1.217753,0.130117,11835,00-0039417
Chandler Rivers,CB,Ravens,True,2026,4.0,4.863512,1.215878,0.483512,0.004,4.863512,1.215878,0.483512,13306,00-0040885
Dallis Flowers,CB,Bears,True,2026,1.0,1.215,1.215,0.0,0.004,1.215,1.215,0.0,10573,00-0037395
Ja'Sir Taylor,CB,Bengals,True,2026,1.0,1.215,1.215,0.0,0.004,1.215,1.215,0.0,10259,00-0037307
David Long,CB,Saints,True,2026,1.0,1.215,1.215,0.0,0.004,1.215,1.215,0.0,7870,00-0035665
Noah Igbinoghene,CB,Browns,True,2026,1.0,1.215,1.215,0.0,0.004,1.215,1.215,0.0,8770,00-0036287
L'Jarius Sneed,CB,Chiefs,True,2026,1.0,1.215,1.215,0.0,0.004,1.215,1.215,0.0,8878,00-0036374
Jack Jones,CB,49ers,True,2026,1.0,1.215,1.215,0.0,0.004,1.215,1.215,0.0,10166,00-0038039
Charles Demmings,CB,Vikings,True,2026,4.0,4.858864,1.214716,0.478864,0.004,4.858864,1.214716,0.478864,13307,00-0041083
Dorian Strong,CB,Bills,True,2025,4.0,4.485356,1.121339,0.285356,0.004,4.838787,1.209697,0.307841,12537,00-0040197
Bilhal Kone,CB,Ravens,True,2025,4.0,4.477144,1.119286,0.277144,0.004,4.829928,1.207482,0.298982,12538,00-0040073
Ameer Speed,CB,Cowboys,True,2026,2.0,2.405,1.2025,0.0,0.004,2.405,1.2025,0.0,11038,00-0038624
Karon Prunty,CB,Patriots,True,2026,4.0,4.807348,1.201837,0.427348,0.004,4.807348,1.201837,0.427348,13315,00-0041088
Marcus Harris,CB,Titans,True,2025,4.0,4.453016,1.113254,0.253016,0.004,4.803898,1.200975,0.272953,12543,00-0040201
Hezekiah Masses,CB,Raiders,True,2026,4.0,4.759476,1.189869,0.379476,0.004,4.759476,1.189869,0.379476,13319,00-0040889
Jarrick Bernard-Converse,CB,Giants,True,2025,2.0,2.175,1.0875,0.0,0.004,2.346383,1.173191,0.0,11028,00-0038401
Donte Kent,CB,Steelers,True,2025,4.0,4.333452,1.083363,0.133452,0.004,4.674913,1.168728,0.143968,12589,00-0040232
Marcelino McCrary-Ball,CB,Jets,True,2026,1.0,1.145,1.145,0.0,0.004,1.145,1.145,0.0,10435,00-0037526
Tristin McCollum,CB,Raiders,True,2026,1.0,1.145,1.145,0.0,0.004,1.145,1.145,0.0,10585,00-0037461
Damarri Mathis,CB,Browns,True,2026,1.0,1.145,1.145,0.0,0.004,1.145,1.145,0.0,10160,00-0038105
Ja'Marcus Ingram,CB,Texans,True,2026,1.0,1.145,1.145,0.0,0.004,1.145,1.145,0.0,10766,00-0037661
Ty Okada,CB,Seahawks,True,2026,1.0,1.145,1.145,0.0,0.004,1.145,1.145,0.0,11494,00-0038765
Christian Braswell,CB,Jaguars,True,2026,1.0,1.145,1.145,0.0,0.004,1.145,1.145,0.0,11026,00-0038616
Toriano Pride Jr.,CB,CLE/BUF,True,2026,4.0,4.55578,1.138945,0.17578,0.004,4.55578,1.138945,0.17578,13364,00-0041115
Josh Wallace,CB,Rams,True,2024,3.0,2.89,0.963333,0.06,0.004,3.408254,1.136084,0.07076,12070,00-0039772
Storm Duck,CB,Dolphins,True,2024,3.0,2.85,0.95,0.17,0.004,3.361081,1.12036,0.200486,12194,00-0039481
Rico Payton,CB,NYG/NO,True,2024,3.0,2.845,0.948333,0.045,0.004,3.355184,1.118394,0.05307,12167,00-0039620
Thomas Harper,CB,DET/LAC/LV,True,2024,3.0,2.84,0.946667,0.03,0.004,3.349287,1.11643,0.03538,12204,00-0039660
Christian Roland-Wallace,CB,Chiefs,True,2024,3.0,2.835,0.945,0.155,0.004,3.343391,1.114464,0.182796,11932,00-0039324
Chigozie Anusiem,CB,Raiders,True,2025,2.0,2.035,1.0175,0.0,0.004,2.195351,1.097676,0.0,11928,00-0039676
Charles Woods,CB,NE/LAR,True,2025,2.0,2.035,1.0175,0.0,0.004,2.195351,1.097676,0.0,11925,00-0039770
Johnathan Edwards,CB,Colts,True,2025,3.0,2.995,0.998333,0.28,0.004,3.230996,1.076998,0.302063,12693,00-0040347
Nic Jones,CB,Giants,True,2026,1.0,1.075,1.075,0.0,0.004,1.075,1.075,0.0,11074,00-0038986
Mekhi Blackmon,CB,Browns,True,2026,1.0,1.075,1.075,0.2,0.004,1.075,1.075,0.2,10926,00-0038565
Terrion Arnold,CB,Seahawks,True,2026,1.0,1.075,1.075,0.0,0.004,1.075,1.075,0.0,11632,00-0039903
Keyon Martin,CB,Ravens,True,2025,3.0,2.965,0.988333,0.0,0.004,3.198632,1.06621,0.0,13075,00-0040636
Thaddeus Dixon,CB,Giants,True,2026,3.0,3.135,1.045,0.2825,0.003,3.135,1.045,0.2825,13637,00-0041142
Collin Wright,CB,Texans,True,2026,3.0,3.125,1.041667,0.2625,0.003,3.125,1.041667,0.2625,13506,00-0041313
Avery Smith,CB,Seahawks,True,2026,3.0,3.12,1.04,0.2675,0.003,3.12,1.04,0.2675,13599,00-0041382
Channing Canada,CB,Patriots,True,2026,3.0,3.12,1.04,0.2675,0.003,3.12,1.04,0.2675,13420,00-0041316
Ayden Garnes,CB,Buccaneers,True,2026,3.0,3.12,1.04,0.12,0.003,3.12,1.04,0.12,13767,00-0041253
Malcolm DeWalt IV,CB,Falcons,True,2026,3.0,3.12,1.04,0.14,0.003,3.12,1.04,0.14,13734,00-0041188
Tyreek Chappell,CB,Vikings,True,2026,3.0,3.1065,1.0355,0.0565,0.003,3.1065,1.0355,0.0565,13716,00-0041344
Rodney Shelley,CB,Chargers,True,2026,3.0,3.105,1.035,0.005,0.003,3.105,1.035,0.005,13611,00-0041381
Marlon Jones,CB,Packers,True,2026,3.0,3.1,1.033333,0.0,0.003,3.1,1.033333,0.0,13835,00-0041493
Kamal Hadden,CB,Packers,True,2026,1.0,1.005,1.005,0.0,0.003,1.005,1.005,0.0,11819,00-0039831
Rejzohn Wright,CB,Saints,True,2026,1.0,1.005,1.005,0.0,0.003,1.005,1.005,0.0,11090,00-0038781
Micah Robinson,CB,Titans,True,2025,2.0,1.845,0.9225,0.0,0.003,1.99038,0.99519,0.0,12597,00-0040020
Zemaiah Vaughn,CB,Vikings,True,2025,2.0,1.845,0.9225,0.0,0.003,1.99038,0.99519,0.0,12962,00-0040507
Korie Black,CB,Giants,True,2025,2.0,1.845,0.9225,0.0,0.003,1.99038,0.99519,0.0,12606,00-0040243
Reese Taylor,CB,Dolphins,True,2025,2.0,1.845,0.9225,0.0,0.003,1.99038,0.99519,0.0,11323,00-0038521
Kevin Knowles II,CB,KC/TB,True,2025,2.0,1.845,0.9225,0.0,0.003,1.99038,0.99519,0.0,12770,00-0040089
Jayden Price,CB,Saints,True,2026,2.0,1.935,0.9675,0.0,0.003,1.935,0.9675,0.0,12046,00-0039725
Mike Reid,CB,Saints,True,2026,2.0,1.935,0.9675,0.0,0.003,1.935,0.9675,0.0,12834,00-0040293
Daequan Hardy,CB,Steelers,True,2026,1.0,0.885,0.885,0.0,0.003,0.885,0.885,0.0,11827,00-0039883
Rodney Thomas,CB,Seahawks,True,2026,1.0,0.45595,0.45595,0.0,0.002,0.45595,0.45595,0.0,10284,00-0037323
Ifeatu Melifonwu,CB,Buccaneers,True,2026,1.0,0.4113,0.4113,0.0,0.001,0.4113,0.4113,0.0,9565,00-0036993
Samuel Womack,CB,Jets,True,2026,1.0,0.4113,0.4113,0.0,0.001,0.4113,0.4113,0.0,10217,00-0037830
Darnay Holmes,CB,Falcons,True,2026,1.0,0.4113,0.4113,0.0,0.001,0.4113,0.4113,0.0,8850,00-0036394
Starling Thomas V,CB,Cardinals,True,2026,1.0,0.4113,0.4113,0.0,0.001,0.4113,0.4113,0.0,11413,00-0038663
Kindle Vildor,CB,Patriots,True,2026,1.0,0.4113,0.4113,0.0,0.001,0.4113,0.4113,0.0,8903,00-0036307
Tavierre Thomas,CB,Vikings,True,2026,1.0,0.4113,0.4113,0.0,0.001,0.4113,0.4113,0.0,7545,00-0034488
Trevon Diggs,CB,Seahawks,True,2026,1.0,0.4113,0.4113,0.0,0.001,0.4113,0.4113,0.0,8791,00-0036361
Kader Kohou,CB,Chiefs,True,2026,1.0,0.4113,0.4113,0.0,0.001,0.4113,0.4113,0.0,10697,00-0037353
Bryce Hall,CB,Texans,True,2026,1.0,0.4113,0.4113,0.0,0.001,0.4113,0.4113,0.0,8898,00-0036241
Kahlef Hailassie,CB,Packers,True,2026,1.0,0.3303,0.3303,0.0,0.001,0.3303,0.3303,0.0,11316,00-0038523
Sean Murphy-Bunting,CB,Buccaneers,True,2026,1.0,0.3303,0.3303,0.0,0.001,0.3303,0.3303,0.0,7830,00-0035239
Anthony Kendall,CB,Bills,True,2026,1.0,0.3303,0.3303,0.0,0.001,0.3303,0.3303,0.0,11361,00-0038848
Robert Longerbeam,CB,Eagles,True,2026,1.0,0.3303,0.3303,0.0,0.001,0.3303,0.3303,0.0,12572,00-0040077
Brandon Codrington,CB,49ers,True,2026,1.0,0.3303,0.3303,0.0,0.001,0.3303,0.3303,0.0,11901,00-0039333
Terell Smith,CB,Commanders,True,2026,1.0,0.3303,0.3303,0.0,0.001,0.3303,0.3303,0.0,10989,00-0038395
Myles Bryant,CB,Browns,True,2026,1.0,0.3303,0.3303,0.0,0.001,0.3303,0.3303,0.0,9271,00-0036087
D'Angelo Ross,CB,Browns,True,2026,1.0,0.3303,0.3303,0.0,0.001,0.3303,0.3303,0.0,8084,00-0034966
Kaiir Elam,CB,Chargers,True,2026,1.0,0.3303,0.3303,0.0,0.001,0.3303,0.3303,0.0,10068,00-0037242
Derion Kendrick,CB,Cowboys,True,2026,1.0,0.3303,0.3303,0.0,0.001,0.3303,0.3303,0.0,10257,00-0037842
Ethan Bonner,CB,Dolphins,True,2026,1.0,0.2475,0.2475,0.0,0.001,0.2475,0.2475,0.0,11486,00-0038684
T.J. Hall,CB,Saints,True,2026,1.0,0.2475,0.2475,0.0,0.001,0.2475,0.2475,0.0,13363,00-0041114
D'Shawn Jamison,CB,Cardinals,True,2026,1.0,0.2475,0.2475,0.0,0.001,0.2475,0.2475,0.0,11214,00-0038877
Michael Coats Jr.,CB,Browns,True,2026,1.0,0.2475,0.2475,0.0,0.001,0.2475,0.2475,0.0,13476,00-0041411
Kalen King,CB,Cardinals,True,2026,1.0,0.2475,0.2475,0.0,0.001,0.2475,0.2475,0.0,11863,00-0039239
Mory Bamba,CB,Jets,True,2026,1.0,0.2475,0.2475,0.0,0.001,0.2475,0.2475,0.0,13444,00-0041196
Jordan Clark,CB,Jets,True,2026,1.0,0.2475,0.2475,0.0,0.001,0.2475,0.2475,0.0,12941,00-0040397
Te'Cory Couch,CB,Bills,True,2026,1.0,0.2475,0.2475,0.0,0.001,0.2475,0.2475,0.0,12202,00-0039469
Kani Walker,CB,Bills,True,2026,1.0,0.2475,0.2475,0.0,0.001,0.2475,0.2475,0.0,13414,00-0041275
Doneiko Slaughter,CB,Steelers,True,2026,1.0,0.2475,0.2475,0.0,0.001,0.2475,0.2475,0.0,12858,00-0040341
Jalen McMurray,CB,Titans,True,2026,1.0,0.2475,0.2475,0.0,0.001,0.2475,0.2475,0.0,13552,00-0040917
Nick Whiteside,CB,Lions,True,2026,1.0,0.2475,0.2475,0.0,0.001,0.2475,0.2475,0.0,11517,00-0038841
Bryce Phillips,CB,Vikings,True,2026,1.0,0.2475,0.2475,0.0,0.001,0.2475,0.2475,0.0,13588,00-0040962
Corey Thornton,CB,Panthers,True,2026,1.0,0.2475,0.2475,0.0,0.001,0.2475,0.2475,0.0,12921,00-0040296
Domani Jackson,CB,Packers,True,2026,1.0,0.2475,0.2475,0.0,0.001,0.2475,0.2475,0.0,13345,00-0040896
D'Arco Perkins-McAllister,CB,Chiefs,True,2026,1.0,0.2475,0.2475,0.0,0.001,0.2475,0.2475,0.0,13587,00-0040961
Greedy Vance Jr.,CB,Raiders,True,2026,1.0,0.2475,0.2475,0.0,0.001,0.2475,0.2475,0.0,12878,00-0040489
Elijah Jones,CB,Giants,True,2026,1.0,0.2475,0.2475,0.0,0.001,0.2475,0.2475,0.0,11698,00-0039823
Nikko Reed,CB,Chargers,True,2026,1.0,0.2475,0.2475,0.0,0.001,0.2475,0.2475,0.0,12832,00-0040471
Alijah Huzzie,CB,Texans,True,2026,1.0,0.2475,0.2475,0.0,0.001,0.2475,0.2475,0.0,12742,00-0040411
Car'lin Vigers,CB,Steelers,True,2026,1.0,0.2475,0.2475,0.0,0.001,0.2475,0.2475,0.0,12950,00-0040322
Nyzier Fourqurean,CB,Rams,True,2026,1.0,0.2475,0.2475,0.0,0.001,0.2475,0.2475,0.0,13799,00-0041416
Rob Carter,CB,Colts,True,2026,1.0,0.2475,0.2475,0.0,0.001,0.2475,0.2475,0.0,13142,00-0040790
Isaac Yiadom,CB,Commanders,True,2026,1.0,0.2475,0.2475,0.0,0.001,0.2475,0.2475,0.0,6984,00-0034780
Cam Lampkin,CB,Rams,True,2026,1.0,0.2475,0.2475,0.0,0.001,0.2475,0.2475,0.0,11917,00-0039780
Da'Veawn Armstead,CB,Vikings,True,2026,1.0,0.2475,0.2475,0.0,0.001,0.2475,0.2475,0.0,13721,00-0041341
Jabbar Muhammad,CB,Jaguars,True,2026,1.0,0.2475,0.2475,0.0,0.001,0.2475,0.2475,0.0,12805,00-0040336
DeVonta Smith,CB,Panthers,True,2026,1.0,0.2475,0.2475,0.0,0.001,0.2475,0.2475,0.0,13744,00-0041153
Aamaris Brown,CB,Lions,True,2026,1.0,0.2475,0.2475,0.0,0.001,0.2475,0.2475,0.0,13695,00-0041454
Natrone Brooks,CB,Lions,True,2026,1.0,0.2475,0.2475,0.0,0.001,0.2475,0.2475,0.0,11531,00-0038966
Reddy Steward,CB,Cowboys,True,2026,1.0,0.2475,0.2475,0.0,0.001,0.2475,0.2475,0.0,12165,00-0039465
Jakob Robinson,CB,49ers,True,2026,1.0,0.2475,0.2475,0.0,0.001,0.2475,0.2475,0.0,12965,00-0040559
Shemar Bartholomew,CB,Titans,True,2026,1.0,0.2475,0.2475,0.0,0.001,0.2475,0.2475,0.0,12187,00-0039292
Darius Rush,CB,Commanders,True,2026,1.0,0.2475,0.2475,0.0,0.001,0.2475,0.2475,0.0,10962,00-0038388
Sean Fresch,CB,Broncos,True,2026,1.0,0.2475,0.2475,0.0,0.001,0.2475,0.2475,0.0,13849,
Fred Davis II,CB,Commanders,True,2026,1.0,0.2475,0.2475,0.0,0.001,0.2475,0.2475,0.0,13666,00-0041177
Brent Austin,CB,Broncos,True,2026,1.0,0.2475,0.2475,0.0,0.001,0.2475,0.2475,0.0,13563,00-0041289
Erick Hallett,CB,Titans,True,2026,1.0,0.2475,0.2475,0.0,0.001,0.2475,0.2475,0.0,11032,00-0038620
Bralyn Lux,CB,Bengals,True,2026,1.0,0.2475,0.2475,0.0,0.001,0.2475,0.2475,0.0,13036,00-0040372
Andre Fuller,CB,Seahawks,True,2026,1.0,0.2475,0.2475,0.0,0.001,0.2475,0.2475,0.0,13380,00-0040903
Kenneth Harris,CB,Colts,True,2026,1.0,0.2475,0.2475,0.0,0.001,0.2475,0.2475,0.0,13424,00-0041320
Michael Dansby,CB,Seahawks,True,2026,1.0,0.2475,0.2475,0.0,0.001,0.2475,0.2475,0.0,13399,00-0040910
Deantre Prince,CB,Bears,True,2026,1.0,0.2475,0.2475,0.0,0.001,0.2475,0.2475,0.0,11761,00-0039378
Kyle Hamilton,S,Ravens,True,2025,4.0,100.4,25.1,48.022604,0.09,108.311175,27.077794,51.80662,10059,00-0038038
Derwin James,S,Chargers,True,2026,3.0,75.6,25.2,41.0,0.084,75.6,25.2,41.0,6902,00-0034790
"Antoine Winfield, Jr.",S,Buccaneers,True,2024,4.0,84.1,21.025,45.0,0.08199999999999999,99.181363,24.795341,53.069695,8785,00-0036411
Kerby Joseph,S,Lions,True,2025,4.0,85.0,21.25,23.121,0.076,91.697708,22.924427,24.942855,10142,00-0037667
Jessie Bates III,S,Falcons,True,2023,4.0,64.02,16.005,36.0,0.071,85.777687,21.444422,48.234875,6939,00-0034675
Budda Baker,S,Cardinals,True,2024,3.0,54.0,18.0,17.441666,0.07,63.683634,21.227878,20.56942,5622,00-0033890
Xavier McKinney,S,Packers,True,2024,4.0,67.0,16.75,23.0,0.066,79.014879,19.75372,27.124511,8776,00-0036388
Trevon Moehrig,S,Panthers,True,2025,3.0,51.0,17.0,34.5,0.061,55.018625,18.339542,37.218481,9507,00-0036962
Jevon Holland,S,Giants,True,2025,3.0,45.3,15.1,27.4,0.054000000000000006,48.869484,16.289828,29.559026,9500,00-0036998
Cam Bynum,S,Colts,True,2025,4.0,60.0,15.0,26.0,0.054000000000000006,64.727794,16.181948,28.048711,9589,00-0036629
Grant Delpit,S,Browns,True,2026,3.0,45.0,15.0,26.47,0.05,45.0,15.0,26.47,8784,00-0036282
Amani Hooker,S,Titans,True,2025,3.0,40.5,13.5,24.86,0.048,43.691261,14.563754,26.818883,7907,00-0035632
Talanoa Hufanga,S,Broncos,True,2025,3.0,39.0,13.0,20.0,0.047,42.073066,14.024355,21.575931,9644,00-0036564
Quentin Lake,S,Rams,True,2025,3.0,38.25,12.75,8.5,0.046,41.263968,13.754656,9.169771,10256,00-0037841
Bryan Cook,S,Bengals,True,2026,3.0,40.25,13.416667,14.0,0.045,40.25,13.416667,14.0,10107,00-0037193
Minkah Fitzpatrick,S,Jets,True,2026,3.0,40.0,13.333333,20.5,0.044000000000000004,40.0,13.333333,20.5,6896,00-0034789
Coby Bryant,S,Bears,True,2026,3.0,40.0,13.333333,25.75,0.044000000000000004,40.0,13.333333,25.75,10154,00-0038136
Julian Love,S,Seahawks,True,2024,3.0,33.0,11.0,11.965,0.043,38.917776,12.972592,14.110642,7899,00-0034974
Josh Metellus,S,Vikings,True,2025,3.0,36.0,12.0,14.605,0.043,38.836676,12.945559,15.755824,8945,00-0036348
Harrison Smith,S,Vikings,True,2026,1.0,12.25,12.25,6.95,0.040999999999999995,12.25,12.25,6.95,1779,00-0029606
Kamren Curl,S,Rams,True,2026,3.0,36.0,12.0,18.75,0.04,36.0,12.0,18.75,8956,00-0036349
Justin Reid,S,Saints,True,2025,3.0,31.5,10.5,22.25,0.038,33.982092,11.327364,24.003223,6953,00-0034361
Jalen Thompson,S,Cowboys,True,2026,3.0,33.0,11.0,22.0,0.037000000000000005,33.0,11.0,22.0,8610,00-0035705
Jeremy Chinn,S,Raiders,True,2025,2.0,16.258,8.129,12.25,0.028999999999999998,17.539074,8.769537,13.215258,8804,00-0036293
Reed Blankenship,S,Texans,True,2026,3.0,24.75,8.25,16.5,0.027000000000000003,24.75,8.25,16.5,10500,00-0037130
Alohi Gilman,S,Chiefs,True,2026,3.0,24.0,8.0,15.0,0.027000000000000003,24.0,8.0,15.0,8926,00-0036380
Brandon Jones,S,Broncos,True,2024,3.0,20.0,6.666667,11.0,0.026000000000000002,23.586531,7.862177,12.972592,8810,00-0036221
Caleb Downs,S,Cowboys,True,2026,4.0,28.951992,7.237998,28.951992,0.024,28.951992,7.237998,28.951992,13155,00-0040865
Eric Murray,S,Jaguars,True,2025,3.0,19.5,6.5,10.0,0.023,21.036533,7.012178,10.787966,4819,00-0033038
Kevin Byard,S,Patriots,True,2026,1.0,7.0,7.0,6.17,0.023,7.0,7.0,6.17,4777,00-0033132
Elijah Molden,S,Chargers,True,2025,3.0,18.75,6.25,11.625,0.022000000000000002,20.227436,6.742479,12.54101,9564,00-0036992
DeShon Elliott,S,Steelers,True,2025,2.0,12.5,6.25,7.17,0.022000000000000002,13.484957,6.742479,7.734971,7075,00-0034277
Nick Cross,S,Commanders,True,2026,2.0,13.0,6.5,6.05,0.022000000000000002,13.0,6.5,6.05,10141,00-0037616
Jaquan Brisker,S,Steelers,True,2026,1.0,5.5,5.5,4.285,0.018000000000000002,5.5,5.5,4.285,10093,00-0038135
Malik Hooker,S,Cowboys,True,2026,1.0,5.0,5.0,3.5,0.017,5.0,5.0,3.5,5599,00-0033877
Jaylinn Hawkins,S,Ravens,True,2026,2.0,10.0,5.0,5.0,0.017,10.0,5.0,5.0,8874,00-0036302
Dillon Thieneman,S,Bears,True,2026,4.0,19.51246,4.878115,19.51246,0.016,19.51246,4.878115,19.51246,13169,00-0041538
Malaki Starks,S,Ravens,True,2025,4.0,16.579658,4.144915,16.579658,0.015,17.886078,4.47152,17.886078,12387,00-0040688
Isaiah Pola-Mao,S,Raiders,True,2025,2.0,7.45,3.725,3.5,0.013000000000000001,8.037034,4.018517,3.775788,10646,00-0037512
P.J. Locke,S,Cowboys,True,2026,1.0,4.0,4.0,3.5,0.013000000000000001,4.0,4.0,3.5,8470,00-0035227
Dane Belton,S,Jets,True,2026,1.0,4.0,4.0,2.0,0.013000000000000001,4.0,4.0,2.0,10159,00-0038123
Brenden Schooler,S,Patriots,True,2024,3.0,9.0,3.0,2.6,0.012,10.613939,3.53798,3.066249,10611,00-0037205
Ronnie Hickman,S,Browns,True,2026,1.0,3.52,3.52,0.0,0.012,3.52,3.52,0.0,11382,00-0038715
Jeremy Reaves,S,Commanders,True,2026,1.0,3.5,3.5,4.15,0.012,3.5,3.5,4.15,7387,00-0034465
"Chauncey Gardner-Johnson, Jr.",S,Bills,True,2026,1.0,3.5,3.5,3.015,0.012,3.5,3.5,3.015,7896,00-0035253
Theo Jackson,S,Vikings,True,2025,3.0,9.315,3.105,5.38,0.011000000000000001,10.04899,3.349663,5.803926,10249,00-0037301
Markquese Bell,S,Cowboys,True,2025,3.0,9.0,3.0,6.2,0.011000000000000001,9.709169,3.23639,6.688539,10737,00-0037561
Treydan Stukes,S,Raiders,True,2026,4.0,12.597988,3.149497,12.597988,0.01,12.597988,3.149497,12.597988,13182,00-0040868
Nick Emmanwori,S,Seahawks,True,2025,4.0,11.60126,2.900315,11.60126,0.01,12.515399,3.12885,12.515399,12395,00-0040733
Ar'Darius Washington,S,Giants,True,2026,1.0,3.0,3.0,1.5,0.01,3.0,3.0,1.5,9751,00-0036587
Andrew Wingard,S,Cardinals,True,2026,1.0,3.0,3.0,1.85,0.01,3.0,3.0,1.85,8277,00-0035378
M.J. Stewart,S,Texans,True,2026,1.0,2.7,2.7,0.5,0.009000000000000001,2.7,2.7,0.5,6938,00-0034355
Brian Branch,S,Lions,True,2023,4.0,8.021742,2.005436,5.623617,0.009000000000000001,10.747992,2.686999,7.534846,10869,00-0039141
Elijah Hicks,S,Bears,True,2026,1.0,2.6,2.6,1.6875,0.009000000000000001,2.6,2.6,1.6875,10299,00-0037096
Quan Martin,S,Commanders,True,2023,4.0,7.637824,1.909456,5.111995,0.008,10.233597,2.558399,6.849346,10871,00-0039149
Julian Blackmon,S,Saints,True,2026,1.0,2.535,2.535,1.0,0.008,2.535,2.535,1.0,8825,00-0036253
Andre Cisco,S,Jets,True,2026,1.0,2.5,2.5,1.25,0.008,2.5,2.5,1.25,9529,00-0036941
Tyler Nubin,S,Giants,True,2024,4.0,8.176718,2.04418,5.935968,0.008,9.643021,2.410756,7.000445,11655,00-0039861
Sam Franklin,S,Bills,True,2026,3.0,7.0,2.333333,2.53,0.008,7.0,2.333333,2.53,9198,00-0036037
Percy Butler,S,Commanders,True,2025,1.0,2.15,2.15,3.406,0.008,2.319413,2.319413,3.674381,10158,00-0038100
Tony Adams,S,Titans,True,2026,1.0,2.14,2.14,1.0,0.006999999999999999,2.14,2.14,1.0,10433,00-0037155
Emmanuel McNeil-Warren,S,Browns,True,2026,4.0,8.350192,2.087548,6.526632,0.006999999999999999,8.350192,2.087548,6.526632,13202,00-0041471
Joey Blount,S,Cardinals,True,2025,2.0,3.75,1.875,0.4,0.006999999999999999,4.045487,2.022744,0.431519,10670,00-0037141
Christian Izien,S,Lions,True,2026,1.0,2.0,2.0,1.0,0.006999999999999999,2.0,2.0,1.0,11418,00-0038820
Nick Scott,S,Panthers,True,2026,1.0,2.0,2.0,1.1,0.006999999999999999,2.0,2.0,1.1,8034,00-0035669
Javon Bullard,S,Packers,True,2024,4.0,6.706132,1.676533,3.735287,0.006999999999999999,7.908719,1.97718,4.405123,11666,00-0039867
Bud Clark,S,Seahawks,True,2026,4.0,7.8782,1.96955,5.470564,0.006999999999999999,7.8782,1.96955,5.470564,13208,00-0041463
Andrew Mukuba,S,Eagles,True,2025,4.0,7.160538,1.790135,4.196063,0.006,7.724764,1.931191,4.526698,12424,00-0040749
Cole Bishop,S,Bills,True,2024,4.0,6.547996,1.636999,3.469816,0.006,7.722226,1.930556,4.092046,11668,00-0039872
Sydney Brown,S,ATL/PHI,True,2023,4.0,5.749106,1.437277,1.181168,0.006,7.702984,1.925747,1.582597,10890,00-0039002
Ji'Ayir Brown,S,49ers,True,2023,4.0,5.395804,1.348951,0.92422,0.006,7.229609,1.807402,1.238323,10911,00-0038554
Miles Killebrew,S,Buccaneers,True,2026,1.0,1.79,1.79,0.49,0.006,1.79,1.79,0.49,4824,00-0032399
Jordan Battle,S,Bengals,True,2023,4.0,5.325016,1.331254,0.87274,0.006,7.134763,1.783691,1.169347,10919,00-0038560
A.J. Haulcy,S,Colts,True,2026,4.0,7.082948,1.770737,1.611236,0.006,7.082948,1.770737,1.611236,13222,00-0041043
Kevin Winston Jr.,S,Titans,True,2025,4.0,6.404992,1.601248,1.298176,0.006,6.909683,1.727421,1.400468,12442,00-0040141
Calen Bullock,S,Texans,True,2024,4.0,5.856998,1.46425,1.079636,0.006,6.907313,1.726829,1.273243,11686,00-0039838
Caleb Ransaw,S,Jaguars,True,2025,4.0,6.28108,1.57027,1.208056,0.006,6.776008,1.694002,1.303247,12448,00-0040145
Jonas Sanker,S,Saints,True,2025,4.0,6.245202,1.561301,1.181964,0.006,6.737302,1.684326,1.275099,12453,00-0040643
Tykee Smith,S,Buccaneers,True,2024,4.0,5.687018,1.421755,0.956012,0.006,6.706851,1.676713,1.12745,11697,00-0039846
Jalen Huskey,S,Jaguars,True,2026,4.0,6.6939,1.673475,1.328292,0.006,6.6939,1.673475,1.328292,13244,00-0041055
Jakobe Thomas,S,Vikings,True,2026,4.0,6.6939,1.673475,1.328292,0.006,6.6939,1.673475,1.328292,13242,00-0041054
Xavier Watts,S,Falcons,True,2025,4.0,6.188556,1.547139,1.140768,0.006,6.676193,1.669048,1.230657,12456,00-0040148
Upton Stout,S,49ers,True,2025,4.0,6.161184,1.540296,1.12086,0.006,6.646664,1.661666,1.20918,12460,00-0040152
Kamren Kinchens,S,Rams,True,2024,4.0,5.596312,1.399078,0.890044,0.005,6.599879,1.64997,1.049653,11707,00-0039834
Marcus Epps,S,Eagles,True,2026,1.0,1.55,1.55,0.125,0.005,1.55,1.55,0.125,7982,00-0034993
Chamarri Conner,S,Chiefs,True,2023,4.0,4.591364,1.147841,0.751364,0.005,6.151774,1.537944,1.006721,10943,00-0038982
Jay Ward,S,Vikings,True,2023,4.0,4.493544,1.123386,0.653544,0.005,6.020709,1.505177,0.875656,10958,00-0038578
Tony Jefferson,S,Chargers,True,2026,1.0,1.5,1.5,1.4,0.005,1.5,1.5,1.4,2508,00-0030294
Tycen Anderson,S,Broncos,True,2026,1.0,1.5,1.5,0.65,0.005,1.5,1.5,0.65,10211,00-0037752
Daniel Thomas,S,Browns,True,2026,2.0,3.0,1.5,1.085,0.005,3.0,1.5,1.085,8897,00-0036306
Chuck Clark,S,Lions,True,2026,1.0,1.4875,1.4875,0.05,0.005,1.4875,1.4875,0.05,5772,00-0033294
Ashtyn Davis,S,49ers,True,2026,1.0,1.465,1.465,0.0,0.005,1.465,1.465,0.0,8808,00-0036329
Dadrion Taylor-Demerson,S,Cardinals,True,2024,4.0,4.866844,1.216711,0.846844,0.005,5.739598,1.4349,0.998706,11712,00-0039864
Evan Williams,S,Packers,True,2024,4.0,4.82288,1.20572,0.80288,0.005,5.68775,1.421938,0.946858,11719,00-0039813
Craig Woodson,S,Patriots,True,2025,4.0,5.266456,1.316614,1.066448,0.005,5.681435,1.420359,1.15048,12466,00-0040716
Malik Mustapha,S,49ers,True,2024,4.0,4.758936,1.189734,0.738936,0.005,5.61234,1.403085,0.871447,11732,00-0039360
Jason Pinnock,S,Giants,True,2026,1.0,1.4025,1.4025,0.2,0.005,1.4025,1.4025,0.2,9639,00-0036502
Zayne Anderson,S,Dolphins,True,2026,1.0,1.4025,1.4025,0.7525,0.005,1.4025,1.4025,0.7525,9813,00-0036677
Jonathan Owens,S,Colts,True,2026,1.0,1.4025,1.4025,0.1875,0.005,1.4025,1.4025,0.1875,7542,00-0034485
Kyle Dugger,S,Bengals,True,2026,1.0,1.4025,1.4025,0.075,0.005,1.4025,1.4025,0.075,8777,00-0036231
Elijah Campbell,S,Giants,True,2026,1.0,1.4025,1.4025,0.05,0.005,1.4025,1.4025,0.05,7276,00-0034248
Ronnie Harrison,S,Dolphins,True,2026,1.0,1.4,1.4,0.0,0.005,1.4,1.4,0.0,6978,00-0034779
Billy Bowman Jr.,S,Falcons,True,2025,4.0,5.186152,1.296538,0.986152,0.005,5.594803,1.398701,1.063857,12478,00-0040156
Jordan Howden,S,Saints,True,2023,4.0,4.166728,1.041682,0.326728,0.005,5.582822,1.395706,0.437769,10970,00-0038588
Lathan Ransom,S,Panthers,True,2025,4.0,5.157116,1.289279,0.957116,0.005,5.563479,1.39087,1.032533,12482,00-0040159
Antonio Johnson,S,Jaguars,True,2023,4.0,4.141832,1.035458,0.301832,0.005,5.549465,1.387366,0.404412,10984,00-0038596
Malachi Moore,S,Jets,True,2025,4.0,5.09814,1.274535,0.89814,0.005,5.499856,1.374964,0.96891,12490,00-0040165
Josh Hayes,S,Buccaneers,True,2023,4.0,4.044376,1.011094,0.204376,0.004,5.418888,1.354722,0.273835,11005,00-0039051
J.L. Skinner,S,Broncos,True,2023,4.0,4.036224,1.009056,0.196224,0.004,5.407966,1.351991,0.262912,11007,00-0038605
Genesis Smith,S,Chargers,True,2026,4.0,5.407688,1.351922,1.027688,0.004,5.407688,1.351922,1.027688,13275,00-0041064
Xavier Woods,S,Bears,True,2026,1.0,1.35,1.35,0.05,0.004,1.35,1.35,0.05,5777,00-0033579
Jaden Hicks,S,Chiefs,True,2024,4.0,4.548708,1.137177,0.528708,0.004,5.364412,1.341103,0.623519,11741,00-0039825
DeMarcco Hellams,S,Falcons,True,2023,4.0,3.9463,0.986575,0.1063,0.004,5.28748,1.32187,0.142427,11048,00-0038628
Rayshawn Jenkins,S,Steelers,True,2026,1.0,1.3,1.3,0.0,0.004,1.3,1.3,0.0,5699,00-0033941
Jaylon Carlies,S,Colts,True,2024,4.0,4.36124,1.09031,0.33624,0.004,5.143326,1.285832,0.396537,11759,00-0039377
Damar Hamlin,S,Bills,True,2026,1.0,1.265,1.265,0.025,0.004,1.265,1.265,0.025,9676,00-0036888
Kitan Oladapo,S,Packers,True,2024,4.0,4.274276,1.068569,0.254276,0.004,5.040767,1.260192,0.299874,11777,00-0039818
Dante Trader Jr.,S,Dolphins,True,2025,4.0,4.614784,1.153696,0.0,0.004,4.978413,1.244603,0.0,12515,00-0040182
Marques Sigle,S,49ers,True,2025,4.0,4.602376,1.150594,0.402376,0.004,4.965027,1.241257,0.434082,12520,00-0040185
Kamari Ramsey,S,Texans,True,2026,4.0,4.94572,1.23643,0.56572,0.004,4.94572,1.23643,0.56572,13285,00-0041466
Dalton Johnson,S,Raiders,True,2026,4.0,4.899756,1.224939,0.519756,0.004,4.899756,1.224939,0.519756,13294,00-0040883
Zakee Wheatley,S,Panthers,True,2026,4.0,4.890452,1.222613,0.510452,0.004,4.890452,1.222613,0.510452,13295,00-0041076
Jordan Hancock,S,Bills,True,2025,4.0,4.520216,1.130054,0.320216,0.004,4.876393,1.219098,0.345448,12530,00-0040192
Michael Taaffe,S,Dolphins,True,2026,4.0,4.875812,1.218953,0.495812,0.004,4.875812,1.218953,0.495812,13302,00-0041528
Darrick Forrest,S,49ers,True,2026,1.0,1.215,1.215,0.0,0.004,1.215,1.215,0.0,9627,00-0036638
Terrell Burgess,S,Titans,True,2026,1.0,1.215,1.215,0.0,0.004,1.215,1.215,0.0,8844,00-0036421
Jalon Kilgore,S,Bills,True,2026,4.0,4.843324,1.210831,0.463324,0.004,4.843324,1.210831,0.463324,13311,00-0041086
Lorenzo Styles Jr.,S,Saints,True,2026,4.0,4.800788,1.200197,0.420788,0.004,4.800788,1.200197,0.420788,13316,00-0041089
Jaylen Reed,S,HOU/NE,True,2025,4.0,4.4438,1.11095,0.2438,0.004,4.793956,1.198489,0.263011,12547,00-0040204
Rayuan Lane III,S,Jaguars,True,2025,4.0,4.422176,1.105544,0.222176,0.004,4.770628,1.192657,0.239683,12560,00-0040213
R.J. Mickens,S,Chargers,True,2025,4.0,4.37428,1.09357,0.17428,0.004,4.718958,1.17974,0.188013,12574,00-0040221
Kitan Crawford,S,Cardinals,True,2025,4.0,4.337892,1.084473,0.137892,0.004,4.679703,1.169926,0.148757,12585,00-0040230
Hunter Wohler,S,Colts,True,2025,4.0,4.331068,1.082767,0.131068,0.004,4.672341,1.168085,0.141396,12592,00-0040235
Robert Spears-Jennings,S,Steelers,True,2026,4.0,4.543928,1.135982,0.163928,0.004,4.543928,1.135982,0.163928,13368,00-0041401
V.J. Payne,S,Jets,True,2026,4.0,4.538176,1.134544,0.158176,0.004,4.538176,1.134544,0.158176,13372,00-0041120
Tyler Owens,S,Commanders,True,2024,3.0,2.85,0.95,0.245,0.004,3.361081,1.12036,0.288935,12224,00-0039681
Jaylen McCollough,S,Rams,True,2024,3.0,2.845,0.948333,0.015,0.004,3.355184,1.118394,0.01769,12049,00-0039776
Dell Pettus,S,Patriots,True,2024,3.0,2.839,0.946333,0.009,0.004,3.348108,1.116036,0.010614,11961,00-0039692
Kendall Williamson,S,Chargers,True,2026,1.0,1.075,1.075,0.0,0.004,1.075,1.075,0.0,11082,00-0038414
Isaiah Stalbird,S,Saints,True,2026,1.0,1.075,1.075,0.0,0.004,1.075,1.075,0.0,12012,00-0039622
Devon Key,S,Broncos,True,2026,1.0,1.075,1.075,0.0,0.004,1.075,1.075,0.0,9817,00-0036683
A.J. Finley,S,Seahawks,True,2026,1.0,1.075,1.075,0.0,0.004,1.075,1.075,0.0,11099,00-0038866
Donovan McMillon,S,Browns,True,2025,3.0,2.975,0.991667,0.21,0.004,3.20942,1.069807,0.226547,12797,00-0040263
Julius Wood,S,Dolphins,True,2026,2.0,2.125,1.0625,0.0,0.004,2.125,1.0625,0.0,12076,00-0039532
Andre' Sam,S,Eagles,True,2026,2.0,2.125,1.0625,0.0,0.004,2.125,1.0625,0.0,11878,00-0039267
Kapena Gushiken,S,Colts,True,2026,3.0,3.125,1.041667,0.2725,0.003,3.125,1.041667,0.2725,13659,00-0040928
Xavier Nwankpa,S,Chiefs,True,2026,3.0,3.12,1.04,0.2675,0.003,3.12,1.04,0.2675,13575,00-0040957
Skyler Thomas,S,Bears,True,2026,3.0,3.12,1.04,0.22,0.003,3.12,1.04,0.22,13678,00-0041175
Jacob Thomas,S,Vikings,True,2026,3.0,3.11,1.036667,0.16,0.003,3.11,1.036667,0.16,13713,00-0041354
Wydett Williams Jr.,S,Cardinals,True,2026,3.0,3.11,1.036667,0.11,0.003,3.11,1.036667,0.11,13783,00-0041370
JahQuez Robinson,S,Ravens,True,2026,3.0,3.1,1.033333,0.0,0.003,3.1,1.033333,0.0,13464,00-0040988
Tucker Large,S,Eagles,True,2026,3.0,3.1,1.033333,0.08,0.003,3.1,1.033333,0.08,13662,00-0040929
P.J. Jules,S,Bengals,True,2026,1.0,1.005,1.005,0.0,0.003,1.005,1.005,0.0,12157,00-0039632
Alijah Clark,S,Cowboys,True,2025,2.0,1.845,0.9225,0.0,0.003,1.99038,0.99519,0.0,12662,00-0040045
Keondre Jackson,S,Ravens,True,2025,2.0,1.845,0.9225,0.0,0.003,1.99038,0.99519,0.0,12749,00-0040104
Johnathan Baldwin,S,Packers,True,2025,2.0,1.845,0.9225,0.0,0.003,1.99038,0.99519,0.0,12627,00-0040033
Kendell Brooks,S,Titans,True,2025,2.0,1.765,0.8825,0.0,0.003,1.904076,0.952038,0.0,11204,00-0038703
Trey Dean,S,Packers,True,2026,1.0,0.885,0.885,0.0,0.003,0.885,0.885,0.0,11259,00-0038494
George Odum,S,Texans,True,2026,1.0,0.4113,0.4113,0.0,0.001,0.4113,0.4113,0.0,7157,00-0034091
D'Anthony Bell,S,Seahawks,True,2026,1.0,0.4113,0.4113,0.0,0.001,0.4113,0.4113,0.0,10680,00-0037332
Anthony Johnson Jr.,S,Bears,True,2026,1.0,0.4113,0.4113,0.0,0.001,0.4113,0.4113,0.0,11066,00-0038411
K'Von Wallace,S,Ravens,True,2026,1.0,0.4113,0.4113,0.0,0.001,0.4113,0.4113,0.0,8867,00-0036395
Taylor Rapp,S,Broncos,True,2026,1.0,0.36,0.36,0.0,0.001,0.36,0.36,0.0,7852,00-0035663
Kaevon Merriweather,S,Jaguars,True,2026,1.0,0.3303,0.3303,0.0,0.001,0.3303,0.3303,0.0,11387,00-0038823
Zion Childress,S,Panthers,True,2026,1.0,0.3303,0.3303,0.0,0.001,0.3303,0.3303,0.0,12658,00-0040044
Jammie Robinson,S,Falcons,True,2026,1.0,0.3303,0.3303,0.0,0.001,0.3303,0.3303,0.0,10969,00-0038587
Mike Brown,S,Patriots,True,2026,1.0,0.3303,0.3303,0.0,0.001,0.3303,0.3303,0.0,10490,00-0037493
Geno Stone,S,Bills,True,2026,1.0,0.3303,0.3303,0.0,0.001,0.3303,0.3303,0.0,8959,00-0036199
Jerrick Reed,S,Titans,True,2026,1.0,0.3303,0.3303,0.0,0.001,0.3303,0.3303,0.0,11022,00-0038613
Tanner Ingle,S,Rams,True,2026,1.0,0.2475,0.2475,0.0,0.001,0.2475,0.2475,0.0,11162,00-0038366
Jaylin Simpson,S,Dolphins,True,2026,1.0,0.2475,0.2475,0.0,0.001,0.2475,0.2475,0.0,11772,00-0039383
Daniel Scott,S,Colts,True,2026,1.0,0.2475,0.2475,0.0,0.001,0.2475,0.2475,0.0,10982,00-0038392
Major Burns,S,Dolphins,True,2026,1.0,0.2475,0.2475,0.0,0.001,0.2475,0.2475,0.0,12650,00-0040268
Nick Andersen,S,Rams,True,2026,1.0,0.2475,0.2475,0.0,0.001,0.2475,0.2475,0.0,13790,00-0041413
Tanner McCalister,S,Chiefs,True,2026,1.0,0.2475,0.2475,0.0,0.001,0.2475,0.2475,0.0,11429,00-0038717
Cam'Ron Silmon-Craig,S,Jaguars,True,2026,1.0,0.2475,0.2475,0.0,0.001,0.2475,0.2475,0.0,12974,00-0040339
Trikweze Bridges,S,Bengals,True,2026,1.0,0.2475,0.2475,0.0,0.001,0.2475,0.2475,0.0,12616,00-0040251
DeShon Singleton,S,Chiefs,True,2026,1.0,0.2475,0.2475,0.0,0.001,0.2475,0.2475,0.0,13589,00-0040963
Miles Scott,S,Broncos,True,2026,1.0,0.2475,0.2475,0.0,0.001,0.2475,0.2475,0.0,13390,00-0041130
J.J. Roberts,S,Buccaneers,True,2026,1.0,0.2475,0.2475,0.0,0.001,0.2475,0.2475,0.0,12839,00-0040425
Zion Washington,S,Browns,True,2026,1.0,0.2475,0.2475,0.0,0.001,0.2475,0.2475,0.0,13478,00-0041286
Russ Yeast,S,Bengals,True,2026,1.0,0.2475,0.2475,0.0,0.001,0.2475,0.2475,0.0,10298,00-0037844
Maxen Hook,S,Seahawks,True,2026,1.0,0.2475,0.2475,0.0,0.001,0.2475,0.2475,0.0,12731,00-0040026
Jalen Stroman,S,49ers,True,2026,1.0,0.2475,0.2475,0.0,0.001,0.2475,0.2475,0.0,13812,00-0041362
Max Hurleman,S,Steelers,True,2026,1.0,0.2475,0.2475,0.0,0.001,0.2475,0.2475,0.0,12739,00-0040618
Sebastian Castro,S,Steelers,True,2026,1.0,0.2475,0.2475,0.0,0.001,0.2475,0.2475,0.0,12655,00-0040527
Cole Wisniewski,S,Eagles,True,2026,1.0,0.2475,0.2475,0.0,0.001,0.2475,0.2475,0.0,13388,00-0040905
Maximus Pulley,S,Eagles,True,2026,1.0,0.2475,0.2475,0.0,0.001,0.2475,0.2475,0.0,13663,00-0040923
Raheem Layne,S,Giants,True,2026,1.0,0.2475,0.2475,0.0,0.001,0.2475,0.2475,0.0,10437,00-0037468
Elliott Davison,S,Patriots,True,2026,1.0,0.2475,0.2475,0.0,0.001,0.2475,0.2475,0.0,12680,00-0040537
Silas Walters,S,Buccaneers,True,2026,1.0,0.2475,0.2475,0.0,0.001,0.2475,0.2475,0.0,13463,00-0040992
Bishop Fitzgerald,S,Steelers,True,2026,1.0,0.2475,0.2475,0.0,0.001,0.2475,0.2475,0.0,13547,00-0040914
Harrison Butker,K,Chiefs,True,2024,4.0,25.6,6.4,15.0,0.025,30.19076,7.54769,17.689898,5819,00-0033303
Jason Myers,K,Seahawks,True,2023,4.0,21.1,5.275,8.665,0.023,28.270996,7.067749,11.609867,4628,00-0031492
Brandon Aubrey,K,Cowboys,True,2026,4.0,28.0,7.0,15.0,0.023,28.0,7.0,15.0,11576,00-0037692
Chris Boswell,K,Steelers,True,2026,4.0,28.0,7.0,10.5,0.023,28.0,7.0,10.5,3378,00-0031136
Ka'imi Fairbairn,K,Texans,True,2026,2.0,13.28,6.64,11.66,0.022000000000000002,13.28,6.64,11.66,5265,00-0032726
Cameron Dicker,K,Chargers,True,2024,4.0,22.004,5.501,8.735,0.022000000000000002,25.949901,6.487475,10.301417,10613,00-0037224
Evan McPherson,K,Bengals,True,2024,3.0,16.5,5.5,5.0,0.022000000000000002,19.458888,6.486296,5.896633,9613,00-0036854
Wil Lutz,K,Broncos,True,2025,3.0,16.1,5.366667,7.711666,0.019,17.368625,5.789542,8.319319,5244,00-0032569
Jake Elliott,K,Eagles,True,2026,3.0,17.0,5.666667,5.0,0.019,17.0,5.666667,5.0,5739,00-0033787
Cairo Santos,K,Bears,True,2023,4.0,15.6,3.9,3.383333,0.017,20.901779,5.225445,4.533185,3785,00-0031203
Chase McLaughlin,K,Buccaneers,True,2024,3.0,12.3,4.1,5.0,0.016,14.505717,4.835239,5.896633,8400,00-0035358
Nick Folk,K,Falcons,True,2026,2.0,9.0,4.5,4.0,0.015,9.0,4.5,4.0,2003,00-0025565
Eddy Pineiro,K,49ers,True,2026,4.0,17.0,4.25,8.0,0.013999999999999999,17.0,4.25,8.0,7373,00-0034173
Tyler Bass,K,Bills,True,2026,2.0,6.75,3.375,1.0,0.011000000000000001,6.75,3.375,1.0,8928,00-0036162
Joey Slye,K,Titans,True,2026,1.0,2.0,2.0,0.75,0.006999999999999999,2.0,2.0,0.75,8571,00-0035192
Chad Ryland,K,Cardinals,True,2026,1.0,1.85,1.85,0.475,0.006,1.85,1.85,0.475,10936,00-0038567
Matt Gay,K,Raiders,True,2026,1.0,1.6,1.6,1.35,0.005,1.6,1.6,1.35,7936,00-0035269
Daniel Carlson,K,Saints,True,2026,1.0,1.4875,1.4875,0.0,0.005,1.4875,1.4875,0.0,7052,00-0034161
Riley Patterson,K,Dolphins,True,2026,1.0,1.4025,1.4025,0.0,0.005,1.4025,1.4025,0.0,9898,00-0036816
Spencer Shrader,K,Colts,True,2025,2.0,2.51,1.255,0.75,0.004,2.707779,1.35389,0.809097,12190,00-0039576
Will Reichard,K,Vikings,True,2024,4.0,4.19062,1.047655,0.17062,0.004,4.942109,1.235527,0.201217,11811,00-0039404
Cam Little,K,Jaguars,True,2024,4.0,4.158388,1.039597,0.138388,0.004,4.904097,1.226024,0.163205,11820,00-0039409
Andres Borregales,K,Patriots,True,2025,4.0,4.456484,1.114121,0.256484,0.004,4.80764,1.20191,0.276694,12542,00-0040200
Tyler Loop,K,Ravens,True,2025,4.0,4.444772,1.111193,0.244772,0.004,4.795005,1.198751,0.264059,12546,00-0040074
Blake Grupe,K,NYJ/IND,True,2026,1.0,1.195,1.195,0.0,0.004,1.195,1.195,0.0,11140,00-0038905
Trey Smack,K,Packers,True,2026,4.0,4.586532,1.146633,0.206532,0.004,4.586532,1.146633,0.206532,13360,00-0040899
Jake Bates,K,Lions,True,2026,1.0,1.075,1.075,0.0,0.004,1.075,1.075,0.0,11581,00-0039172
Ryan Fitzgerald,K,Panthers,True,2025,3.0,2.98,0.993333,0.145,0.004,3.214814,1.071604,0.156426,12698,00-0040279
Dominic Zvada,K,Giants,True,2026,3.0,3.125,1.041667,0.145,0.003,3.125,1.041667,0.145,13638,00-0041145
Drew Stevens,K,Commanders,True,2026,3.0,3.1025,1.034167,0.0025,0.003,3.1025,1.034167,0.0025,13669,00-0041182
Harrison Mevis,K,Rams,True,2026,1.0,1.005,1.005,0.0,0.003,1.005,1.005,0.0,12253,00-0039498
Andre Szmyt,K,Browns,True,2026,1.0,1.005,1.005,0.0,0.003,1.005,1.005,0.0,11240,00-0038428
Jason Sanders,K,Jets,True,2026,1.0,0.4113,0.4113,0.0,0.001,0.4113,0.4113,0.0,7114,00-0034794
Jake Moody,K,Ravens,True,2026,1.0,0.3303,0.3303,0.0,0.001,0.3303,0.3303,0.0,10923,00-0038562
Charlie Smyth,K,Saints,True,2026,1.0,0.2475,0.2475,0.0,0.001,0.2475,0.2475,0.0,11605,00-0039229
Lenny Krieg,K,Packers,True,2026,1.0,0.2475,0.2475,0.0,0.001,0.2475,0.2475,0.0,12357,00-0040003
Kansei Matsuzawa,K,Raiders,True,2026,1.0,0.2475,0.2475,0.0,0.001,0.2475,0.2475,0.0,13620,00-0041582
Jack Fox,P,Lions,True,2022,4.0,13.965,3.49125,5.895,0.017,20.202968,5.050742,8.528213,8227,00-0035156
Michael Dickson,P,Seahawks,True,2025,4.0,16.2,4.05,7.5,0.015,17.476504,4.369126,8.090974,7034,00-0034160
Logan Cooke,P,Jaguars,True,2025,4.0,16.0,4.0,9.0,0.013999999999999999,17.260745,4.315186,9.709169,7132,00-0034437
A.J. Cole,P,Raiders,True,2025,4.0,15.8,3.95,10.0,0.013999999999999999,17.044986,4.261246,10.787966,8572,00-0035190
Jordan Stout,P,Giants,True,2026,3.0,12.3,4.1,6.32,0.013999999999999999,12.3,4.1,6.32,10175,00-0038094
Rigoberto Sanchez,P,Colts,True,2026,2.0,7.0,3.5,2.5,0.012,7.0,3.5,2.5,5989,00-0033269
Ryan Wright,P,Saints,True,2026,4.0,14.0,3.5,7.0,0.012,14.0,3.5,7.0,10748,00-0037500
Braden Mann,P,Eagles,True,2026,4.0,14.0,3.5,7.0,0.012,14.0,3.5,7.0,8931,00-0036313
Bryan Anger,P,Cowboys,True,2025,2.0,6.4,3.2,3.3,0.011000000000000001,6.904298,3.452149,3.560029,917,00-0029692
Daniel Whelan,P,Packers,True,2025,2.0,6.2,3.1,2.1,0.011000000000000001,6.688539,3.344269,2.265473,10632,00-0037547
Riley Dixon,P,Buccaneers,True,2025,2.0,6.0,3.0,3.0,0.011000000000000001,6.472779,3.23639,3.23639,4941,00-0032943
Tress Way,P,Commanders,True,2026,1.0,3.0375,3.0375,3.0125,0.01,3.0375,3.0375,3.0125,2677,00-0030140
Jake Bailey,P,Falcons,True,2026,3.0,9.0,3.0,5.0,0.01,9.0,3.0,5.0,7954,00-0035280
Tommy Townsend,P,Titans,True,2026,2.0,5.0,2.5,2.0,0.008,5.0,2.5,2.0,9069,00-0035889
J.K. Scott,P,Chargers,True,2026,1.0,2.35,2.35,0.0,0.008,2.35,2.35,0.0,7057,00-0034162
Corey Bojorquez,P,Browns,True,2026,1.0,2.0,2.0,0.9375,0.006999999999999999,2.0,2.0,0.9375,7635,00-0034721
Blake Gillikin,P,Cardinals,True,2026,1.0,1.905,1.905,0.45,0.006,1.905,1.905,0.45,9383,00-0035859
Sam Martin,P,Panthers,True,2026,2.0,3.75,1.875,2.0,0.006,3.75,1.875,2.0,2246,00-0030092
Bradley Pinion,P,Dolphins,True,2026,1.0,1.4875,1.4875,1.2625,0.005,1.4875,1.4875,1.2625,4013,00-0032065
Tory Taylor,P,Bears,True,2024,4.0,4.7679,1.191975,0.7479,0.005,5.622911,1.405728,0.882018,11730,00-0039745
Bryce Baringer,P,Patriots,True,2023,4.0,4.018456,1.004614,0.178456,0.004,5.384159,1.34604,0.239106,11016,00-0038610
Ethan Evans,P,Rams,True,2023,4.0,3.948,0.987,0.108,0.004,5.289758,1.32244,0.144705,11047,00-0039059
Cameron Johnston,P,Steelers,True,2026,1.0,1.3,1.3,0.0,0.004,1.3,1.3,0.0,6158,00-0033729
Corliss Waitman,P,49ers,True,2026,1.0,1.215,1.215,0.0,0.004,1.215,1.215,0.0,9101,00-0035821
Jeremy Crawshaw,P,Broncos,True,2025,4.0,4.37428,1.09357,0.17428,0.004,4.718958,1.17974,0.188013,12576,00-0040223
Ryan Eckley,P,Ravens,True,2026,4.0,4.622848,1.155712,0.242848,0.004,4.622848,1.155712,0.242848,13355,00-0040898
Tommy Doman,P,Bills,True,2026,4.0,4.512172,1.128043,0.132172,0.004,4.512172,1.128043,0.132172,13383,00-0041126
Ryan Rehkow,P,Bengals,True,2025,2.0,2.035,1.0175,0.0,0.004,2.195351,1.097676,0.0,12266,00-0039323
Matt Araiza,P,Chiefs,True,2026,1.0,1.075,1.075,0.0,0.004,1.075,1.075,0.0,10225,00-0037284
Kai Kroeger,P,Texans,True,2026,2.0,2.125,1.0625,0.0,0.004,2.125,1.0625,0.0,12771,00-0040654
Brett Thorson,P,Vikings,True,2026,3.0,3.115,1.038333,0.09,0.003,3.115,1.038333,0.09,13402,00-0041581
Austin McNamara,P,Jets,True,2025,2.0,1.845,0.9225,0.0,0.003,1.99038,0.99519,0.0,11888,00-0039634
Mitch Wishnowsky,P,Patriots,True,2026,1.0,0.384172,0.384172,0.0,0.001,0.384172,0.384172,0.0,7901,00-0034941
Jack Bouwmeester,P,Rams,True,2026,1.0,0.2475,0.2475,0.0,0.001,0.2475,0.2475,0.0,13852,
Luke Rhodes,LS,Colts,True,2023,4.0,6.465,1.61625,2.5,0.006999999999999999,8.66218,2.165545,3.349644,5036,00-0032753
Zach Wood,LS,Saints,True,2023,4.0,6.31,1.5775,2.3,0.006999999999999999,8.454502,2.113625,3.081673,5447,00-0033063
Thomas Hennessy,LS,Jets,True,2023,4.0,5.97,1.4925,1.955,0.006999999999999999,7.99895,1.999738,2.619422,5980,00-0033260
Ross Matiscik,LS,Jaguars,True,2026,2.0,3.8,1.9,3.425,0.006,3.8,1.9,3.425,9051,00-0035827
Josh Harris,LS,Chargers,True,2026,1.0,1.815,1.815,1.815,0.006,1.815,1.815,1.815,811,00-0028845
Reid Ferguson,LS,Bills,True,2025,4.0,6.5,1.625,2.365,0.006,7.012178,1.753044,2.551354,5045,00-0032497
Matt Orzech,LS,Packers,True,2025,3.0,4.83,1.61,0.75,0.006,5.210587,1.736862,0.809097,8102,00-0035118
Nick Moore,LS,Ravens,True,2025,4.0,6.415,1.60375,2.776111,0.006,6.92048,1.73012,2.994859,8359,00-0035408
Tyler Ott,LS,Commanders,True,2024,3.0,4.39,1.463333,1.61,0.006,5.177244,1.725747,1.898716,3642,00-0031156
Joe Cardona,LS,Rams,True,2026,2.0,3.45,1.725,2.05,0.006,3.45,1.725,2.05,4014,00-0032228
Andrew DePaola,LS,Vikings,True,2026,1.0,1.725,1.725,1.725,0.006,1.725,1.725,1.725,318,00-0029714
James Winchester,LS,Chiefs,True,2026,1.0,1.7,1.7,1.7,0.006,1.7,1.7,1.7,3826,00-0030615
Trent Sieg,LS,Cowboys,True,2025,3.0,4.45,1.483333,1.805,0.005,4.800645,1.600215,1.947228,7259,00-0034198
Liam McCullough,LS,Falcons,True,2025,4.0,5.78,1.445,1.9,0.005,6.235444,1.558861,2.049713,9351,00-0036082
J.J. Jansen,LS,Panthers,True,2026,1.0,1.4875,1.4875,1.2625,0.005,1.4875,1.4875,1.2625,1171,00-0026027
Morgan Cox,LS,Titans,True,2026,1.0,1.4875,1.4875,1.2625,0.005,1.4875,1.4875,1.2625,1798,00-0027557
Casey Kreiter,LS,Cardinals,True,2026,1.0,1.4875,1.4875,1.2625,0.005,1.4875,1.4875,1.2625,3322,00-0030957
Chris Stoll,LS,Seahawks,True,2026,2.0,2.905,1.4525,1.2,0.005,2.905,1.4525,1.2,11497,00-0038769
Christian Kuntz,LS,Steelers,True,2024,3.0,3.765,1.225,0.325,0.005,4.440164,1.444675,0.383281,6431,00-0034051
Jon Weeks,LS,49ers,True,2026,1.0,1.3,1.3,0.0,0.004,1.3,1.3,0.0,1671,00-0027224
Julian Ashby,LS,Patriots,True,2025,4.0,4.301672,1.075418,0.101672,0.004,4.640629,1.160157,0.109683,12611,00-0040246
Tucker Addington,LS,Dolphins,True,2026,1.0,1.145,1.145,0.0,0.004,1.145,1.145,0.0,10814,00-0037686
Alex Ward,LS,Raiders,True,2026,1.0,1.145,1.145,0.0,0.004,1.145,1.145,0.0,11110,00-0038360
Hogan Hatten,LS,Lions,True,2024,3.0,2.831,0.943667,0.001,0.004,3.338673,1.112892,0.001179,12273,00-0039445
Evan Deckers,LS,Buccaneers,True,2026,1.0,1.075,1.075,0.0,0.004,1.075,1.075,0.0,11501,00-0038817
Rex Sunahara,LS,Browns,True,2026,1.0,1.075,1.075,0.0,0.004,1.075,1.075,0.0,9430,00-0036443
William Wagner,LS,Bengals,True,2025,3.0,2.975,0.991667,0.01,0.004,3.20942,1.069807,0.010788,12881,00-0040379
Austin Brinkman,LS,Texans,True,2025,3.0,2.975,0.991667,0.11,0.004,3.20942,1.069807,0.118668,12988,00-0040409
Rocco Underwood,LS,Eagles,True,2026,3.0,3.12,1.04,0.02,0.003,3.12,1.04,0.02,13661,00-0040925
Beau Gardner,LS,Bears,True,2026,3.0,3.11,1.036667,0.11,0.003,3.11,1.036667,0.11,13680,00-0041167
Ben Mann,LS,Giants,True,2026,3.0,3.11,1.036667,0.01,0.003,3.11,1.036667,0.01,13642,00-0041143
Mitchell Fraboni,LS,Broncos,True,2026,1.0,0.4113,0.4113,0.0,0.001,0.4113,0.4113,0.0,10007,00-0036943
Scott Daly,LS,Packers,True,2026,1.0,0.3303,0.3303,0.0,0.001,0.3303,0.3303,0.0,6885,00-0034067
