season,team,position,depth_chart_position,jersey_number,status,full_name,first_name,last_name,birth_date,height,weight,college,gsis_id,espn_id,sportradar_id,yahoo_id,rotowire_id,pff_id,pfr_id,fantasy_data_id,sleeper_id,years_exp,headshot_url,esb_id,gsis_it_id,smart_id,entry_year,rookie_year,draft_club
2026,PIT,QB,QB,8.0,ACT,Aaron Rodgers,Aaron,Rodgers,1983-12-02,74,223,California; Butte College,00-0023459,8439,0ce48193-e2fa-466e-a986-33f751add206,7200,4307,2241,RodgAa00,2593,96,21.0,"https://static.www.nfl.com/image/upload/f_auto,q_auto/league/dypvakakxhccxs67tb0y",ROD339293,29851,3200524f-4433-9293-a3cf-ad7758d03003,2005.0,2005.0,GB
2026,ATL,K,K,6.0,ACT,Nick Folk,Nicholas,Folk,1984-11-05,73,225,Arizona,00-0025565,10621,b37c621e-1125-4c35-bea0-fcabb1527060,8432,5365,3794,FolkNi20,11694,650,19.0,"https://static.www.nfl.com/image/upload/f_auto,q_auto/league/qcfiv2cc7ky37yq9iklp",FOL378021,32371,3200464f-4c37-8021-409f-36e78a589e4b,2007.0,2007.0,DAL
2026,CAR,LS,LS,44.0,ACT,J.J. Jansen,Jeffrey,Jansen,1986-01-20,74,235,Notre Dame,00-0026027,,,,,,,,,18.0,"https://static.www.nfl.com/image/upload/f_auto,q_auto/league/vmbidsuvur7zfmpt9xak",JAN681650,33557,32004a41-4e68-1650-bdb2-b3ecc68bb736,2008.0,2008.0,
2026,CIN,QB,QB,16.0,ACT,Joe Flacco,Joseph,Flacco,1985-01-16,78,245,Delaware; Pittsburgh,00-0026158,11252,64797df2-efd3-4b27-86ee-1d48f7edb09f,8795,5648,4332,FlacJo00,611,19,18.0,"https://static.www.nfl.com/image/upload/f_auto,q_auto/league/vbqptn8emdlbeaz1kvmx",FLA009602,33099,3200464c-4100-9602-96e8-665718e215c0,2008.0,2008.0,BAL
2026,BAL,DL,DE,93.0,ACT,Calais Campbell,Calais,Campbell,1986-09-01,80,307,Miami,00-0026190,11284,0333b8f0-3aab-45aa-a684-6d402a309413,8827,5587,4364,CampCa99,3341,125,18.0,"https://static.www.nfl.com/image/upload/f_auto,q_auto/league/juvpepl8uc1p9rs7upsf",CAM208843,33131,32004341-4d20-8843-b05a-24f8ec79f300,2008.0,2008.0,ARI
2026,CIN,QB,QB,11.0,ACT,Josh Johnson,Joshua,Johnson,1986-05-15,75,219,San Diego,00-0026300,11394,73e133bf-d3f7-4fda-bd25-2fde66cb8ee1,8937,5653,4474,JohnJo05,6489,260,18.0,"https://static.www.nfl.com/image/upload/f_auto,q_auto/league/ibuhbuhomisj4t8vvhay",JOH000001,33241,32004a4f-4800-0001-966a-b4f304503fea,2008.0,2008.0,TB
2026,LA,QB,QB,9.0,ACT,Matthew Stafford,John,Stafford,1988-02-07,75,214,Georgia,00-0026498,12483,ade43b1a-0601-4672-83b6-d246bc066a19,9265,5971,4924,StafMa00,9038,421,17.0,"https://static.www.nfl.com/image/upload/f_auto,q_auto/league/svxl2pk2cuqf26zrhii4",STA134157,34452,32005354-4113-4157-19b1-37e6835d09b9,2009.0,2009.0,DET
2026,SF,LS,LS,46.0,ACT,Jon Weeks,Jonathan,Weeks,1986-02-17,70,242,Baylor,00-0027224,,,,,,,,,16.0,"https://static.www.nfl.com/image/upload/f_auto,q_auto/league/efqsxmef1aoqnw6co1au",WEE504348,35731,32005745-4550-4348-e7fc-6621be523408,2010.0,2010.0,
2026,TEN,LS,LS,46.0,ACT,Morgan Cox,Morgan,Cox,1986-04-26,76,233,Tennessee,00-0027557,,,,,,,,,16.0,"https://static.www.nfl.com/image/upload/f_auto,q_auto/league/lqdswjw8fzenqmc06zbe",COX524880,36086,3200434f-5852-4880-cd4f-5e8dfeb6ae6c,2010.0,2010.0,
2026,SF,OL,OT,71.0,ACT,Trent Williams,Trenton,Williams,1988-07-19,77,320,Oklahoma,00-0027857,,,,,,,,,16.0,"https://static.www.nfl.com/image/upload/f_auto,q_auto/league/z3rgsbkzy0sripzunidx",WIL547553,35443,32005749-4c54-7553-75b9-3d34c5460f69,2010.0,2010.0,WAS
2026,PIT,DL,DE,97.0,ACT,Cameron Heyward,Cameron,Heyward,1989-05-06,77,295,Ohio State,00-0027969,13977,9779acc7-ed88-4a16-b78d-230ace9ec3eb,24818,7449,6183,HeywCa01,12902,843,15.0,"https://static.www.nfl.com/image/upload/f_auto,q_auto/league/vfql05jp29d2pltrlwqz",HEY271611,37104,32004845-5927-1611-4c0d-39454c8d1eaf,2011.0,2011.0,PIT
2026,PHI,QB,QB,14.0,ACT,Andy Dalton,Andrew,Dalton,1987-10-29,74,220,TCU,00-0027973,14012,d2a0e5af-3850-4f16-8e40-a0b1d15c2ce1,24822,7355,6187,DaltAn00,12841,829,15.0,"https://static.www.nfl.com/image/upload/f_auto,q_auto/league/nyjb97rajdqckaxsoniv",DAL659900,37110,32004441-4c65-9900-551d-a31a0423b3ca,2011.0,2011.0,CIN
2026,GB,QB,QB,6.0,ACT,Tyrod Taylor,Tyrod,Taylor,1989-08-03,73,217,Virginia Tech,00-0028118,14163,7f3ef024-eb34-46af-8b9e-544cdf09378f,24967,7357,6332,TaylTy00,12831,827,15.0,"https://static.www.nfl.com/image/upload/f_auto,q_auto/league/nqpyumxuo0e9sitk0a0o",TAY764868,37255,32005441-5976-4868-b81d-df31fbb7fe72,2011.0,2011.0,BAL
2026,WAS,LB,LB,57.0,ACT,Nick Bellore,Nicholas,Bellore,1989-05-12,73,250,Central Michigan,00-0028292,14471,eeb9e3f4-e378-44ca-94b6-a724011ad710,25295,7504,6515,BellNi01,12787,815,15.0,"https://static.www.nfl.com/image/upload/f_auto,q_auto/league/wlj7zdf6h9p9dnhdtmih",BEL740458,37792,32004245-4c74-0458-f160-9cf6a1a7b60c,2011.0,2011.0,
2026,LAC,LS,LS,47.0,ACT,Josh Harris,Joshua,Harris,1989-04-27,73,224,Auburn,00-0028845,15151,8bbd5520-52e9-4187-889f-bd4552622869,26168,3795,7748,HarrJo02,14567,1238,14.0,"https://static.www.nfl.com/image/upload/f_auto,q_auto/league/agckpghgjhwbacdexqyd",HAR000002,38785,32004841-5200-0002-4939-feff6037684f,2012.0,2012.0,
2026,MIN,P,P,5.0,ACT,Johnny Hekker,John,Hekker,1990-02-08,77,225,Oregon State,00-0028872,15153,380435a9-1833-4381-a12b-498a43732798,26350,8381,7252,HekkJo00,14409,1202,14.0,"https://static.www.nfl.com/image/upload/f_auto,q_auto/league/qqxvnynrahubphl6gjvw",HEK403291,38815,32004845-4b40-3291-c2a9-69e708d367a1,2012.0,2012.0,
2026,CHI,QB,QB,11.0,ACT,Case Keenum,Casey,Keenum,1988-02-17,73,220,Houston,00-0028986,15168,1b3d350a-478b-4542-a430-d12cc96adc22,26483,8065,7323,KeenCa00,15694,1737,14.0,"https://static.www.nfl.com/image/upload/f_auto,q_auto/league/weixhyzal4ntsyszyepu",KEE690598,38937,32004b45-4569-0598-1a82-7cad5305e148,2012.0,2012.0,
2026,LV,QB,QB,8.0,ACT,Kirk Cousins,Kirk,Cousins,1988-08-19,75,209,Michigan State,00-0029604,14880,bbd0942c-6f77-4f83-a6d0-66ec6548019e,25812,8057,7102,CousKi00,14252,1166,14.0,"https://static.www.nfl.com/image/upload/f_auto,q_auto/league/hmdqr7gju0dciapvdjcv",COU709400,38632,3200434f-5570-9400-e1ae-f835abb5963e,2012.0,2012.0,WAS
2026,NYJ,LB,OLB,56.0,ACT,Demario Davis,DeMario,Davis,1989-01-11,74,239,Arkansas State,00-0029607,14958,e6221da0-1ce0-4f60-85b5-f2094e9d2863,25787,8213,7079,DaviDe00,13810,1052,14.0,"https://static.www.nfl.com/image/upload/f_auto,q_auto/league/fx9oohbyik0ibdlvyr8z",DAV262404,38607,32004441-5626-2404-80ee-7e2bd72b20d4,2012.0,2012.0,NYJ
2026,DAL,P,P,5.0,ACT,Bryan Anger,Bryan,Anger,1988-10-06,75,202,California,00-0029692,14950,6ee71282-c2b8-416a-8de1-29c0185d9b7b,25780,8251,7072,AngeBr00,14017,1113,14.0,"https://static.www.nfl.com/image/upload/f_auto,q_auto/league/e1fozrp2fhprrkheqt0x",ANG280911,38600,3200414e-4728-0911-cad2-e8c7ca434956,2012.0,2012.0,JAX
2026,MIN,LS,LS,42.0,ACT,Andrew DePaola,Andrew,DePaola,1987-07-28,73,227,Rutgers,00-0029714,,,,,,,,,12.0,"https://static.www.nfl.com/image/upload/f_auto,q_auto/league/jcrvuhkivwjhbqmzp5tm",DEP118180,39750,32004445-5011-8180-19a1-6814db083a3b,2014.0,2014.0,
2026,SF,RB,FB,44.0,ACT,Kyle Juszczyk,Kyle,Juszczyk,1991-04-23,74,235,Harvard,00-0029892,16002,67da5b5c-0db9-4fbc-b98d-7eb8e97b69f6,26753,8930,7912,JuszKy00,14901,1379,13.0,"https://static.www.nfl.com/image/upload/f_auto,q_auto/league/qflumv1aag7yw9mgwpga",JUS812736,40078,32004a55-5381-2736-6940-2f5c2a0823b7,2013.0,2013.0,BAL
2026,BAL,DL,DT,94.0,ACT,John Jenkins,Jonathan,Jenkins,1989-07-11,75,360,Georgia; Gulf Coast CC; Mississippi,00-0030070,15846,60d48e85-931c-45dc-b62f-024503a2e09b,26705,8672,7863,JenkJo00,15194,1553,13.0,"https://static.www.nfl.com/image/upload/f_auto,q_auto/league/cgamzernsuzy7zamg3rx",JEN271683,40030,32004a45-4e27-1683-8a30-9a574921106a,2013.0,2013.0,NO
2026,CAR,P,P,6.0,ACT,Sam Martin,Sam,Martin,1990-02-27,73,205,Appalachian State,00-0030092,15928,80b403da-381f-467e-883b-5b83ac02aac3,26788,9022,7947,MartSa01,15125,1516,13.0,"https://static.www.nfl.com/image/upload/f_auto,q_auto/league/hkewwfpluyhrcdgquthf",MAR720548,40113,32004d41-5272-0548-89fe-164b32a0f793,2013.0,2013.0,DET
2026,LA,OL,OT,68.0,ACT,David Quessenberry,David,Quessenberry,1990-08-24,77,310,San Jose State,00-0030097,,,,,,,,,13.0,"https://static.www.nfl.com/image/upload/f_auto,q_auto/league/u9tqc6zzwioplioiixpm",QUE597984,40124,32005155-4559-7984-fe6c-8f632e818cdc,2013.0,2013.0,HOU
2026,WAS,P,P,10.0,ACT,Tress Way,Tressler,Way,1990-04-18,73,220,Oklahoma,00-0030140,16166,55e1ecbd-96c5-456e-833b-9cd3f046f3fc,26945,9832,8358,WayxTr00,15112,1506,12.0,"https://static.www.nfl.com/image/upload/f_auto,q_auto/league/c9oijuzo666bwebj9yuj",WAY228645,40600,32005741-5922-8645-73f7-640013d2a29d,2014.0,2014.0,
2026,LAC,DB,S,23.0,ACT,Tony Jefferson,Tony,Jefferson,1992-01-27,71,211,Oklahoma,00-0030294,16195,7690ab6a-2ae0-4449-abd5-74ec54403f2e,27081,8688,8361,JeffTo00,15516,1686,13.0,"https://static.www.nfl.com/image/upload/f_auto,q_auto/league/cbeyyjp0frs1gi1g8e3i",JEF423538,40737,32004a45-4642-3538-6240-81dc1df4c32e,2013.0,2013.0,
2026,KC,TE,TE,87.0,ACT,Travis Kelce,Travis,Kelce,1989-10-05,77,250,Cincinnati,00-0030506,15847,c3859e06-5f23-4302-a71b-04820a899d5f,26686,8783,7844,KelcTr00,15048,1466,13.0,"https://static.www.nfl.com/image/upload/f_auto,q_auto/league/ebc5j60djpinc9elvlc5",KEL012458,40011,32004b45-4c01-2458-b7b6-3a14cdb414dd,2013.0,2013.0,KC
2026,PHI,OL,OT,65.0,ACT,Lane Johnson,David,Johnson,1990-05-08,78,325,Oklahoma; Kilgore,00-0030561,,,,,,,,,13.0,"https://static.www.nfl.com/image/upload/f_auto,q_auto/league/ukibsn5yxozyzompfbxm",JOH399478,39950,32004a4f-4839-9478-c9f1-08050b07752e,2013.0,2013.0,PHI
2026,NYJ,QB,QB,7.0,ACT,Geno Smith,Eugene,Smith,1990-10-10,75,221,West Virginia,00-0030565,15864,cfc93f5e-105e-4a5e-88d3-f4279893cfa8,26662,8743,7820,SmitGe00,14895,1373,13.0,"https://static.www.nfl.com/image/upload/f_auto,q_auto/league/tqy0933vz5yogwlefb1s",SMI269700,39987,3200534d-4926-9700-a278-7821d73d1c6a,2013.0,2013.0,NYJ
2026,KC,LS,LS,41.0,ACT,James Winchester,James,Winchester,1989-08-06,75,240,Oklahoma,00-0030615,16665,996a0607-8046-46c2-97a0-b94ff9f5a1c8,27494,10606,8580,WincJa00,15917,1785,11.0,"https://static.www.nfl.com/image/upload/f_auto,q_auto/league/qw1jmfvcpwxx12cewfqg",WIN034202,40994,32005749-4e03-4202-ea63-4415bac76e40,2015.0,2015.0,
2026,AZ,LS,LS,59.0,ACT,Casey Kreiter,Casey,Kreiter,1990-08-13,73,250,Iowa,00-0030957,,,,,,,,,10.0,"https://static.www.nfl.com/image/upload/f_auto,q_auto/league/wgpfei7r2zzbjqojtiu5",KRE233600,41797,32004b52-4523-3600-312f-642e8b6af048,2016.0,2016.0,
2026,LAC,LB,OLB,52.0,ACT,Khalil Mack,Khalil,Mack,1991-02-22,75,269,Buffalo,00-0031040,16710,33c74bf8-7621-48be-a769-e219703988d9,27533,9251,8640,MackKh00,16323,2036,12.0,"https://static.www.nfl.com/image/upload/f_auto,q_auto/league/jzqh3otccfpx2aue7xys",MAC325122,41231,32004d41-4332-5122-ef2d-7d43941a5ee7,2014.0,2014.0,LV
2026,PIT,K,K,9.0,ACT,Chris Boswell,Christopher,Boswell,1991-03-16,74,185,Rice,00-0031136,17372,441eb531-1ec8-4f65-9174-78bc6adada63,28188,9646,8990,BoswCh00,16191,1945,12.0,"https://static.www.nfl.com/image/upload/f_auto,q_auto/league/rxbnhvnfjmheuryvdmuf",BOS743355,41953,3200424f-5374-3355-5a91-480dcb22e23b,2014.0,2014.0,
2026,WAS,LS,LS,69.0,ACT,Tyler Ott,Tyler,Ott,1992-02-28,75,253,Harvard,00-0031156,,,,,,,,,11.0,"https://static.www.nfl.com/image/upload/f_auto,q_auto/league/ppnihdnetdwuoapsyrnn",OTT034606,41973,32004f54-5403-4606-91c0-927940580e7f,2015.0,2015.0,
2026,CHI,K,K,8.0,ACT,Cairo Santos,Cairo,Santos,1991-11-12,68,173,Tulane,00-0031203,17427,d96ff17c-841a-4768-8e08-3a4cfcb7f717,28227,9633,8932,SantCa01,16301,2020,12.0,"https://static.www.nfl.com/image/upload/f_auto,q_auto/league/w5mfvjfuflbitwuji1yx",SAN796299,41991,32005341-4e79-6299-852e-b177eee92780,2014.0,2014.0,
2026,NYG,WR,WR,,ACT,Odell Beckham Jr.,Odell,Beckham,1992-11-05,71,200,LSU,00-0031235,16733,354dec38-b88b-4ba0-8974-859123f27c45,27540,9255,8647,BeckOd00,16389,2078,12.0,"https://static.www.nfl.com/image/upload/f_auto,q_auto/league/ffmalg3wr7lwnsz59i7v",BEC573252,41238,32004245-4357-3252-264b-1da3e93d2745,2014.0,2014.0,NYG
2026,DET,QB,QB,5.0,ACT,Teddy Bridgewater,Theodore,Bridgewater,1992-11-10,74,212,Louisville,00-0031237,16728,d4cb52a9-f6b4-42ed-b40b-27bff5f1eea7,27560,9245,8667,BridTe00,16497,2152,12.0,"https://static.www.nfl.com/image/upload/f_auto,q_auto/league/wggyfg1dgyiwcgxafoen",BRI129168,41258,32004252-4912-9168-84fe-1a998a0eb85b,2014.0,2014.0,MIN
2026,NYG,DL,DE,93.0,ACT,Shelby Harris,Shelby,Harris,1991-08-11,74,288,Illinois State; Wisconsin,00-0031270,16837,20d66704-9c12-467f-a6ca-9cf9dc00730c,27763,9785,8869,HarrSh00,16319,2033,12.0,"https://static.www.nfl.com/image/upload/f_auto,q_auto/league/r1lxhltzhpkmfdocupum",HAR536152,41464,32004841-5253-6152-2588-5177254b0366,2014.0,2014.0,LV
2026,ATL,OL,OT,70.0,ACT,Jake Matthews,Jacob,Matthews,1992-02-11,77,309,Texas A&M,00-0031279,,,,,,,,,12.0,"https://static.www.nfl.com/image/upload/f_auto,q_auto/league/erhayhjdrny0fua2nizx",MAT565555,41232,32004d41-5456-5555-1827-0d5d5e928f5d,2014.0,2014.0,ATL
2026,NE,OL,OT,76.0,ACT,Morgan Moses,Morgan,Moses,1991-03-03,78,320,Virginia,00-0031330,,,,,,,,,12.0,"https://static.www.nfl.com/image/upload/f_auto,q_auto/league/qbq088iyxz81xdpdcnx0",MOS280929,41295,32004d4f-5328-0929-d77a-b0c47c50643f,2014.0,2014.0,WAS
2026,LA,WR,WR,17.0,ACT,Davante Adams,Davante,Adams,1992-12-24,73,204,Fresno State,00-0031381,16800,e7d6ae25-bf15-4660-8b37-c37716551de3,27581,9455,8688,AdamDa01,16470,2133,12.0,"https://static.www.nfl.com/image/upload/f_auto,q_auto/league/qtonvcqpixixqhc6lhnc",ADA218591,41282,32004144-4121-8591-4d26-4c0ac739af41,2014.0,2014.0,GB
2026,SF,WR,WR,5.0,ACT,Mike Evans,Michael,Evans,1993-08-21,77,231,Texas A&M,00-0031408,16737,c48c21d9-0ae5-478c-ad34-30a660cfa9b8,27535,9253,8642,EvanMi00,16597,2216,12.0,"https://static.www.nfl.com/image/upload/f_auto,q_auto/league/yaxorbdsvk1ucfuiyrkj",EVA534309,41233,32004556-4153-4309-b2ed-6b8233f6fea5,2014.0,2014.0,TB
2026,SEA,LB,LB,0.0,ACT,DeMarcus Lawrence,DeMarcus,Lawrence,1992-04-28,75,254,Boise State; Butler County JC,00-0031411,16802,3e3bd10a-6462-47f8-8938-42518781d060,27562,9344,8669,LawrDe00,16366,2064,12.0,"https://static.www.nfl.com/image/upload/f_auto,q_auto/league/dqcbiti9q92w9uawqxom",LAW282118,41263,32004c41-5728-2118-edab-498f27240b6f,2014.0,2014.0,DAL
2026,NYG,TE,TE,85.0,ACT,Chris Manhertz,Christopher,Manhertz,1992-04-10,78,235,Canisius College,00-0031484,2531358,7c7b5515-7786-4e24-9ce0-34e6a8bd5727,28365,10033,10211,ManhCh00,17762,3048,11.0,"https://static.www.nfl.com/image/upload/f_auto,q_auto/league/azx76rspzgxfogsqhxet",MAN285874,42302,32004d41-4e28-5874-8b5c-b485778d40fc,2015.0,2015.0,
2026,SEA,K,K,5.0,ACT,Jason Myers,Jason,Myers,1991-05-12,70,190,Marist,00-0031492,2473037,7af4c94b-529b-4403-ab66-2bfed3fcf0c7,28378,10157,10207,MyerJa00,17215,2747,11.0,"https://static.www.nfl.com/image/upload/f_auto,q_auto/league/rnw5znsm0hrekqvztiog",MYE407253,41175,32004d59-4540-7253-949f-65e474226c01,2015.0,2015.0,
2026,NYG,QB,QB,19.0,ACT,Jameis Winston,Jameis,Winston,1994-01-06,76,231,Florida State,00-0031503,2969939,fb3b36fc-b985-4807-8199-d038d7e62a93,28389,10037,9434,WinsJa00,16762,2306,11.0,"https://static.www.nfl.com/image/upload/f_auto,q_auto/league/vwikoroqsyf8iemlrohb",WIN623708,42344,32005749-4e62-3708-9650-e59a3f7bea83,2015.0,2015.0,TB
2026,HOU,DL,DE,55.0,ACT,Danielle Hunter,Danielle,Hunter,1994-10-29,77,263,LSU,00-0031565,2976560,ba7fe857-df63-4aed-803a-80993b157be4,28476,10318,9521,HuntDa01,16849,2393,11.0,"https://static.www.nfl.com/image/upload/f_auto,q_auto/league/z2rpuzpb0tm8r6vwnfxk",HUN529240,42431,32004855-4e52-9240-4ef3-07ebfed3439a,2015.0,2015.0,MIN
2026,CHI,DL,DT,50.0,ACT,Grady Jarrett,Grady,Jarrett,1993-04-28,73,294,Clemson,00-0031583,2576492,e1fe1900-fae3-414e-8530-55eece80471f,28525,10458,9570,JarrGr00,17059,2592,11.0,"https://static.www.nfl.com/image/upload/f_auto,q_auto/league/znqx6ghmgepgcrsfw9gm",JAR254349,42480,32004a41-5225-4349-33b2-d2f5008fd3a4,2015.0,2015.0,ATL
2026,CLE,RB,FB,34.0,ACT,Michael Burton,Michael,Burton,1992-02-01,72,247,Rutgers,00-0031595,2515270,80715ecf-ffc9-4a93-a305-2193451b3382,28556,10468,9601,BurtMi00,16928,2471,11.0,"https://static.www.nfl.com/image/upload/f_auto,q_auto/league/ibyeabk3yu68mgipxklr",BUR792195,42511,32004255-5279-2195-c834-a65d2d43d92e,2015.0,2015.0,DET
2026,SEA,OL,OT,,ACT,Bobby Hart,Robert,Hart,1994-08-21,77,310,Florida State,00-0031622,,,,,,,,,11.0,"https://static.www.nfl.com/image/upload/f_auto,q_auto/league/eeqftbtda7o2yyop5m5s",HAR659972,42569,32004841-5265-9972-2dde-0391002e0586,2015.0,2015.0,NYG
2026,DEN,LB,LB,49.0,ACT,Alex Singleton,Alex,Singleton,1993-12-07,74,240,Montana State,00-0031898,2612151,954d9ed8-41ed-4222-b0d8-b3cc8d1755a5,28716,10811,9994,SingAl00,17085,2617,11.0,"https://static.www.nfl.com/image/upload/f_auto,q_auto/league/zohji3gr704zraihhqyl",SIN350252,42929,32005349-4e35-0252-3d2d-f2edddb47f5f,2015.0,2015.0,
2026,SEA,DL,DE,99.0,ACT,Leonard Williams,Leonard,Williams,1994-06-20,77,310,USC,00-0031933,2971622,2b5152aa-cbcc-439c-b72a-ac7577c8422b,28394,10307,9439,WillLe02,16767,2311,11.0,"https://static.www.nfl.com/image/upload/f_auto,q_auto/league/jhaogtinjeyrwbjsvbl4",WIL426411,42349,32005749-4c42-6411-1ceb-16f4ceb749d0,2015.0,2015.0,NYJ
2026,TB,DL,DT,56.0,ACT,Rakeem Nunez-Roches,Rakeem,Nunez-Roches,1993-07-03,74,307,Southern Mississippi,00-0031957,2575453,d6ce0b64-9526-4983-8c3c-7f14f2918f8e,28605,10339,9650,NuneRa00,17512,2993,11.0,"https://static.www.nfl.com/image/upload/f_auto,q_auto/league/iugbhtbumlnt3nb8wqmi",NUN250521,42560,32004e55-4e25-0521-92d6-3fde26feb3fc,2015.0,2015.0,KC
2026,SEA,DL,DE,,ACT,Dante Fowler Jr.,Dante,Fowler,1994-08-03,75,261,Florida,00-0032052,2980100,6bc85af5-fc58-4656-82da-d02780a0f6f6,28391,10349,9436,FowlDa00,16764,2308,11.0,"https://static.www.nfl.com/image/upload/f_auto,q_auto/league/tuvfudn3repds06zb5hi",FOW382785,42346,3200464f-5738-2785-f81a-f6d367ce1686,2015.0,2015.0,JAX
2026,MIA,P,P,48.0,ACT,Bradley Pinion,Bradley,Pinion,1994-06-01,77,265,Clemson,00-0032065,2977680,9000be32-15ad-4c43-bf8d-79a9c7113cdd,28553,10466,9598,PiniBr00,16925,2468,11.0,"https://static.www.nfl.com/image/upload/f_auto,q_auto/league/g6zs1z59umevxxtqc35z",PIN501016,42508,32005049-4e50-1016-bb7b-fc207d868337,2015.0,2015.0,SF
2026,HOU,OL,OT,77.0,ACT,Trent Brown,Trenton,Brown,1993-04-13,80,380,Florida; Georgia Military,00-0032071,,,,,,,,,11.0,"https://static.www.nfl.com/image/upload/f_auto,q_auto/league/r0l3rruzqunyqlt0lrzm",BRO739325,42587,32004252-4f73-9325-7786-18cc8995e060,2015.0,2015.0,SF
2026,LAC,LB,MLB,6.0,ACT,Denzel Perryman,Denzel,Perryman,1992-12-05,71,240,Miami,00-0032103,2579621,9fc6e49f-c863-419d-9dca-8f0da3f3c9c7,28436,10356,9481,PerrDe00,16809,2353,11.0,"https://static.www.nfl.com/image/upload/f_auto,q_auto/league/fqxyjc6skhaprcaiknpj",PER775462,42391,32005045-5277-5462-491f-9c5c82a7d666,2015.0,2015.0,LAC
2026,JAX,RB,RB,43.0,ACT,Ameer Abdullah,Ameer,Abdullah,1993-06-13,69,203,Nebraska,00-0032104,2576336,c5e430c5-7a8e-4e29-b30f-1a527f05cb89,28442,10126,9487,AbduAm00,16815,2359,11.0,"https://static.www.nfl.com/image/upload/f_auto,q_auto/league/jvkgnlj5fn16mnmdyr4i",ABD647726,42397,32004142-4464-7726-b649-e09413abd27c,2015.0,2015.0,DET
2026,LAC,LB,OLB,48.0,ACT,Bud Dupree,Alvin,Dupree,1993-02-12,76,269,Kentucky,00-0032146,2576702,48dca4c3-c6ac-4122-aee6-26f7cd259824,28410,10351,9455,DuprAl00,16783,2327,11.0,"https://static.www.nfl.com/image/upload/f_auto,q_auto/league/unn7gcyciu20lmm1bvpn",DUP507860,42365,32004455-5050-7860-af18-e6f8e2611e65,2015.0,2015.0,PIT
2026,ATL,QB,QB,13.0,ACT,Trevor Siemian,Trevor,Siemian,1991-12-26,75,220,Northwestern,00-0032156,2511109,e23dc743-ecee-4cf3-a263-69d3da3bae94,28638,10483,9683,SiemTr00,17009,2549,11.0,"https://static.www.nfl.com/image/private/f_auto,q_auto/league/vmksfbms9zefxezf39sb",SIE461866,42593,32005349-4546-1866-e481-b01fc4505cd5,2015.0,2015.0,DEN
2026,JAX,DL,DE,91.0,ACT,Arik Armstead,Arik,Armstead,1993-11-15,79,290,Oregon,00-0032164,2971275,acb7169f-3ffa-4386-9866-e06af6ed7fef,28405,10309,9450,ArmsAr01,16778,2322,11.0,"https://static.www.nfl.com/image/upload/f_auto,q_auto/league/z6e5xcslnlyaz2egeke3",ARM057964,42360,32004152-4d05-7964-59d3-546e5e96e618,2015.0,2015.0,SF
2026,LV,WR,WR,13.0,ACT,Phillip Dorsett,Phillip,Dorsett,1993-01-05,70,185,Miami,00-0032208,2579604,c682e8ea-fe48-45d2-af60-682a6125ab22,28417,10208,9462,DorsPh00,16790,2334,11.0,"https://static.www.nfl.com/image/upload/f_auto,q_auto/league/zkmdppfkcxqn5iwlcsyy",DOR488199,42372,3200444f-5248-8199-3ca5-f2de722dd057,2015.0,2015.0,IND
2026,LA,LS,LS,49.0,ACT,Joe Cardona,Joseph,Cardona,1992-04-16,74,245,Navy,00-0032228,,,,,,,,,11.0,"https://static.www.nfl.com/image/upload/f_auto,q_auto/league/cs3qvfnrrxiubflqqw2i",CAR054160,42509,32004341-5205-4160-e18a-17a03cc27e0e,2015.0,2015.0,NE
2026,WAS,QB,QB,8.0,ACT,Marcus Mariota,Marcus,Mariota,1993-10-30,76,222,Oregon,00-0032268,2576980,7c16c04c-04de-41f3-ac16-ad6a9435e3f7,28390,10074,9435,MariMa01,16763,2307,11.0,"https://static.www.nfl.com/image/upload/f_auto,q_auto/league/b9ribxqudeehvmjlw0va",MAR186347,42345,32004d41-5218-6347-2b09-64276fa61f68,2015.0,2015.0,TEN
2026,IND,DL,DT,99.0,ACT,DeForest Buckner,DeForest,Buckner,1994-03-17,79,295,Oregon,00-0032378,2971282,d97529e5-f1cd-4fe0-8697-4b51bbe52fd4,29241,10925,10641,BuckDe00,17933,3172,10.0,"https://static.www.nfl.com/image/upload/f_auto,q_auto/league/mtyogyexnz2ik3fbs3am",BUC768760,43296,32004255-4376-8760-299c-0fb49b4a62d2,2016.0,2016.0,SF
2026,SF,DB,CB,30.0,ACT,Eli Apple,Eli,Apple,1995-08-09,73,203,Ohio State,00-0032379,3040506,72a42703-19b7-417c-87ce-344fd792f5ca,29244,10886,10644,ApplEl00,17950,3189,10.0,"https://static.www.nfl.com/image/upload/f_auto,q_auto/league/szrv0msliekcbdfulpzb",APP195645,43299,32004150-5019-5645-f1b8-2e24e42cc5eb,2016.0,2016.0,NYG
2026,WAS,OL,OT,78.0,ACT,Laremy Tunsil,Laremy,Tunsil,1994-08-02,77,313,Mississippi,00-0032380,,,,,,,,,10.0,"https://static.www.nfl.com/image/upload/f_auto,q_auto/league/ewy0qnfl6956hfatqszj",TUN565442,43302,32005455-4e56-5442-704e-acb84ae7be26,2016.0,2016.0,MIA
2026,SEA,DL,DT,90.0,ACT,Jarran Reed,Jarran,Reed,1992-12-16,75,315,Alabama; East Mississippi JC,00-0032387,3115312,c02b49d3-ddc1-4ffc-9f40-487199882fa5,29289,11217,10683,ReedJa02,17981,3220,10.0,"https://static.www.nfl.com/image/upload/f_auto,q_auto/league/td7umxhgwkswls8rutk0",REE257783,43338,32005245-4525-7783-9d33-e7586a9aa31c,2016.0,2016.0,SEA
2026,CHI,OL,G,62.0,ACT,Joe Thuney,Joseph,Thuney,1992-11-18,77,301,N.C. State,00-0032391,,,,,,,,,10.0,"https://static.www.nfl.com/image/upload/f_auto,q_auto/league/fstgjypwv8bcpfaae5mi",THU198074,43367,32005448-5519-8074-d99e-a02407da902b,2016.0,2016.0,NE
2026,ATL,TE,TE,81.0,ACT,Austin Hooper,Austin,Hooper,1994-10-29,76,254,Stanford,00-0032392,3043275,90c2a93f-d837-4e1b-b57c-56648903a8db,29315,10748,10715,HoopAu00,17963,3202,10.0,"https://static.www.nfl.com/image/upload/f_auto,q_auto/league/gfvav2gybtr174ckovpk",HOO570770,43370,3200484f-4f57-0770-bd7c-1cf59d6025ab,2016.0,2016.0,ATL
2026,TB,DB,SAF,29.0,ACT,Miles Killebrew,Miles,Killebrew,1993-05-10,74,222,Southern Utah State,00-0032399,2575164,4419b655-867f-436b-8233-6d45f4dfef77,29345,11091,10745,KillMi00,18033,3272,10.0,"https://static.www.nfl.com/image/upload/f_auto,q_auto/league/f9p5bqqqb38i6kgvqzms",KIL283492,43400,32004b49-4c28-3492-57d3-042b96cef5b8,2016.0,2016.0,DET
2026,PIT,DL,DE,,ACT,Dean Lowry,Dean,Lowry,1994-06-09,78,296,Northwestern,00-0032412,2974348,0df44cfb-8dab-4fc1-8556-108505a4b428,29371,11119,10771,LowrDe00,18056,3295,10.0,"https://static.www.nfl.com/image/upload/f_auto,q_auto/league/lwrt3rztaeonuykkrfh1",LOW617631,43426,32004c4f-5761-7631-a34e-c6965ab51a7c,2016.0,2016.0,GB
2026,NYG,DL,DT,,ACT,DJ Reader,David,Reader,1994-07-01,75,335,Clemson,00-0032424,2977670,42bb4895-bdfb-40e2-8119-f5b06611bf1b,29400,11114,10800,ReadD.00,18083,3322,10.0,"https://static.www.nfl.com/image/upload/f_auto,q_auto/league/gbbbyrh2pgibo9w8ahd6",REA148116,43455,32005245-4114-8116-e0aa-521c3fdaafdb,2016.0,2016.0,HOU
2026,NYG,QB,QB,12.0,ACT,Brandon Allen,Brandon,Allen,1992-09-05,74,219,Arkansas,00-0032434,2574511,a8c3bcd7-69d0-4c5e-a876-6b33857942bc,29435,10882,10835,AlleBr00,18118,3357,10.0,"https://static.www.nfl.com/image/upload/f_auto,q_auto/league/cz7oluypd7ahkdrr8net",ALL063816,43490,3200414c-4c06-3816-a995-21614b984798,2016.0,2016.0,JAX
2026,CIN,OL,G,64.0,ACT,Ted Karras,Theodore,Karras,1993-03-15,76,310,Illinois,00-0032445,,,,,,,,,10.0,"https://static.www.nfl.com/image/upload/f_auto,q_auto/league/trz2xsxziqel2nertm1g",KAR582765,43510,32004b41-5258-2765-78d9-7663d77bb277,2016.0,2016.0,NE
2026,CHI,WR,WR,14.0,ACT,Kalif Raymond,Kalif,Raymond,1994-08-08,69,160,Holy Cross,00-0032464,2973405,e0a31d02-9d1c-4dab-adb4-a5d9bbee8b36,29631,11429,11028,RaymKa00,18422,3634,10.0,"https://static.www.nfl.com/image/upload/f_auto,q_auto/league/e5z8bskwg89hqtsjwwgj",RAY748263,43584,32005241-5974-8263-1ad0-b2ba085ce237,2016.0,2016.0,
2026,BUF,LS,LS,69.0,ACT,Reid Ferguson,Chandler,Ferguson,1994-03-24,74,235,LSU,00-0032497,,,,,,,,,10.0,"https://static.www.nfl.com/image/upload/f_auto,q_auto/league/tarla9ric6f8tijjqrkz",FER300870,43617,32004645-5230-0870-4c45-c5d8e887ea12,2016.0,2016.0,
2026,DEN,K,K,3.0,ACT,Wil Lutz,William,Lutz,1994-07-07,71,184,Georgia State,00-0032569,2985659,c4cf84d0-6022-4ac1-a9ba-85587921c53f,29754,11309,11096,LutzWi00,18478,3678,10.0,"https://static.www.nfl.com/image/upload/f_auto,q_auto/league/lcfurzhyjudmrwjxkgfs",LUT811045,43689,32004c55-5481-1045-8775-985bb1539a57,2016.0,2016.0,
2026,PHI,DB,DB,32.0,ACT,Jonathan Jones,Jonathan,Jones,1993-09-20,70,190,Auburn,00-0032580,2971027,537c88d4-c403-43f4-94a1-fdccea0ee24a,29875,11081,11217,JoneJo03,18177,3415,10.0,"https://static.www.nfl.com/image/upload/f_auto,q_auto/league/shh2jg4hjsp0xwlnchv1",JON495280,43700,32004a4f-4e49-5280-4eed-171301d538b0,2016.0,2016.0,
2026,NYG,DL,DE,95.0,ACT,Roy Robertson-Harris,Roy,Robertson-Harris,1993-07-23,79,300,Texas-El Paso,00-0032667,2574891,36248cd5-f747-4960-b66a-a5d4f481e098,29920,11356,11341,RobeRo00,18292,3526,10.0,"https://static.www.nfl.com/image/upload/f_auto,q_auto/league/lu3nlgnkltamn4jtdbtg",ROB360907,43787,3200524f-4236-0907-76e2-1ee576ba9fea,2016.0,2016.0,
2026,SF,OL,C,64.0,ACT,Jake Brendel,Jacob,Brendel,1992-09-10,76,299,UCLA,00-0032701,,,,,,,,,10.0,"https://static.www.nfl.com/image/upload/f_auto,q_auto/league/fw1g79qwk1gbhmdjvhfv",BRE273025,43821,32004252-4527-3025-f511-d9c5bdf338c5,2016.0,2016.0,
2026,HOU,K,K,15.0,ACT,Ka'imi Fairbairn,John,Fairbairn,1994-01-29,72,183,UCLA,00-0032726,2971573,203b60aa-cb94-499c-a4ca-d3c6b94dddc4,29792,11031,11161,FairKa01,18215,3451,10.0,"https://static.www.nfl.com/image/upload/f_auto,q_auto/league/nbrs7doetqydf2rzhjjl",FAI144264,43846,32004641-4914-4264-2765-80ae068118ab,2016.0,2016.0,
2026,IND,LS,LS,46.0,ACT,Luke Rhodes,Luke,Rhodes,1992-12-02,74,238,William & Mary,00-0032753,2566045,8da0fe32-1758-44ed-9acf-21b3721cbd0d,29588,11414,10940,RhodLu00,18381,3598,10.0,"https://static.www.nfl.com/image/upload/f_auto,q_auto/league/q0ip1kc9iwwveiuefq1x",RHO474400,43873,32005248-4f47-4400-14a1-b69d26c495ed,2016.0,2016.0,
2026,HOU,DL,DT,98.0,ACT,Sheldon Rankins,Sheldon,Rankins,1994-04-02,74,305,Louisville,00-0032759,2970204,3b1227f6-05c9-421f-a2c1-4c8f1368b80b,29246,11112,10646,RankSh00,17949,3188,10.0,"https://static.www.nfl.com/image/upload/f_auto,q_auto/league/ec78oc2cpukwczkzhyrw",RAN676464,43301,32005241-4e67-6464-e53f-42a69e3df0f3,2016.0,2016.0,NO
2026,KC,DL,DE,95.0,ACT,Chris Jones,Christopher,Jones,1994-07-03,78,310,Mississippi State,00-0032762,3044859,ef7b5ce8-a929-46be-b9f3-328752c6d125,29271,11074,10671,JoneCh09,18331,3558,10.0,"https://static.www.nfl.com/image/upload/f_auto,q_auto/league/yrka1thykkvkfo4ixrxc",JON162595,43326,32004a4f-4e16-2595-4a1d-89da02ce049b,2016.0,2016.0,KC
2026,BAL,RB,RB,22.0,ACT,Derrick Henry,Derrick,Henry,1994-01-04,75,252,Alabama,00-0032764,3043078,87c481c7-7414-43cc-82df-19ca0c2ae22e,29279,10819,10679,HenrDe00,17959,3198,10.0,"https://static.www.nfl.com/image/upload/f_auto,q_auto/league/jxtikemnvpkw9r0ex2wv",HEN602843,43334,32004845-4e60-2843-9b64-3cd8fac319c3,2016.0,2016.0,TEN
2026,SF,WR,WR,7.0,ACT,Demarcus Robinson,Demarcus,Robinson,1994-09-21,73,203,Florida,00-0032775,3043116,46b16198-116f-4913-85db-2bc21462bd66,29360,11163,10760,RobiDe01,18047,3286,10.0,"https://static.www.nfl.com/image/upload/f_auto,q_auto/league/aynbxqjpwz1vhpxbxvv8",ROB399065,43415,3200524f-4239-9065-1db8-5ff5da8a3829,2016.0,2016.0,KC
2026,TB,DL,DT,91.0,ACT,A'Shawn Robinson,A'Shawn,Robinson,1995-03-21,75,320,Alabama,00-0032889,3054857,3f44e069-a9c7-40dc-bfa9-cd403ee9cdbd,29280,11162,10680,RobiAS00,17979,3218,10.0,"https://static.www.nfl.com/image/upload/f_auto,q_auto/league/o2si1evbe2wsnwyrypjj",ROB367960,43335,3200524f-4236-7960-bf20-bc060ac0f49c,2016.0,2016.0,DET
2026,WAS,DB,CB,34.0,ACT,Antonio Hamilton,Antonio,Hamilton,1993-01-24,72,188,South Carolina State,00-0032933,3056354,9bc107dc-1920-49db-b009-436d1a77955d,29957,11518,11353,HamiAn01,18658,3838,10.0,"https://static.www.nfl.com/image/upload/f_auto,q_auto/league/ezqh9yn3k2gnriphk8q8",HAM184824,43986,32004841-4d18-4824-5017-25555a65166e,2016.0,2016.0,
2026,TB,P,P,9.0,ACT,Riley Dixon,Riley,Dixon,1993-08-24,76,221,Syracuse,00-0032943,2577619,f45835c5-aa9e-4e32-b545-20d1e322fe8f,29462,11022,10862,DixoRi00,18144,3383,10.0,"https://static.www.nfl.com/image/upload/f_auto,q_auto/league/nkjfawzgxosjvjesf1ad",DIX641722,43517,32004449-5864-1722-3434-6401bfab8afa,2016.0,2016.0,DEN
2026,MIN,QB,QB,11.0,ACT,Carson Wentz,Carson,Wentz,1992-12-30,77,237,North Dakota State,00-0032950,2573079,e9a5c16b-4472-4be9-8030-3f77be7890cb,29236,10856,10636,WentCa00,17920,3161,10.0,"https://static.www.nfl.com/image/upload/f_auto,q_auto/league/ot6wu9gw3cgcdb2cx6is",WEN615770,43291,32005745-4e61-5770-9c68-1652f876bc72,2016.0,2016.0,PHI
2026,IND,WR,WR,13.0,ACT,Laquon Treadwell,Laquon,Treadwell,1995-06-14,74,215,Mississippi,00-0032951,3051889,2e0badcd-b78c-40ee-a83b-a1bbb36bc545,29257,10739,10657,TreaLa00,17914,3155,10.0,"https://static.www.nfl.com/image/upload/f_auto,q_auto/league/b6hu3zlkauy5tcrseyv2",TRE425415,43312,32005452-4542-5415-7fdd-740fe9181fcb,2016.0,2016.0,MIN
2026,AZ,OL,G,73.0,ACT,Isaac Seumalo,Isaac,Seumalo,1993-10-29,76,303,Oregon State,00-0032954,,,,,,,,,10.0,"https://static.www.nfl.com/image/upload/f_auto,q_auto/league/ffnqudvi1hv5rymj20d1",SEU306003,43368,32005345-5530-6003-d964-c18cd95b904b,2016.0,2016.0,PHI
2026,BAL,OL,OT,79.0,ACT,Ronnie Stanley,Ronnie,Stanley,1994-03-18,78,310,Notre Dame,00-0032965,,,,,,,,,10.0,"https://static.www.nfl.com/image/upload/f_auto,q_auto/league/j91t0jvkrdhfmeoeeryr",STA458230,43295,32005354-4145-8230-6d67-2a4d1dc0dc12,2016.0,2016.0,BAL
2026,JAX,DB,S,29.0,ACT,Eric Murray,Eric,Murray,1994-01-07,71,199,Minnesota,00-0033038,2970716,16e4ffec-959d-4210-8702-36c0bf20dda5,29340,11141,10740,MurrEr00,18029,3268,10.0,"https://static.www.nfl.com/image/upload/f_auto,q_auto/league/owvt87ldq6ygpyq7ub4h",MUR615618,43395,32004d55-5261-5618-172a-cd1feb295e6e,2016.0,2016.0,KC
2026,NYJ,DL,DT,93.0,ACT,David Onyemata,Ebuka,Onyemata,1992-11-13,75,300,Manitoba (Canada),00-0033051,4002046,08d27d1a-e039-4ccc-9ba7-65a22f6002fd,29354,11219,10754,OnyeDa00,18042,3281,10.0,"https://static.www.nfl.com/image/upload/f_auto,q_auto/league/zzqx9ig8ltlva2uo0cgd",ONY164481,43409,32004f4e-5916-4481-9c60-dd4f4e644838,2016.0,2016.0,NO
2026,PIT,DB,CB,5.0,ACT,Jalen Ramsey,Jalen,Ramsey,1994-10-24,73,211,Florida State,00-0033055,3045373,ca53fda9-d20a-4bc7-b8dc-deef28355399,29239,11111,10639,RamsJa00,17919,3160,10.0,"https://static.www.nfl.com/image/upload/f_auto,q_auto/league/pjozgun3xstol72jfoow",RAM435895,43294,32005241-4d43-5895-945e-3f3097eb17ea,2016.0,2016.0,JAX
2026,NO,LS,LS,49.0,ACT,Zach Wood,Zachary,Wood,1993-01-10,75,255,SMU,00-0033063,,,,,,,,,9.0,"https://static.www.nfl.com/image/upload/f_auto,q_auto/league/vldx7g9vu0boohxmhs48",WOO185780,44062,3200574f-4f18-5780-d743-e42a5230251f,2017.0,2017.0,
2026,AZ,DL,DT,95.0,ACT,Andrew Billings,Andrew,Billings,1995-06-03,73,311,Baylor,00-0033066,3051775,67760ee1-c969-488f-b449-b8c37e7e32bb,29356,10907,10756,BillAn00,17968,3207,10.0,"https://static.www.nfl.com/image/upload/f_auto,q_auto/league/rfxthtnhruxgqnofnuzg",BIL462662,43411,32004249-4c46-2662-d818-0e385b7aa3bd,2016.0,2016.0,CIN
2026,DAL,QB,QB,4.0,ACT,Dak Prescott,Rayne,Prescott,1993-07-29,74,238,Mississippi State,00-0033077,2577417,86197778-8d4b-4eba-affe-08ef7be7c70b,29369,11008,10769,PresDa01,18055,3294,10.0,"https://static.www.nfl.com/image/upload/f_auto,q_auto/league/blixemm3s9sa4gmqk5yn",PRE285723,43424,32005052-4528-5723-d1b2-96e92ebc1241,2016.0,2016.0,DAL
2026,NYG,OL,G,62.0,ACT,Lucas Patrick,Lucas,Patrick,1993-07-30,75,313,Duke,00-0033082,,,,,,,,,10.0,"https://static.www.nfl.com/image/upload/f_auto,q_auto/league/gpkpw7ira7e2yi26vold",PAT269889,44068,32005041-5426-9889-e1ac-bf5ad84aa1c2,2016.0,2016.0,
2026,NE,TE,TE,85.0,ACT,Hunter Henry,Hunter,Henry,1994-12-07,77,249,Arkansas,00-0033090,3046439,705899da-3c20-4bc3-b5d0-2e6e40655131,29269,10735,10669,HenrHu00,17975,3214,10.0,"https://static.www.nfl.com/image/upload/f_auto,q_auto/league/l0fsrutz9fwbohx10lcf",HEN617052,43324,32004845-4e61-7052-805d-daad1175a3b2,2016.0,2016.0,LAC
2026,DAL,DL,DE,98.0,ACT,Jonathan Bullard,Jonathan,Bullard,1993-10-22,75,290,Florida,00-0033093,2980097,ccfcbd2c-6e35-49b9-b131-ba2143665260,29306,10926,10706,BullJo00,18002,3241,10.0,"https://static.www.nfl.com/image/upload/f_auto,q_auto/league/z0iwn1oavvemgjupnkep",BUL366378,43361,32004255-4c36-6378-5352-bcd27f50c265,2016.0,2016.0,CHI
2026,DET,QB,QB,16.0,ACT,Jared Goff,Jared,Goff,1994-10-14,76,217,California,00-0033106,3046779,aba8f925-ffbf-4654-bfa7-a25d3d237494,29235,10729,10635,GoffJa00,17922,3163,10.0,"https://static.www.nfl.com/image/upload/f_auto,q_auto/league/yggfwr4ak4po9byj0qor",GOF219636,43290,3200474f-4621-9636-7354-d2eb6365d257,2016.0,2016.0,LA
2026,GB,DL,NT,98.0,ACT,Javon Hargrave,Javon,Hargrave,1993-02-07,74,307,South Carolina State,00-0033109,2983055,3f8e4972-2361-4939-b5e3-c5f6c63b9f68,29323,11051,10723,HargJa00,18017,3256,10.0,"https://static.www.nfl.com/image/upload/f_auto,q_auto/league/ql5febs5kjgtrpj555ex",HAR143881,43378,32004841-5214-3881-f71a-319de907d4f9,2016.0,2016.0,PIT
2026,LA,TE,TE,89.0,ACT,Tyler Higbee,Tyler,Higbee,1993-01-01,78,253,Western Kentucky,00-0033110,2573401,0df7912d-9e81-47ea-b4f7-d04986df4ee8,29344,10854,10744,HigbTy00,18032,3271,10.0,"https://static.www.nfl.com/image/upload/f_auto,q_auto/league/x1d4osiefibd04df6gow",HIG033222,43399,32004849-4703-3222-e4e8-bd596550bfdb,2016.0,2016.0,LA
2026,AZ,QB,QB,7.0,ACT,Jacoby Brissett,Jacoby,Brissett,1992-12-11,76,235,N.C. State; Florida,00-0033119,2578570,ad2258ab-67f0-41c2-bcf3-f3ba145187dc,29325,10919,10725,BrisJa00,18018,3257,10.0,"https://static.www.nfl.com/image/upload/f_auto,q_auto/league/rdxowm5dvpbb8p3aazbc",BRI516391,43380,32004252-4951-6391-fb1e-f908d9b96e12,2016.0,2016.0,NE
2026,DAL,DL,NT,97.0,ACT,Kenny Clark,Kenneth,Clark,1995-10-04,75,314,UCLA,00-0033120,3122752,d848e4e6-ff3e-421c-9bd3-c2f62a16efd4,29261,10973,10661,ClarKe01,17947,3186,10.0,"https://static.www.nfl.com/image/upload/f_auto,q_auto/league/ydhhuuqdppcs8vzi6v7d",CLA409251,43316,3200434c-4140-9251-2f88-d454b8ae633b,2016.0,2016.0,GB
2026,CLE,DL,DT,96.0,ACT,Maliek Collins,Maliek,Collins,1995-04-08,74,310,Nebraska,00-0033131,3040471,54f13aa1-4a2f-46a3-99ef-743c1d3ee234,29301,10976,10701,CollMa00,17997,3236,10.0,"https://static.www.nfl.com/image/upload/f_auto,q_auto/league/tjyv74ytq62fprrfnjrv",COL633184,43356,3200434f-4c63-3184-3f7e-5796185e9486,2016.0,2016.0,DAL
2026,NE,DB,FS,31.0,ACT,Kevin Byard,Kevin,Byard,1993-08-17,71,218,Middle Tennessee State,00-0033132,2574056,c909532a-693e-4e8f-b853-fbf41037c100,29298,11218,10698,ByarKe01,17994,3233,10.0,"https://static.www.nfl.com/image/upload/f_auto,q_auto/league/ymu0jcrm7clsyhhvmcki",BYA251361,43353,32004259-4125-1361-f4be-db294c8d9a0f,2016.0,2016.0,TEN
2026,IND,TE,TE,81.0,ACT,Mo Alie-Cox,Mohamed,Alie-Cox,1993-09-19,77,267,Virginia Commonwealth Univ.,00-0033217,2998565,8809c0dd-786b-4255-a7d0-333c9498c19a,30112,12196,12078,AlieMo00,18900,4054,9.0,"https://static.www.nfl.com/image/upload/f_auto,q_auto/league/qss1euhktuj7qje9heoi",ALI177980,44792,3200414c-4917-7980-6d26-f37d4f9dba6e,2017.0,2017.0,
2026,PHI,TE,TE,83.0,ACT,Johnny Mundt,John,Mundt,1994-11-23,76,245,Oregon,00-0033246,3052096,6414998b-5831-44aa-8bd8-39e42a323c2c,30373,12316,12206,MundJo00,19165,4314,9.0,"https://static.www.nfl.com/image/upload/f_auto,q_auto/league/dnvrns7mliks2ptijfo0",MUN312153,45094,32004d55-4e31-2153-93a6-6c9db93d992e,2017.0,2017.0,
2026,NYJ,LS,LS,42.0,ACT,Thomas Hennessy,Thomas,Hennessy,1994-06-11,74,246,Duke,00-0033260,,,,,,,,,9.0,"https://static.www.nfl.com/image/upload/f_auto,q_auto/league/dzwef96yf2ovfdcppbmo",HEN540649,45144,32004845-4e54-0649-1753-a0ff4df1325c,2017.0,2017.0,
2026,IND,P,P,8.0,ACT,Rigoberto Sanchez,Rigoberto,Sanchez,1994-09-08,72,195,Hawaii; Butte College,00-0033269,3914922,8237c04f-a1c4-4c31-b5de-3afb3c81389f,30534,12390,12130,SancRi00,19187,4331,9.0,"https://static.www.nfl.com/image/upload/f_auto,q_auto/league/io2gctkkefyopm7m7mnj",SAN093508,45153,32005341-4e09-3508-9793-8e6aad63dbbc,2017.0,2017.0,
2026,SF,RB,RB,23.0,ACT,Christian McCaffrey,Christian,McCaffrey,1996-06-07,71,210,Stanford,00-0033280,3117251,f96db0af-5e25-42d1-a07a-49b4e065b364,30121,11690,11763,McCaCh01,18877,4034,9.0,"https://static.www.nfl.com/image/upload/f_auto,q_auto/league/resjdwihunsqckohcorj",MCC035988,44820,32004d43-4303-5988-790d-0077d6a4692b,2017.0,2017.0,CAR
2026,BAL,DB,CB,44.0,ACT,Marlon Humphrey,Marlon,Humphrey,1996-07-08,72,210,Alabama,00-0033281,3126356,bf9749c6-6609-456e-a3eb-b8cab21dd76a,30129,12017,11771,HumpMa00,18917,4071,9.0,"https://static.www.nfl.com/image/upload/f_auto,q_auto/league/zru6ellib9fzob6zq5c3",HUM550259,44828,32004855-4d55-0259-3a83-bf518b57504a,2017.0,2017.0,BAL
2026,CAR,OL,OT,72.0,ACT,Taylor Moton,Taylor,Moton,1994-08-14,77,325,Western Michigan,00-0033284,,,,,,,,,9.0,"https://static.www.nfl.com/image/upload/f_auto,q_auto/league/sfwnn5fqfzp64p0zkwkl",MOT466221,44876,32004d4f-5446-6221-9a2d-e499d5bf94c5,2017.0,2017.0,CAR
2026,SF,TE,TE,85.0,ACT,George Kittle,George,Kittle,1993-10-09,76,250,Iowa,00-0033288,3040151,2ada91b0-036e-454f-83c3-6d939ff584a9,30259,11892,11901,KittGe00,19063,4217,9.0,"https://static.www.nfl.com/image/upload/f_auto,q_auto/league/ztz3xqjaqgok9m4nylgs",KIT388290,44959,32004b49-5438-8290-eeed-c9c9cca62ec1,2017.0,2017.0,SF
2026,NYG,OL,G,72.0,ACT,Jermaine Eluemunor,Jermaine,Eluemunor,1994-12-13,76,338,Texas A&M; Lackawanna JC,00-0033290,,,,,,,,,9.0,"https://static.www.nfl.com/image/upload/f_auto,q_auto/league/xqlquhcisz9ykfedvele",ELU177981,44972,3200454c-5517-7981-2db3-292a30f493e2,2017.0,2017.0,BAL
2026,MIN,RB,RB,33.0,ACT,Aaron Jones,Aaron,Jones,1994-12-02,69,208,Texas-El Paso,00-0033293,3042519,27dd5b6e-ea65-4622-a6b4-460fd144407c,30295,11763,11937,JoneAa00,19045,4199,9.0,"https://static.www.nfl.com/image/upload/f_auto,q_auto/league/bktkfvgfwujkdbzkcfim",JON026624,44995,32004a4f-4e02-6624-33bd-3ba151b7013d,2017.0,2017.0,GB
2026,DET,DB,SAF,36.0,ACT,Chuck Clark,Charles,Clark,1995-04-19,72,209,Virginia Tech,00-0033294,3045463,1105ae60-a4b6-4246-a77e-0849179b07b2,30299,12010,11941,ClarCh00,19070,4224,9.0,"https://static.www.nfl.com/image/upload/f_auto,q_auto/league/yv3fcxrrkt1c0tavgpq7",CLA225622,44999,3200434c-4122-5622-5c14-90fee339d2bb,2017.0,2017.0,BAL
2026,DEN,DL,DT,93.0,ACT,D.J. Jones,David,Jones,1995-01-19,72,305,Mississippi; East Mississippi JC,00-0033297,3894915,d2e2b313-6769-48c6-a217-d167f04068df,30310,12209,11953,JoneD.01,19124,4278,9.0,"https://static.www.nfl.com/image/upload/f_auto,q_auto/league/ft4g8bxpn85mshqvp4lj",JON230048,45011,32004a4f-4e23-0048-1505-9691edb2c0ce,2017.0,2017.0,SF
2026,KC,K,K,7.0,ACT,Harrison Butker,Harrison,Butker,1995-07-14,76,205,Georgia Tech,00-0033303,3055899,4ceb866c-8eaf-49b5-9043-56228e43a2e5,30346,11783,11988,ButkHa00,19073,4227,9.0,"https://static.www.nfl.com/image/upload/f_auto,q_auto/league/ove4pmnrtqtuyta6rrlc",BUT061642,45046,32004255-5406-1642-3745-75ce5dec0422,2017.0,2017.0,CAR
2026,AZ,WR,WR,17.0,ACT,Kendrick Bourne,Kendrick,Bourne,1995-08-04,73,203,Eastern Washington,00-0033307,3045523,5aba3610-ab55-4922-ac46-806ded5eb8bf,30551,11847,12270,BourKe00,19318,4454,9.0,"https://static.www.nfl.com/image/upload/f_auto,q_auto/league/rroh157jvpywprbfn3vx",BOU434790,45185,3200424f-5543-4790-acfc-7b92d77f3c8b,2017.0,2017.0,
2026,JAX,QB,QB,14.0,ACT,Nick Mullens,Nicholas,Mullens,1995-03-21,73,210,Southern Mississippi,00-0033319,3059989,7738fea8-7ea2-4c4c-b589-bca90b070819,30563,12511,12282,MullNi00,19330,4464,9.0,"https://static.www.nfl.com/image/upload/f_auto,q_auto/league/xrpcaavzkqoq1ybqthgm",MUL486612,45198,32004d55-4c48-6612-b03b-50f8fc6abe24,2017.0,2017.0,
2026,MIN,LB,LB,55.0,ACT,Eric Wilson,Eric,Wilson,1994-09-26,73,230,Cincinnati; Northwestern,00-0033336,3056916,bfe704fc-266d-4f6a-afbf-c903b5934e23,30448,12360,38587,WilsEr00,19273,4413,9.0,"https://static.www.nfl.com/image/upload/f_auto,q_auto/league/ita0jmgsuikjagrpuqqb",WIL683426,45215,32005749-4c68-3426-7a2d-ccb0c14a3b07,2017.0,2017.0,
2026,NYG,DL,DT,,ACT,Josh Tupou,Sione,Tupou,1994-05-02,75,340,Colorado,00-0033347,2979632,1ad3e535-2b5c-48a8-82f0-c7a933d250f0,30586,12183,12093,TupoJo00,19228,4371,9.0,"https://static.www.nfl.com/image/upload/f_auto,q_auto/league/l2qbcwd7xkczaf4yibdf",TUP546197,45226,32005455-5054-6197-b656-c3798436dac4,2017.0,2017.0,
2026,NYJ,WR,WR,17.0,ACT,Tim Patrick,Timothy,Patrick,1993-11-23,77,210,Utah; Grossmont,00-0033375,3134353,2a443351-5e63-4a49-819e-912b51a745f2,30511,12061,12087,PatrTi00,19207,4351,9.0,"https://static.www.nfl.com/image/upload/f_auto,q_auto/league/ovltsc9sdoo5e62fpa9b",PAT283375,45267,32005041-5428-3375-95f4-ff207c5ba0aa,2017.0,2017.0,
2026,NYG,RB,RB,45.0,ACT,Patrick Ricard,Patrick,Ricard,1994-05-27,75,300,Maine,00-0033376,2975417,cb68b95f-ef6f-4e5e-b861-8bfe6cfeacf5,30592,12298,48862,RicaPa00,19209,4353,9.0,"https://static.www.nfl.com/image/upload/f_auto,q_auto/league/l5nzsaigpp87jl5h5mtc",RIC012529,45268,32005249-4301-2529-9196-f7af1fec131c,2017.0,2017.0,
2026,LV,DL,DT,69.0,ACT,Adam Butler,Adam,Butler,1994-04-12,77,300,Vanderbilt,00-0033381,2972342,54814199-dd18-408f-9dc4-ce59a121431b,30655,12141,12214,ButlAd00,19275,4415,9.0,"https://static.www.nfl.com/image/upload/f_auto,q_auto/league/t9cxogz67nugvjyqif73",BUT106408,45274,32004255-5410-6408-e7df-5e762e3130ea,2017.0,2017.0,
2026,WAS,TE,TE,,ACT,Anthony Firkser,Anthony,Firkser,1995-02-19,74,246,Harvard,00-0033455,3049698,b0719e3d-199b-46e5-a2b4-1091f6fd5c0d,30571,12235,51837,FirkAn00,19296,4435,9.0,"https://static.www.nfl.com/image/upload/f_auto,q_auto/league/rpbs9wsnuhu9tgipzwuv",FIR355963,45355,32004649-5235-5963-ed29-7b11917cedd5,2017.0,2017.0,
2026,CIN,DL,DE,93.0,ACT,Jonathan Allen,Jonathan,Allen,1995-01-16,75,300,Alabama,00-0033523,3054840,5ba11bd2-e764-4dea-98e1-dad01a21cdd3,30130,11900,11772,AlleJo01,18875,4032,9.0,"https://static.www.nfl.com/image/upload/f_auto,q_auto/league/pri0osdjdsziyqrd14ar",ALL512725,44829,3200414c-4c51-2725-ce7e-b1e4e850afe5,2017.0,2017.0,WAS
2026,CIN,RB,RB,34.0,ACT,Samaje Perine,Samaje,Perine,1995-09-16,70,240,Oklahoma,00-0033526,3116389,e601812f-ce24-4e99-bee0-e33c1e9014e4,30227,11698,11869,PeriSa00,18993,4147,9.0,"https://static.www.nfl.com/image/upload/f_auto,q_auto/league/ur3jv6biq0pefkrgpzty",PER095343,44927,32005045-5209-5343-a8b2-b2085b20ed79,2017.0,2017.0,WAS
2026,CLE,QB,QB,4.0,ACT,Deshaun Watson,Derrick,Watson,1995-09-14,75,223,Clemson,00-0033537,3122840,eec5265c-7731-4bb6-8af2-4f98a67f9ab7,30125,11712,11767,WatsDe00,18857,4017,9.0,"https://static.www.nfl.com/image/private/f_auto,q_auto/league/otfs2docj6eahaebo5xn",WAT338355,44824,32005741-5433-8355-e029-e49022cf4b81,2017.0,2017.0,HOU
2026,DEN,OL,OT,72.0,ACT,Garett Bolles,Garett,Bolles,1992-05-27,77,300,Utah; Snow,00-0033538,,,,,,,,,9.0,"https://static.www.nfl.com/image/upload/f_auto,q_auto/league/dpgttf9sbcrvmqvohqtn",BOL532335,44832,3200424f-4c53-2335-9c0b-98c5c891813d,2017.0,2017.0,DEN
2026,LAC,DL,DE,94.0,ACT,Dalvin Tomlinson,Dalvin,Tomlinson,1994-02-18,75,317,Alabama,00-0033546,2979860,6371b42c-2783-49e8-8def-ce4d7dc91081,30168,11946,11810,TomlDa00,18938,4092,9.0,"https://static.www.nfl.com/image/upload/f_auto,q_auto/league/al9wtdcyop0h56lby8ba",TOM676763,44867,3200544f-4d67-6763-bcfe-e2b65c26698d,2017.0,2017.0,NYG
2026,BAL,DB,CB,3.0,ACT,Chidobe Awuzie,Chidobe,Awuzie,1995-05-24,72,202,Colorado,00-0033548,3052101,5e11c306-6387-46ed-8a6d-3ff7a8210ed5,30173,12009,11815,AwuzCh00,18953,4107,9.0,"https://static.www.nfl.com/image/upload/f_auto,q_auto/league/qmjzimecbg4ftseg8myr",AWU800920,44872,32004157-5580-0920-d33d-9451c81f6cbb,2017.0,2017.0,DAL
2026,AZ,RB,RB,6.0,ACT,James Conner,James,Conner,1995-05-05,73,233,Pittsburgh,00-0033553,3045147,28a084c0-14df-499f-bd1f-b975603626b7,30218,11691,11860,ConnJa00,18983,4137,9.0,"https://static.www.nfl.com/image/upload/f_auto,q_auto/league/g5yjordcmt76j0saytzb",CON461999,44917,3200434f-4e46-1999-59e9-253cedeec3a5,2017.0,2017.0,PIT
2026,NE,WR,WR,13.0,ACT,Mack Hollins,Mackenzie,Hollins,1993-09-16,76,221,North Carolina,00-0033555,2991662,93cb5790-1012-4c42-bccb-5748c27ba7d6,30231,11861,11873,HollMa00,19023,4177,9.0,"https://static.www.nfl.com/image/upload/f_auto,q_auto/league/qbz7whjzsittudcecezw",HOL280459,44931,3200484f-4c28-0459-95b9-52d98e1b03e6,2017.0,2017.0,PHI
2026,SEA,TE,TE,81.0,ACT,Eric Saubert,Eric,Saubert,1994-05-09,77,248,Drake,00-0033576,2975863,582dc00e-e7ec-4ca7-bff0-f7b1d604017b,30287,11897,11929,SaubEr00,19035,4189,9.0,"https://static.www.nfl.com/image/upload/f_auto,q_auto/league/ojoapzazehxdd01fadz6",SAU025752,44987,32005341-5502-5752-b171-3bff1c98fe2d,2017.0,2017.0,ATL
2026,CAR,WR,WR,83.0,ACT,David Moore,David,Moore,1995-01-15,72,220,East Central,00-0033589,4212909,aecc1809-4628-4c3a-8b2b-c8f2858d2492,30339,12216,11981,MoorDa03,19120,4274,9.0,"https://static.www.nfl.com/image/upload/f_auto,q_auto/league/k2szy47lyxy9u5om7vd1",MOO249444,45039,32004d4f-4f24-9444-1f85-e742d8abb0fb,2017.0,2017.0,SEA
2026,AZ,OL,OT,65.0,ACT,Elijah Wilkinson,Elijah,Wilkinson,1995-02-10,76,329,UMass Amherst,00-0033676,,,,,,,,,9.0,"https://static.www.nfl.com/image/upload/f_auto,q_auto/league/vf0jyksmu8odxv2b9ich",WIL099353,45550,32005749-4c09-9353-3f4a-f19b70ea3921,2017.0,2017.0,
2026,PIT,P,P,19.0,ACT,Cameron Johnston,Cameron,Johnston,1992-02-24,71,194,Ohio State,00-0033729,3051397,d2f6de91-089a-4845-9b90-bfbc00487444,30711,11829,12255,JohnCa02,19552,4654,8.0,"https://static.www.nfl.com/image/upload/f_auto,q_auto/league/ppcxjnntytozgd78mhzz",JOH795940,45603,32004a4f-4879-5940-2d22-237a7cd96c97,2018.0,2018.0,
2026,ATL,OL,OT,77.0,ACT,Storm Norton,Storm,Norton,1994-05-16,79,310,Toledo,00-0033752,,,,,,,,,9.0,"https://static.www.nfl.com/image/upload/f_auto,q_auto/league/mr7jtocgjgjggcgnpuko",NOR763430,45630,32004e4f-5276-3430-a5bf-58da8f72529d,2017.0,2017.0,
2026,PIT,TE,TE,,ACT,Robert Tonyan,Robert,Tonyan,1994-04-30,77,240,Indiana State,00-0033757,2975674,7c9c7800-69d0-459b-812b-a07ac48e9f2a,30777,12389,12193,TonyRo00,19491,4602,9.0,"https://static.www.nfl.com/image/upload/f_auto,q_auto/league/m8h8rzmxq4sjywitqnyb",TON816385,45635,3200544f-4e81-6385-721e-9beac148ba1c,2017.0,2017.0,
2026,WAS,DB,CB,24.0,ACT,Ahkello Witherspoon,James,Witherspoon,1995-03-21,74,195,Colorado; Sacramento City,00-0033783,3122630,a80f1b08-3977-48b6-97e0-5991ca26bfae,30179,12038,11821,WithAh00,18970,4124,9.0,"https://static.www.nfl.com/image/upload/f_auto,q_auto/league/ub7code8rbhomboifmob",WIT145608,44878,32005749-5414-5608-c892-62ffde1da4f1,2017.0,2017.0,SF
2026,PHI,K,K,4.0,ACT,Jake Elliott,Jacob,Elliott,1995-01-21,69,167,Memphis,00-0033787,3050478,059e5bb7-1842-4558-9aaf-77c352a21216,30266,12203,11908,ElliJa03,19041,4195,9.0,"https://static.www.nfl.com/image/upload/f_auto,q_auto/league/v35j7b3tofdn0kfskdhj",ELL296383,44966,3200454c-4c29-6383-45c6-7b06fb12848c,2017.0,2017.0,CIN
2026,ATL,OL,G,62.0,ACT,Corey Levin,Corey,Levin,1994-08-12,76,307,Tennessee-Chattanooga,00-0033793,,,,,,,,,9.0,"https://static.www.nfl.com/image/upload/f_auto,q_auto/league/fdfrozned9wsdhjth5cr",LEV584781,45030,32004c45-5658-4781-eaee-52a98f2b3ef9,2017.0,2017.0,TEN
2026,WAS,OL,G,71.0,ACT,Andrew Wylie,Andrew,Wylie,1994-08-19,77,304,Eastern Michigan,00-0033831,,,,,,,,,9.0,"https://static.www.nfl.com/image/upload/f_auto,q_auto/league/ocotasgekygqeq8tmgzh",WYL509323,45695,32005759-4c50-9323-5039-dff2db753254,2017.0,2017.0,
2026,NYG,WR,WR,,ACT,JuJu Smith-Schuster,John,Smith-Schuster,1996-11-22,73,215,USC,00-0033857,3120348,9547fbb1-0d4f-4d9e-83b9-e2fa30463bb9,30175,11877,11817,SmitJu00,18883,4040,9.0,"https://static.www.nfl.com/image/upload/f_auto,q_auto/league/fmjrhk2zt9z22uifctv0",SMI829709,44874,3200534d-4982-9709-6877-2f8181b1e986,2017.0,2017.0,PIT
2026,NO,DL,DT,92.0,ACT,Davon Godchaux,Davon,Godchaux,1994-11-11,75,330,LSU,00-0033860,3115383,6e6dcc9c-06f5-40fd-9134-d0afd0e349d8,30291,11916,11934,GodcDa00,19053,4207,9.0,"https://static.www.nfl.com/image/upload/f_auto,q_auto/league/ggliw5fteiagipksotkk",GOD093943,44991,3200474f-4409-3943-f3b0-e1ac6f3b3b13,2017.0,2017.0,MIA
2026,MIA,K,K,45.0,ACT,Zane Gonzalez,Zane,Gonzalez,1995-05-07,72,202,Arizona State,00-0033862,3043234,cd0f4ef0-9914-4125-be4d-804a72350ceb,30337,11831,11979,GonzZa00,19079,4233,9.0,"https://static.www.nfl.com/image/upload/f_auto,q_auto/league/tytaxive5qhdumjqy2o2",GON750924,45037,3200474f-4e75-0924-5122-d295e60caad4,2017.0,2017.0,CLE
2026,LA,DL,DE,,ACT,Myles Garrett,Myles,Garrett,1995-12-29,76,272,Texas A&M,00-0033868,3122132,a85a0ba9-674c-4f37-a944-474fc6cdf557,30114,11914,11756,GarrMy00,18807,3973,9.0,"https://static.www.nfl.com/image/private/f_auto,q_auto/league/y33rmtjxhgil7cjcftlc",GAR528896,44813,32004741-5252-8896-2c1d-5aafec7d47e8,2017.0,2017.0,CLE
2026,TEN,QB,QB,10.0,ACT,Mitchell Trubisky,Mitchell,Trubisky,1994-08-20,74,222,North Carolina,00-0033869,3039707,7a1b8f1a-9024-4897-86b0-01c63e00305e,30115,11709,11757,TrubMi00,18811,3976,9.0,"https://static.www.nfl.com/image/upload/f_auto,q_auto/league/fw9ec0v5pn3sorobytpb",TRU215336,44814,32005452-5521-5336-8519-c8cb45ea9b74,2017.0,2017.0,CHI
2026,TEN,DL,DE,90.0,ACT,Solomon Thomas,Solomon,Thomas,1995-08-26,74,285,Stanford,00-0033870,3117258,74473bcc-5bdb-4650-8549-8a8a12874cbf,30116,11945,11758,ThomSo00,18904,4058,9.0,"https://static.www.nfl.com/image/upload/f_auto,q_auto/league/pk5ozcdcbehjnw3txvu8",THO381630,44815,32005448-4f38-1630-9012-3ee085da5a84,2017.0,2017.0,SF
2026,KC,QB,QB,15.0,ACT,Patrick Mahomes,Patrick,Mahomes,1995-09-17,74,225,Texas Tech,00-0033873,3139477,11cad59d-90dd-449c-a839-dddaba4fe16c,30123,11839,11765,MahoPa00,18890,4046,9.0,"https://static.www.nfl.com/image/upload/f_auto,q_auto/league/iireqbn32cpg9fn4sfy7",MAH401939,44822,32004d41-4840-1939-e4c1-bb89191b4e71,2017.0,2017.0,KC
2026,DAL,DB,FS,28.0,ACT,Malik Hooker,Malik,Hooker,1996-04-02,73,212,Ohio State,00-0033877,3121415,3cb26a5c-9c90-46ad-b539-e29ad6934e30,30128,11695,11770,HookMa00,18920,4074,9.0,"https://static.www.nfl.com/image/upload/f_auto,q_auto/league/juvd0vtnne04b8fbqaf6",HOO298753,44827,3200484f-4f29-8753-69fc-56b68b3a9b17,2017.0,2017.0,IND
2026,DEN,TE,TE,1.0,ACT,Evan Engram,Evan,Engram,1994-09-02,75,240,Mississippi,00-0033881,3051876,e21365af-8d66-416e-b0a5-8816d18fcfd9,30136,11805,11778,EngrEv00,18912,4066,9.0,"https://static.www.nfl.com/image/upload/f_auto,q_auto/league/vsrjso6phkjqki88qw9y",ENG726325,44835,3200454e-4772-6325-a4a0-9b4b442fe68a,2017.0,2017.0,NYG
2026,LAC,TE,TE,,ACT,David Njoku,Chief,Njoku,1996-07-10,76,246,Miami,00-0033885,3123076,8f86fcea-90e8-49ea-bc78-5c7659313e57,30142,11734,11784,NjokDa00,18876,4033,9.0,"https://static.www.nfl.com/image/upload/f_auto,q_auto/league/gdwtgcfz3mxj6codxdpn",NJO355964,44841,32004e4a-4f35-5964-1f03-4dc0b4e0b757,2017.0,2017.0,CLE
2026,PIT,LB,OLB,90.0,ACT,T.J. Watt,Trent,Watt,1994-10-11,76,252,Wisconsin,00-0033886,3045282,f340201b-a1b1-43ba-a47a-484a44334553,30143,11984,11785,WattT.00,18916,4070,9.0,"https://static.www.nfl.com/image/upload/f_auto,q_auto/league/aywegy4gpj1d32vrl67u",WAT587616,44842,32005741-5458-7616-6d9a-681b6f6e278d,2017.0,2017.0,PIT
2026,AZ,DB,S,3.0,ACT,Budda Baker,Bishard,Baker,1996-01-10,70,195,Washington,00-0033890,3127287,5ce20f3e-0f02-4f53-a2ef-5b076361f2b1,30149,11986,11791,BakeBu00,18927,4081,9.0,"https://static.www.nfl.com/image/upload/f_auto,q_auto/league/ja3tkctpkfcschgpowoe",BAK070449,44848,32004241-4b07-0449-419d-4d7a3da71f8e,2017.0,2017.0,ARI
2026,BUF,OL,OT,73.0,ACT,Dion Dawkins,Dion,Dawkins,1994-04-26,77,320,Temple,00-0033904,,,,,,,,,9.0,"https://static.www.nfl.com/image/upload/f_auto,q_auto/league/wuczkzxwxypvr9ssis5h",DAW056236,44875,32004441-5705-6236-cf99-fd4dcf52774c,2017.0,2017.0,BUF
2026,NO,RB,RB,41.0,ACT,Alvin Kamara,Alvin,Kamara,1995-07-25,70,215,Tennessee; Hutchinson CC; Alabama,00-0033906,3054850,d9c857b2-97da-4fb8-a527-afbbb2a67413,30180,11732,11822,KamaAl00,18878,4035,9.0,"https://static.www.nfl.com/image/upload/f_auto,q_auto/league/uay6uo9lonegelngihki",KAM244058,44879,32004b41-4d24-4058-5a3b-01bd39e6a25d,2017.0,2017.0,NO
2026,SEA,WR,WR,10.0,ACT,Cooper Kupp,Cooper,Kupp,1993-06-15,73,205,Eastern Washington,00-0033908,2977187,2806e915-c46f-492f-8a29-71d3a85e5620,30182,11863,11824,KuppCo00,18882,4039,9.0,"https://static.www.nfl.com/image/upload/f_auto,q_auto/league/lpaxi9rsedlg9sdr5quw",KUP534597,44881,32004b55-5053-4597-b958-87408c31956f,2017.0,2017.0,LA
2026,TB,OL,G,65.0,ACT,Dan Feeney,Daniel,Feeney,1994-05-29,76,310,Indiana,00-0033910,,,,,,,,,9.0,"https://static.www.nfl.com/image/upload/f_auto,q_auto/league/uekvg3imrdcjlstbqgbz",FEE559347,44883,32004645-4555-9347-23b7-c1724aa25fe0,2017.0,2017.0,LAC
2026,TB,LB,MLB,34.0,ACT,Alex Anzalone,Alexander,Anzalone,1994-09-22,75,241,Florida,00-0033914,3043107,8bb2d40a-6dd2-4108-9810-5def1b45f192,30189,11957,11831,AnzaAl00,18964,4118,9.0,"https://static.www.nfl.com/image/upload/f_auto,q_auto/league/gbqizpfxe7nsijlw4gwv",ANZ059326,44888,3200414e-5a05-9326-7226-57708da620ee,2017.0,2017.0,NO
2026,TB,WR,WR,14.0,ACT,Chris Godwin Jr.,Rod,Godwin,1996-02-27,73,209,Penn State,00-0033921,3116165,baa61bb5-f8d0-4f90-bbe2-028576b8d33d,30197,11718,11839,GodwCh00,18880,4037,9.0,"https://static.www.nfl.com/image/upload/f_auto,q_auto/league/ilkheljdx4hbjpisulke",GOD549393,44896,3200474f-4454-9393-6eec-24189dd66641,2017.0,2017.0,TB
2026,JAX,DB,CB,2.0,ACT,Jourdan Lewis,Jourdan,Lewis,1995-08-31,70,190,Michigan,00-0033928,3045207,7ff68f1d-204c-4d49-9179-ecb2514094dc,30205,12024,11846,LewiJo01,18975,4129,9.0,"https://static.www.nfl.com/image/upload/f_auto,q_auto/league/tba0nqjehzlrgwtvlvvf",LEW419597,44904,32004c45-5741-9597-66ab-b18d5fb659a5,2017.0,2017.0,DAL
2026,BAL,DL,DE,91.0,ACT,Trey Hendrickson,Collins,Hendrickson,1994-12-05,76,270,Florida Atlantic,00-0033935,3052743,41d217b9-ec7b-4d72-8a0a-5f0e3a16b693,30216,11919,11858,HendTr00,18981,4135,9.0,"https://static.www.nfl.com/image/upload/f_auto,q_auto/league/gfdlbzmukca60bgo3lr7",HEN324452,44915,32004845-4e32-4452-75c5-0aabacd72a94,2017.0,2017.0,NO
2026,ATL,DL,DE,52.0,ACT,Samson Ebukam,Nnamaka,Ebukam,1995-05-09,75,245,Eastern Washington,00-0033945,3045527,1d05c82f-81cd-4fad-84f5-8be990c5258d,30238,12201,11880,EbukSa00,19016,4170,9.0,"https://static.www.nfl.com/image/upload/f_auto,q_auto/league/hw0ako11hlkm45wl7cfb",EBU355964,44938,32004542-5535-5964-70df-ad4c6a840cec,2017.0,2017.0,LA
2026,IND,DL,DT,90.0,ACT,Grover Stewart,Grover,Stewart,1993-10-20,76,315,Albany State (GA),00-0033952,4058825,fae57441-a198-4674-8a37-401b64d17961,30257,12202,11899,StewGr00,19014,4168,9.0,"https://static.www.nfl.com/image/upload/f_auto,q_auto/league/n9e0hbrrdvjloopiu51z",STE757436,44957,32005354-4575-7436-dbba-86ad2a2f4b3a,2017.0,2017.0,IND
2026,WAS,RB,RB,26.0,ACT,Jeremy McNichols,Jeremy,McNichols,1995-12-26,69,205,Boise State,00-0033955,3127586,25cc3585-6194-4786-968a-2600db46b6c6,30275,11767,11917,McNiJe00,19065,4219,9.0,"https://static.www.nfl.com/image/upload/f_auto,q_auto/league/kegqjj5pv7xidm0xwtpy",MCN750971,44975,32004d43-4e75-0971-c818-00cfc1798991,2017.0,2017.0,TB
2026,TB,LB,LB,97.0,ACT,Al-Quadin Muhammad,Al-Quadin,Muhammad,1995-03-28,76,250,Miami,00-0033964,3051942,08875a0a-0a3c-4fc1-b5f7-41d510503628,30309,11930,11951,MuhaAl00,19105,4259,9.0,"https://static.www.nfl.com/image/upload/f_auto,q_auto/league/lmpiwh2pphphimm6bnxq",MUH405540,45009,32004d55-4840-5540-392b-8eb5c7758a63,2017.0,2017.0,NO
2026,PIT,LS,LS,46.0,ACT,Christian Kuntz,Christian,Kuntz,1994-04-13,73,228,Duquesne,00-0034051,2978524,0c306d14-6fe6-4b4e-b87f-871c72441947,30954,12977,20035,KuntCh02,19749,4848,8.0,"https://static.www.nfl.com/image/upload/f_auto,q_auto/league/htpzfa51x3erujnkvmre",KUN149501,45884,32004b55-4e14-9501-c360-3f0f92e592c8,2018.0,2018.0,
2026,TB,LS,LS,71.0,ACT,Scott Daly,Kevin,Daly,1994-02-07,73,245,Notre Dame,00-0034067,,,,,,,,,5.0,"https://static.www.nfl.com/image/upload/f_auto,q_auto/league/u8klt4zjxkahyhbkwvqp",DAL816332,46053,32004441-4c81-6332-84da-b244de2f811d,2021.0,2021.0,
2026,TEN,OL,C,51.0,ACT,Austin Schlottmann,Austin,Schlottmann,1995-09-18,78,300,TCU,00-0034112,,,,,,,,,8.0,"https://static.www.nfl.com/image/upload/f_auto,q_auto/league/oyncfcyyfflsqesj6xei",SCH243742,46370,32005343-4824-3742-b68e-c1ec7beb6be9,2018.0,2018.0,
2026,LA,OL,C,65.0,ACT,Coleman Shelton,Coleman,Shelton,1995-07-28,77,292,Washington,00-0034114,,,,,,,,,8.0,"https://static.www.nfl.com/image/upload/f_auto,q_auto/league/fbmh9dwdvja6yeu3pmj3",SHE410481,46376,32005348-4541-0481-486a-e4fbdf2ec38e,2018.0,2018.0,
2026,PHI,DB,DB,48.0,ACT,J.T. Gray,Juantavius,Gray,1996-01-18,72,202,Mississippi State,00-0034116,3115481,e0248ecc-27b4-4368-bf97-47a73cb41ec2,31411,13106,51495,GrayJ.00,20559,5452,8.0,"https://static.www.nfl.com/image/private/f_auto,q_auto/league/ibo4b3ak2ufimxupcezw",GRA702824,46378,32004752-4170-2824-803c-f0109f50354a,2018.0,2018.0,
2026,MIN,OL,OT,75.0,ACT,Brian O'Neill,Brian,O'Neill,1995-09-15,79,310,Pittsburgh,00-0034158,,,,,,,,,8.0,"https://static.www.nfl.com/image/upload/f_auto,q_auto/league/ouq6nfernugv9rsvcvwm",ONE620476,46131,32004f4e-4562-0476-e88b-0b8007f92aac,2018.0,2018.0,MIN
2026,SEA,P,P,4.0,ACT,Michael Dickson,Michael,Dickson,1996-01-04,74,208,Texas,00-0034160,3929851,d1ae3222-8892-49bc-bb3e-0bcd7c74522e,31119,12481,35381,DickMi00,19956,5011,8.0,"https://static.www.nfl.com/image/upload/f_auto,q_auto/league/chduw8ql98kdzegqiylt",DIC718404,46218,32004449-4371-8404-4b71-7db3262e7930,2018.0,2018.0,SEA
2026,LAC,P,P,16.0,ACT,J.K. Scott,John,Scott,1995-10-30,77,208,Alabama,00-0034162,3126368,5067e5ee-bae8-411e-bc05-011a88a3d954,31142,12822,38809,ScotJK00,19977,5087,8.0,"https://static.www.nfl.com/image/upload/f_auto,q_auto/league/yayikawhfng99cqrosax",SCO395209,46241,32005343-4f39-5209-d22c-2a3bd84740e8,2018.0,2018.0,GB
2026,TEN,DL,DE,57.0,ACT,Jacob Martin,Jacob,Martin,1995-12-11,74,242,Temple,00-0034163,3138764,b7337487-017c-42f4-b500-6802a35efbfc,31156,12990,50152,MartJa02,19999,5378,8.0,"https://static.www.nfl.com/image/upload/f_auto,q_auto/league/ngm7muyzhk9xv2ofafke",MAR630923,46255,32004d41-5263-0923-c34c-27b8599826fa,2018.0,2018.0,SEA
2026,SF,K,K,18.0,ACT,Eddy Pineiro,Eddy,Pineiro,1995-09-13,71,190,Florida,00-0034173,4034949,1c50997f-c56e-47f9-a750-33ab100ed28b,31482,12582,44140,PineEd00,20149,5189,8.0,"https://static.www.nfl.com/image/upload/f_auto,q_auto/league/l4rrfcuczjau7q02h2iz",PIN375542,46426,32005049-4e37-5542-2bc1-1264cee3959d,2018.0,2018.0,
2026,DAL,LS,LS,44.0,ACT,Trent Sieg,Trenton,Sieg,1995-05-19,76,240,Colorado State,00-0034198,,,,,,,,,8.0,"https://static.www.nfl.com/image/upload/f_auto,q_auto/league/ikhujd70ky9ymcrvpjm5",SIE111904,46451,32005349-4511-1904-317d-d323fdaacf0a,2018.0,2018.0,
2026,LA,DL,DT,95.0,ACT,Poona Ford,Kaylon,Ford,1995-11-19,71,314,Texas,00-0034234,3125114,09b78e4f-e683-4c5d-b35e-35cc0dbbf7e5,31477,12492,48875,FordPo00,20185,5226,8.0,"https://static.www.nfl.com/image/upload/f_auto,q_auto/league/z6bvartiturag8gtidcz",FOR313563,46487,3200464f-5231-3563-7ceb-0c4e0d3f4032,2018.0,2018.0,
2026,NYG,DB,DB,28.0,ACT,Elijah Campbell,Elijah,Campbell,1995-08-24,71,190,Northern Iowa,00-0034248,3932901,98166be9-2705-496d-ae1c-3bbcc2fe60bb,31451,13139,49190,CampEl00,20271,5534,6.0,"https://static.www.nfl.com/image/upload/f_auto,q_auto/league/niou8nbhpkmao45zccm7",CAM260095,46501,32004341-4d26-0095-2cd6-599f689d3453,2020.0,2020.0,
2026,BUF,OL,G,63.0,ACT,Austin Corbett,Austin,Corbett,1995-09-05,76,306,Nevada,00-0034261,,,,,,,,,8.0,"https://static.www.nfl.com/image/upload/f_auto,q_auto/league/ry8oftk4wq0uiivdxyzw",COR008097,46102,3200434f-5200-8097-d4cb-2bd53a7e3b55,2018.0,2018.0,CLE
2026,DET,TE,TE,83.0,ACT,Tyler Conklin,Tyler,Conklin,1995-07-30,75,254,Central Michigan; Northwood,00-0034270,3915486,f0d17dfa-ebf3-416c-a8d2-c6bc30675103,31220,12809,47124,ConkTy00,19988,5133,8.0,"https://static.www.nfl.com/image/upload/f_auto,q_auto/league/knjuzxnzsfjxwcjxp5en",CON185250,46226,3200434f-4e18-5250-1988-fe7b6c249df3,2018.0,2018.0,MIN
2026,DAL,WR,WR,84.0,ACT,Marquez Valdes-Scantling,Marquez,Valdes-Scantling,1994-10-10,76,206,University of South Florida; N.C. State,00-0034272,3051738,e7f0a505-8060-403e-a3b3-9d4e88dda1dc,31144,12934,47809,ValdMa00,19976,5086,8.0,"https://static.www.nfl.com/image/upload/f_auto,q_auto/league/vvk5v3hfjw0tevqxrhnf",VAL142116,46243,32005641-4c14-2116-e6d9-84cbe2bdacf5,2018.0,2018.0,GB
2026,PIT,DB,SAF,25.0,ACT,DeShon Elliott,Armentae,Elliott,1997-04-21,73,210,Texas,00-0034277,3929846,83128a20-392f-4ca7-878e-689c6e6dfbfc,31160,12459,28854,ElliDe02,19960,5071,8.0,"https://static.www.nfl.com/image/upload/f_auto,q_auto/league/rprbkb3ze0jgpl5u8f2g",ELL279522,46259,3200454c-4c27-9522-d1e7-5cd70d5401d2,2018.0,2018.0,BAL
2026,HOU,DB,CB,11.0,ACT,Tremon Smith,Tremon,Smith,1996-07-20,72,190,Central Arkansas,00-0034278,3134448,aecd8785-d22b-43b4-bbff-76b7e4319ed6,31166,12994,28196,SmitTr04,20028,5328,8.0,"https://static.www.nfl.com/image/upload/f_auto,q_auto/league/crjcjcsvkq0o689drl3c",SMI764498,46265,3200534d-4976-4498-d780-e77149b5cc50,2018.0,2018.0,KC
2026,MIA,DL,DE,92.0,ACT,Zach Sieler,Zach,Sieler,1995-09-07,78,300,Ferris State,00-0034285,3057956,c85c0efc-3391-4a8e-b8a4-370b32fd09ce,31208,13011,66917,SielZa00,20051,5297,8.0,"https://static.www.nfl.com/image/upload/f_auto,q_auto/league/a3mvqtjjep76e13cs353",SIE410345,46307,32005349-4541-0345-eb7d-f1c172042af8,2018.0,2018.0,BAL
2026,WAS,LB,LB,4.0,ACT,Frankie Luvu,Frank,Luvu,1996-09-19,75,236,Washington State,00-0034302,3127273,717ebb17-f54f-4052-b9fb-af641a25ebe2,31503,13159,51028,LuvuFr00,20411,5580,8.0,"https://static.www.nfl.com/image/upload/f_auto,q_auto/league/tirwphxxgjmqhf2ucs9h",LUV652601,46527,32004c55-5665-2601-f81e-ce1ca7ecd501,2018.0,2018.0,
2026,CHI,DL,DE,93.0,ACT,Kentavius Street,Kentavius,Street,1996-05-08,74,315,N.C. State,00-0034320,3116726,eb864600-7562-491a-b7a7-9eb3068dba06,31098,12752,48404,StreKe00,19952,5371,8.0,"https://static.www.nfl.com/image/upload/f_auto,q_auto/league/r1ie0jaeux86ri5hejel",STR306064,46197,32005354-5230-6064-3bc7-b37603571d6f,2018.0,2018.0,SF
2026,WAS,DL,NT,94.0,ACT,Daron Payne,Daron,Payne,1997-05-27,75,320,Alabama,00-0034333,3925354,0a1be8da-5839-4768-bfe5-9fec74908268,30983,12618,48698,PaynDa00,19841,4976,8.0,"https://static.www.nfl.com/image/upload/f_auto,q_auto/league/wyy5j7epmu2idqfwjhcr",PAY281222,46082,32005041-5928-1222-6afa-41ec925627a4,2018.0,2018.0,WAS
2026,IND,OL,G,56.0,ACT,Quenton Nelson,Quenton,Nelson,1996-03-19,77,330,Notre Dame,00-0034342,,,,,,,,,8.0,"https://static.www.nfl.com/image/upload/f_auto,q_auto/league/bzj1mpc7ykpkks4nmokp",NEL600785,46075,32004e45-4c60-0785-9864-886959a28ac6,2018.0,2018.0,IND
2026,DEN,WR,WR,14.0,ACT,Courtland Sutton,Courtland,Sutton,1995-10-10,76,216,SMU,00-0034348,3128429,b55ae5ba-593f-4560-9cab-14e10698e01d,31010,12586,48164,SuttCo00,19800,5045,8.0,"https://static.www.nfl.com/image/upload/f_auto,q_auto/league/r2sr6cbma4c7wc3isejj",SUT333526,46109,32005355-5433-3526-b2bf-88d6b83781c0,2018.0,2018.0,DEN
2026,SEA,LB,LB,7.0,ACT,Uchenna Nwosu,Anon,Nwosu,1996-12-28,74,265,USC,00-0034350,3120358,40941261-cfd0-4e8d-b895-21fb7e20b407,31018,12844,50084,NwosUc00,19859,5061,8.0,"https://static.www.nfl.com/image/upload/f_auto,q_auto/league/eovri4ccfixdbtikxbyg",NWO593274,46117,32004e57-4f59-3274-851b-d601b6909b91,2018.0,2018.0,LAC
2026,PHI,TE,TE,88.0,ACT,Dallas Goedert,Dallas,Goedert,1995-01-03,77,256,South Dakota State,00-0034351,3121023,e8029983-87cf-49a2-bc04-04c8233a0630,31019,12860,47272,GoedDa00,19863,5022,8.0,"https://static.www.nfl.com/image/upload/f_auto,q_auto/league/a6ljhwvkehvyiufdx3d1",GOE595520,46118,3200474f-4559-5520-b7af-5e002aedafbb,2018.0,2018.0,PHI
2026,HOU,DB,SAF,29.0,ACT,M.J. Stewart,Marvin,Stewart,1995-09-16,71,205,North Carolina,00-0034355,3116679,3d405d21-bfdd-4495-afe3-9e96d1972ee2,31023,12836,49397,StewM.00,19893,5055,8.0,"https://static.www.nfl.com/image/upload/f_auto,q_auto/league/ks5w5s7jghanmslipbfs",STE793185,46122,32005354-4579-3185-bafc-4068f0954905,2018.0,2018.0,TB
2026,LAC,DB,CB,26.0,ACT,Donte Jackson,Donte,Jackson,1995-11-08,70,180,LSU,00-0034356,3843769,9dc1308a-5cf2-45c1-b5ad-fc64fff3e94f,31025,12610,49377,JackDo02,19870,5051,8.0,"https://static.www.nfl.com/image/upload/f_auto,q_auto/league/nliq6ydokq7tica1y1gq",JAC136548,46124,32004a41-4313-6548-d4ba-65e7b5a50e73,2018.0,2018.0,CAR
2026,AZ,DB,FS,34.0,ACT,Isaiah Oliver,Isaiah,Oliver,1996-09-30,72,210,Colorado,00-0034357,3915437,83d45661-2687-4ca9-ac45-91beac7b7082,31028,12581,50393,OlivIs00,19868,5044,8.0,"https://static.www.nfl.com/image/upload/f_auto,q_auto/league/s5m8lnvv8xcidpvkyyd4",OLI431868,46127,32004f4c-4943-1868-2a28-1ad3327a3b81,2018.0,2018.0,ATL
2026,NO,DB,S,21.0,ACT,Justin Reid,Justin,Reid,1997-02-15,73,207,Stanford,00-0034361,3931399,bb9db665-7f9f-425d-9e4b-df78c65c8b97,31038,12606,49048,ReidJu00,19866,5036,8.0,"https://static.www.nfl.com/image/upload/f_auto,q_auto/league/ysi7vrkwfhei6adamgb3",REI306723,46137,32005245-4930-6723-c46f-03dda7532acd,2018.0,2018.0,HOU
2026,LV,TE,TE,80.0,ACT,Ian Thomas,Ian,Thomas,1996-06-06,75,253,Indiana; Nassau CC,00-0034365,4045305,ed8a8fd2-df67-45e7-a34f-984afb82f6ea,31071,12858,42130,ThomIa00,19910,4995,8.0,"https://static.www.nfl.com/image/upload/f_auto,q_auto/league/gvpwnq0mjefjlekgzxro",THO197015,46170,32005448-4f19-7015-e78d-8df0c5551bf1,2018.0,2018.0,CAR
2026,ATL,DL,DE,90.0,ACT,Da'Shawn Hand,Da'Shawn,Hand,1995-11-14,75,302,Alabama,00-0034371,3126352,e4114f9d-80da-4e39-bd12-cd9cf2c0d720,31084,12821,48386,HandDa00,19934,5351,8.0,"https://static.www.nfl.com/image/upload/f_auto,q_auto/league/n3ujcvyv6nl5oletxa6g",HAN083056,46183,32004841-4e08-3056-e4d2-1b26ded29329,2018.0,2018.0,DET
2026,WAS,DL,DE,92.0,ACT,Dorance Armstrong,Dorance,Armstrong,1997-06-10,76,255,Kansas,00-0034373,3928979,a28daf84-6354-49e6-a047-1bc549997f29,31086,12548,48557,ArmsDo00,19932,5330,8.0,"https://static.www.nfl.com/image/upload/f_auto,q_auto/league/cdapnpgtde1mdf7r8l5e",ARM218905,46185,32004152-4d21-8905-faaa-3f4d94307d60,2018.0,2018.0,DAL
2026,LV,DB,CB,3.0,ACT,Taron Johnson,Taron,Johnson,1996-07-27,71,192,Weber State,00-0034376,3121003,3443dde2-23bc-4dba-b499-069d501a59cf,31091,12784,49511,JohnTa01,19928,5341,8.0,"https://static.www.nfl.com/image/upload/f_auto,q_auto/league/xdvo4thpmwbehsfwpedb",JOH676640,46190,32004a4f-4867-6640-28d3-66932da34fe2,2018.0,2018.0,BUF
2026,DET,DB,FS,29.0,ACT,Avonte Maddox,Avonte,Maddox,1996-03-31,69,191,Pittsburgh,00-0034377,3123938,942b9da8-e0c6-4087-886b-370fe357f5f3,31095,12683,50543,MaddAv00,19949,5361,8.0,"https://static.www.nfl.com/image/upload/f_auto,q_auto/league/j2guzeu1ggx5opajjl3h",MAD347585,46194,32004d41-4434-7585-1ee0-039b5a863fd9,2018.0,2018.0,PHI
2026,AZ,LB,LB,10.0,ACT,Josh Sweat,Josh,Sweat,1997-03-29,77,265,Florida State,00-0034381,3693166,66a67b5d-500d-46e8-90c6-e2f127d38190,31101,12546,50120,SweaJo00,19918,4999,8.0,"https://static.www.nfl.com/image/upload/f_auto,q_auto/league/zryjvbggvdlringt4vcn",SWE031587,46199,32005357-4503-1587-1549-97ce6a8d1aa2,2018.0,2018.0,PHI
2026,HOU,TE,TE,86.0,ACT,Dalton Schultz,Dalton,Schultz,1996-07-11,77,242,Stanford,00-0034383,3117256,8caec1b4-e0b6-4a84-b8c8-617d6e91ef6a,31107,12514,47304,SchuDa00,19920,5001,8.0,"https://static.www.nfl.com/image/upload/f_auto,q_auto/league/xbl9mhuamzv5udb4hyzj",SCH647271,46206,32005343-4864-7271-8c9c-893e6cc8875d,2018.0,2018.0,DAL
2026,DET,DB,CB,4.0,ACT,D.J. Reed,Dennis,Reed,1996-11-11,69,190,Kansas State; Cerritos College; Fresno State,00-0034384,3139387,17664e93-8236-4eb0-9505-4e71f43b5a7d,31112,12505,26940,ReedD.00,19953,5372,8.0,"https://static.www.nfl.com/image/upload/f_auto,q_auto/league/haxt1fpxhgnobin0d5sx",REE180513,46211,32005245-4518-0513-87ee-49ca85f53dfe,2018.0,2018.0,SF
2026,HOU,WR,WR,84.0,ACT,Justin Watson,Justin,Watson,1996-04-04,74,215,Penn,00-0034386,3118892,bdb77276-7191-4454-85c2-e1693a33d709,31114,12746,66915,WatsJu01,19922,5374,8.0,"https://static.www.nfl.com/image/upload/f_auto,q_auto/league/unqrnkfpqg7juhlbyp4v",WAT441238,46213,32005741-5444-1238-2d2d-798b898e0b8e,2018.0,2018.0,TB
2026,SF,DB,DB,33.0,ACT,Siran Neal,Siran,Neal,1994-08-04,72,206,Jacksonville State,00-0034391,3057524,82100457-f4ee-4f24-8ca2-584bfdc85749,31124,12817,27130,NealSi00,19963,5098,8.0,"https://static.www.nfl.com/image/upload/f_auto,q_auto/league/kq7kbeol3boyczqkm9jx",NEA475848,46223,32004e45-4147-5848-9337-0d2e60729681,2018.0,2018.0,BUF
2026,WAS,DL,DT,97.0,ACT,Tim Settle,Timothy,Settle,1997-07-11,75,315,Virginia Tech,00-0034397,3929956,8442c8f8-7fbb-4a0b-8407-355c2dfdf72c,31133,12544,48966,SettTi00,20002,5366,8.0,"https://static.www.nfl.com/image/upload/f_auto,q_auto/league/jhb7b9b6r8yybbltih4v",SET509598,46232,32005345-5450-9598-7639-a7d691023bd2,2018.0,2018.0,WAS
2026,HOU,OL,G,75.0,ACT,Wyatt Teller,William,Teller,1994-11-21,76,315,Virginia Tech,00-0034399,,,,,,,,,8.0,"https://static.www.nfl.com/image/upload/f_auto,q_auto/league/cssfbsfmyuubkg0js8ni",TEL237584,46235,32005445-4c23-7584-61ae-21d71b87e6b7,2018.0,2018.0,BUF
2026,JAX,LB,LB,23.0,ACT,Foye Oluokun,Foyesade,Oluokun,1995-08-02,74,229,Yale,00-0034413,3050073,0a415a08-ea30-40b2-aac9-42689e3e996a,31170,12995,24904,OluoFo00,20007,5332,8.0,"https://static.www.nfl.com/image/private/f_auto,q_auto/league/ldsewkhf1k2uxwcud0bj",OLU474619,46269,32004f4c-5547-4619-f8c5-4552ff3c79e3,2018.0,2018.0,ATL
2026,AZ,OL,OT,76.0,ACT,Matt Pryor,Matthew,Pryor,1994-12-16,79,332,TCU,00-0034417,,,,,,,,,8.0,"https://static.www.nfl.com/image/upload/f_auto,q_auto/league/bkhsm8by729olvyrixw9",PRY460541,46275,32005052-5946-0541-f3df-485816e66481,2018.0,2018.0,PHI
2026,DET,WR,WR,86.0,ACT,Cedrick Wilson Jr.,Cedrick,Wilson,1995-11-20,74,197,Boise State; Coffeyville CC,00-0034418,4036335,a964f59b-af2b-48e1-b64d-c376cc1d8c28,31178,12773,48170,WilsCe01,20013,5113,8.0,"https://static.www.nfl.com/image/upload/f_auto,q_auto/league/cf6fmi91zijiovftx9qk",WIL656498,46277,32005749-4c65-6498-c69c-d263ba915a14,2018.0,2018.0,DAL
2026,NYG,WR,WR,,ACT,Braxton Berrios,Braxton,Berrios,1995-10-06,69,185,Miami,00-0034419,3123075,18f0bd30-1432-4fae-9cb4-c212bad6d0bb,31180,12771,47961,BerrBr00,20038,5121,8.0,"https://static.www.nfl.com/image/upload/f_auto,q_auto/league/striwxmn9t0ixherw7l8",BER456050,46279,32004245-5245-6050-b9d8-8b288006bd46,2018.0,2018.0,NE
2026,PHI,OL,OT,68.0,ACT,Jordan Mailata,Jordan,Mailata,1997-03-31,80,365,,00-0034429,,,,,,,,,8.0,"https://static.www.nfl.com/image/upload/f_auto,q_auto/league/vpfwqsmjzkby3auc0m5q",MAI305232,46302,32004d41-4930-5232-17b1-66c75ca87b88,2018.0,2018.0,PHI
2026,GB,LB,OLB,44.0,ACT,Zaire Franklin,Zaire,Franklin,1996-07-02,72,235,Syracuse,00-0034431,3124005,b0ad00bc-3b30-41ce-8892-f8105e0943e2,31205,13010,49834,FranZa00,20024,5346,8.0,"https://static.www.nfl.com/image/upload/f_auto,q_auto/league/sjssdwwimkrgh3jzuo89",FRA561925,46304,32004652-4156-1925-7caa-95bc1c2e9c13,2018.0,2018.0,IND
2026,JAX,P,P,9.0,ACT,Logan Cooke,Logan,Cooke,1995-07-28,77,230,Mississippi State,00-0034437,3115480,8301d82b-0ad1-4988-a978-2925e2ae9377,31216,13013,29214,CookLo00,20063,5314,8.0,"https://static.www.nfl.com/image/upload/f_auto,q_auto/league/tm0qrnirdvbhshxsfhg2",COO283823,46316,3200434f-4f28-3823-779e-1cbbaa858d0f,2018.0,2018.0,JAX
2026,CIN,DB,CB,35.0,ACT,Jalen Davis,Jalen,Davis,1996-02-02,70,186,Utah State,00-0034446,3125356,57a21028-b3a1-494b-ade8-7e94c7108823,31534,13263,50431,DaviJa06,20157,5222,8.0,"https://static.www.nfl.com/image/upload/f_auto,q_auto/league/lrtxaeqg5he2bao1hbok",DAV420337,46630,32004441-5642-0337-d407-c1457eea63dc,2018.0,2018.0,
2026,WAS,DB,DB,39.0,ACT,Jeremy Reaves,Jeremy,Reaves,1996-08-29,71,200,South Alabama,00-0034465,3125248,186a4bda-d3b3-48c1-8ed7-cb4ad1014062,31582,12827,50406,ReavJe00,16072,5792,8.0,"https://static.www.nfl.com/image/upload/f_auto,q_auto/league/kwmtxcogvel516q4ws86",REA664151,46649,32005245-4166-4151-b77d-42f96e3f4c17,2018.0,2018.0,
2026,JAX,LB,LB,47.0,ACT,Dennis Gardeck,Dennis,Gardeck,1994-08-09,72,232,Sioux Falls; West Virginia State,00-0034473,4334300,48700b7b-210c-4ced-9c57-3e21162e7752,31299,13210,66928,GardDe01,20085,5158,8.0,"https://static.www.nfl.com/image/upload/f_auto,q_auto/league/n7dgy1vckfce4ynxeoil",GAR121450,46657,32004741-5212-1450-fa3a-1b30e8e4d1dd,2018.0,2018.0,
2026,IND,DB,SAF,38.0,ACT,Jonathan Owens,Jonathan,Owens,1995-07-22,71,204,Missouri Western,00-0034485,4331768,411c2af8-64c9-4982-8d72-3ba4c683c0db,31318,13218,66930,OwenJo01,20219,5520,8.0,"https://static.www.nfl.com/image/upload/f_auto,q_auto/league/nefkbybdw0icaynztmxk",OWE526795,46669,32004f57-4552-6795-628c-162c9bae4976,2018.0,2018.0,
2026,BUF,WR,WR,81.0,ACT,Trent Sherfield,Trent,Sherfield,1996-02-26,73,206,Vanderbilt,00-0034487,3122168,18ccb826-5584-4f6a-8434-cf9a3b927b0f,31320,13061,48021,SherTr00,20081,5154,8.0,"https://static.www.nfl.com/image/upload/f_auto,q_auto/league/euvbflse91irfzlk7yiq",SHE566024,46671,32005348-4556-6024-5da2-4c295e6d8af2,2018.0,2018.0,
2026,MIN,DB,SAF,37.0,ACT,Tavierre Thomas,Tavierre,Thomas,1996-03-11,70,212,Ferris State,00-0034488,4334405,0a63f97d-9cc2-44d0-b65a-ac2e78db73f9,31321,13219,66931,ThomTa01,20217,5519,8.0,"https://static.www.nfl.com/image/upload/f_auto,q_auto/league/bbljj6ltlnswmkqjhzfw",THO386668,46672,32005448-4f38-6668-621a-ef3c0ce8ca88,2018.0,2018.0,
2026,HOU,OL,C,67.0,ACT,Evan Brown,Evan,Brown,1996-09-16,75,320,SMU,00-0034495,,,,,,,,,8.0,"https://static.www.nfl.com/image/upload/f_auto,q_auto/league/tlw4pewhhoepd5998bg4",BRO430637,46679,32004252-4f43-0637-2be4-bec510785c52,2018.0,2018.0,
2026,WAS,OL,OT,73.0,ACT,Trent Scott,Trenton,Scott,1994-01-25,77,320,Grambling State,00-0034571,,,,,,,,,8.0,"https://static.www.nfl.com/image/upload/f_auto,q_auto/league/v5tyxvb4cdtzumhdzbd0",SCO718957,46755,32005343-4f71-8957-ee1a-311a16c8d5d0,2018.0,2018.0,
2026,IND,DB,CB,7.0,ACT,Charvarius Ward,Charvarius,Ward,1996-05-16,73,196,Middle Tennessee State; Hinds CC,00-0034573,4037361,04f6abef-834f-470e-9c15-8c0cc62fde4e,31293,13257,43034,WardCh01,20204,5493,8.0,"https://static.www.nfl.com/image/upload/f_auto,q_auto/league/vbxv5ynhjrayfzbe2lda",WAR076820,46757,32005741-5207-6820-2634-4274b6429e1a,2018.0,2018.0,
2026,BUF,QB,QB,11.0,ACT,Kyle Allen,Kyle,Allen,1996-03-08,75,210,Houston; Texas A&M,00-0034577,3115293,d2023f5b-f73b-43ad-a816-f10dadfdfaed,31301,12623,26152,AlleKy00,20053,5127,8.0,"https://static.www.nfl.com/image/upload/f_auto,q_auto/league/vq3aw57yyjtydur0divt",ALL543234,46761,3200414c-4c54-3234-6e5f-74f0c92c233b,2018.0,2018.0,
2026,CIN,TE,TE,87.0,ACT,Tanner Hudson,Tanner,Hudson,1994-11-12,77,241,Southern Arkansas; Memphis,00-0034613,3050481,2fa75e05-cac4-4b40-8924-dbc9ae0c959c,31257,13286,66924,HudsTa00,20506,5409,8.0,"https://static.www.nfl.com/image/upload/f_auto,q_auto/league/xe86peg3bxumjzfmtait",HUD753368,46797,32004855-4475-3368-5306-edfb2fda948f,2018.0,2018.0,
2026,ATL,DB,DB,28.0,ACT,Mike Ford,Michael,Ford,1995-08-04,72,199,Southeast Missouri State,00-0034639,3050916,965df459-3f21-4a93-9a99-15559eb977a4,31634,13195,50535,FordMi01,20281,5691,8.0,"https://static.www.nfl.com/image/upload/f_auto,q_auto/league/njli78vr2hcan6rfogsb",FOR299028,46823,3200464f-5229-9028-fcb4-155827177358,2018.0,2018.0,
2026,JAX,DL,DE,93.0,ACT,Matt Dickerson,Matthew,Dickerson,1995-11-09,77,300,UCLA,00-0034657,3134316,7bce07de-7179-459c-97a4-279fb53641a2,31612,12973,49601,DickMa00,20380,5615,8.0,"https://static.www.nfl.com/image/upload/f_auto,q_auto/league/swevjtjnkyxxkei5jtsm",DIC281705,46841,32004449-4328-1705-8a6d-d371a10fb6ee,2018.0,2018.0,
2026,NYG,OL,G,64.0,ACT,Aaron Stinnie,Aaron,Stinnie,1994-02-18,75,312,James Madison,00-0034668,,,,,,,,,8.0,"https://static.www.nfl.com/image/upload/f_auto,q_auto/league/fi5wxfsa59aw80nwetoi",STI628067,46852,32005354-4962-8067-a1e4-6d8fce7235a8,2018.0,2018.0,
2026,NYG,LB,MLB,49.0,ACT,Tremaine Edmunds,Fe'Zahn,Edmunds,1998-05-02,76,251,Virginia Tech,00-0034673,3929950,88976fed-0ffd-40a8-98ea-0c6c55010000,30986,12612,50905,EdmuTr01,19836,4968,8.0,"https://static.www.nfl.com/image/upload/f_auto,q_auto/league/unz9o9leinnet5o4qlsr",EDM000000,46085,32004544-4d00-0000-c30c-56fb5191e34f,2018.0,2018.0,BUF
2026,ATL,DB,FS,3.0,ACT,Jessie Bates,Jessie,Bates,1997-02-26,73,210,Wake Forest,00-0034675,3919512,89c84a59-18ad-4aeb-8879-d4ba7dd1491e,31024,12564,49162,BateJe00,19873,5017,8.0,"https://static.www.nfl.com/image/upload/f_auto,q_auto/league/ypv1sfm8zjghyzvmx0a1",BAT108395,46123,32004241-5410-8395-d37a-630df6f54a7b,2018.0,2018.0,CIN
2026,NE,LB,LB,14.0,ACT,Robert Spillane,Robert,Spillane,1995-12-14,73,229,Western Michigan,00-0034720,3129446,3b59e08c-0c3b-42c9-a4e2-9b79103ea715,31708,13306,50918,SpilRo00,20646,5726,8.0,"https://static.www.nfl.com/image/upload/f_auto,q_auto/league/jt2r3dnb8dmywp1azotj",SPI329627,46902,32005350-4932-9627-fe82-f7f9724c0325,2018.0,2018.0,
2026,CLE,P,P,13.0,ACT,Corey Bojorquez,Corey,Bojorquez,1996-09-13,72,217,New Mexico; Cerritos College,00-0034721,4039396,1073ac8d-d12f-4ad0-845d-5351503931bd,31727,13323,27626,BojoCo00,20512,5721,8.0,"https://static.www.nfl.com/image/private/f_auto,q_auto/league/eiuli9dmspe6d4cwwa00",BOJ401791,46903,3200424f-4a40-1791-6a8e-c1b2ff7c0acd,2018.0,2018.0,
2026,CIN,OL,OT,75.0,ACT,Orlando Brown,Orlando,Brown,1996-05-02,80,350,Oklahoma,00-0034752,,,,,,,,,8.0,"https://static.www.nfl.com/image/private/f_auto,q_auto/league/icuytojhzdm0dqxoebo4",BRO570664,46152,32004252-4f57-0664-8bcd-153b0c13f3fb,2018.0,2018.0,BAL
2026,BAL,TE,TE,89.0,ACT,Mark Andrews,Mark,Andrews,1995-09-06,77,250,Oklahoma,00-0034753,3116365,0618f387-9b72-4270-8b8f-dec4cccc9e4a,31056,12559,47436,AndrMa00,19803,5012,8.0,"https://static.www.nfl.com/image/upload/f_auto,q_auto/league/wzx3p0hzm3qyqsrfqznb",AND701433,46155,3200414e-4470-1433-75dd-307507e53173,2018.0,2018.0,BAL
2026,CIN,LB,ILB,42.0,ACT,Oren Burks,Oren,Burks,1995-03-21,75,233,Vanderbilt,00-0034754,3051746,ab9bd5b1-eaf9-4f2d-8acd-fbc143980b17,31058,12919,50203,BurkOr00,19902,5031,8.0,"https://static.www.nfl.com/image/upload/f_auto,q_auto/league/efcamqfjel7jozjdvbe9",BUR284869,46157,32004255-5228-4869-d36c-88258a537108,2018.0,2018.0,GB
2026,LV,OL,OT,74.0,ACT,Kolton Miller,Kolton,Miller,1995-10-09,80,325,UCLA,00-0034759,,,,,,,,,8.0,"https://static.www.nfl.com/image/upload/f_auto,q_auto/league/jaq8p0tiipizksjbt3aa",MIL371062,46084,32004d49-4c37-1062-3eb9-b8a69d38d862,2018.0,2018.0,LV
2026,NO,DL,DE,93.0,ACT,Nathan Shepherd,Nathan,Shepherd,1993-10-09,76,315,Fort Hays; Simon Fraser,00-0034760,4076951,4be6de2f-0a6c-43fc-a91f-d01cdb5dca6c,31042,12814,24614,ShepNa00,19887,5043,8.0,"https://static.www.nfl.com/image/upload/f_auto,q_auto/league/sl9b2jgyvmo5yn0vglok",SHE517895,46141,32005348-4551-7895-806f-195b8a37f46d,2018.0,2018.0,NYJ
2026,SF,OL,OT,60.0,ACT,Brandon Parker,Brandon,Parker,1995-10-21,80,320,North Carolina A&T,00-0034763,,,,,,,,,8.0,"https://static.www.nfl.com/image/upload/f_auto,q_auto/league/s3cp5zcmlnrolrof84aq",PAR157605,46134,32005041-5215-7605-6301-7489e5c98c6c,2018.0,2018.0,LV
2026,NYJ,OL,OT,79.0,ACT,Chukwuma Okorafor,Chukwuma,Okorafor,1997-08-08,78,320,Western Michigan,00-0034768,,,,,,,,,8.0,"https://static.www.nfl.com/image/upload/f_auto,q_auto/league/kxptslx4n5u0qbxipet2",OKO359674,46161,32004f4b-4f35-9674-5da6-60fd207c1379,2018.0,2018.0,PIT
2026,PIT,QB,QB,2.0,ACT,Mason Rudolph,Brett,Rudolph,1995-07-17,77,235,Oklahoma State,00-0034771,3116407,be4ca0ad-f3d6-4b98-a37f-79d0cbc06390,31046,12629,46569,RudoMa00,19850,4972,8.0,"https://static.www.nfl.com/image/upload/f_auto,q_auto/league/vaeklpqoesk72mlloora",RUD321216,46145,32005255-4432-1216-a9be-28502c0847e4,2018.0,2018.0,PIT
2026,TB,DL,DT,50.0,ACT,Vita Vea,Tevita,Vea,1995-02-05,76,347,Washington,00-0034773,3134362,503eb9a7-83ed-4b96-b0f2-7afe4920bde9,30982,12500,48956,VeaxVi00,19834,4969,8.0,"https://static.www.nfl.com/image/upload/f_auto,q_auto/league/enh7ieutevvqmvrn13ob",VEA065410,46081,32005645-4106-5410-5ca3-d47503c045e3,2018.0,2018.0,TB
2026,SF,WR,WR,3.0,ACT,Christian Kirk,Christian,Kirk,1996-11-18,71,200,Texas A&M,00-0034775,3895856,ebcd87ce-218c-4144-810b-921c2f59d6e8,31017,12508,47546,KirkCh01,19815,4950,8.0,"https://static.www.nfl.com/image/upload/f_auto,q_auto/league/bugikrmfz5k4jvyaogza",KIR257918,46116,32004b49-5225-7918-e402-81feed3bdafb,2018.0,2018.0,ARI
2026,NE,DB,CB,7.0,ACT,Carlton Davis III,Carlton,Davis,1996-12-31,73,206,Auburn,00-0034778,3916923,2df83b38-7b2b-4aea-91ee-bfc5974486a1,31033,12531,49335,DaviCa02,19892,5054,8.0,"https://static.www.nfl.com/image/upload/f_auto,q_auto/league/pzbrbbwgymysharir2ms",DAV220184,46132,32004441-5622-0184-ef7c-ffcde714e0af,2018.0,2018.0,TB
2026,MIA,LB,LB,56.0,ACT,Ronnie Harrison,Ronnie,Harrison,1997-04-18,75,207,Alabama,00-0034779,3859006,9b96ef63-04bd-41ae-b59c-acc0f2561d19,31063,12625,49206,HarrRo02,19904,5025,8.0,"https://static.www.nfl.com/image/upload/f_auto,q_auto/league/mdkbai0lmyu6pbe13ovb",HAR638591,46162,32004841-5263-8591-b219-84361484e8b5,2018.0,2018.0,JAX
2026,NO,DB,CB,27.0,ACT,Isaac Yiadom,Isaac,Yiadom,1996-02-20,73,188,Boston College,00-0034780,3122797,5bde0a71-c7ec-465f-ad35-c195e1d10b29,31069,12778,49355,YiadIs00,19901,5048,8.0,"https://static.www.nfl.com/image/upload/f_auto,q_auto/league/yshnc3lfpcams5ropegx",YIA148317,46168,32005949-4114-8317-740c-8c8585755677,2018.0,2018.0,DEN
2026,NYJ,DL,DT,97.0,ACT,Harrison Phillips,Harrison,Phillips,1996-01-25,75,307,Stanford,00-0034782,3117255,840b2183-02bc-4a2a-b415-c62ceecca1b2,31066,12551,48690,PhilHa00,19900,5049,8.0,"https://static.www.nfl.com/image/upload/f_auto,q_auto/league/znophhdzukalwuwsx6vx",PHI215142,46165,32005048-4921-5142-5ef5-133a36dda72f,2018.0,2018.0,BUF
2026,NYJ,DB,FS,29.0,ACT,Minkah Fitzpatrick,Minkah,Fitzpatrick,1996-11-17,73,202,Alabama,00-0034789,3925345,1aede0b9-557c-444d-9a2f-4cc690e1563c,30981,12624,51206,FitzMi00,19829,4963,8.0,"https://static.www.nfl.com/image/upload/f_auto,q_auto/league/umy9w1ayh5lnhjc10mmq",FIT787290,46080,32004649-5478-7290-d7d8-47c9ce9cbb2d,2018.0,2018.0,MIA
2026,LAC,DB,FS,3.0,ACT,Derwin James,Derwin,James,1996-08-03,74,215,Florida State,00-0034790,3691739,01c52412-7257-4213-b8b3-effa7c5dd5c7,30987,12464,51368,JameDe00,19837,4971,8.0,"https://static.www.nfl.com/image/upload/f_auto,q_auto/league/z9au0ajgcwoeozfdu0ec",JAM172303,46086,32004a41-4d17-2303-1f22-803288e81521,2018.0,2018.0,LAC
2026,NYJ,K,K,,ACT,Jason Sanders,Jason,Sanders,1995-11-16,71,195,New Mexico,00-0034794,3124679,5ffb654f-0de5-424b-aa2f-ad511deb5b51,31199,13007,29578,SandJa00,20033,5119,8.0,"https://static.www.nfl.com/image/upload/f_auto,q_auto/league/hfv2b1mdvbbmyjwgcnt9",SAN342927,46298,32005341-4e34-2927-2811-bd19803d48d3,2018.0,2018.0,MIA
2026,BAL,QB,QB,8.0,ACT,Lamar Jackson,Lamar,Jackson,1997-01-07,74,205,Louisville,00-0034796,3916387,e06a9c07-453a-4bb0-a7e9-2c3a64166dad,31002,12561,46416,JackLa00,19781,4881,8.0,"https://static.www.nfl.com/image/upload/f_auto,q_auto/league/cruqs6qpbykh7a2whd7p",JAC323395,46101,32004a41-4332-3395-efb0-6c7b75de50af,2018.0,2018.0,BAL
2026,BAL,TE,TE,80.0,ACT,Durham Smythe,Durham,Smythe,1995-08-09,76,248,Notre Dame,00-0034798,3052897,7e42a22a-c47b-4387-aeeb-2cc2e76dc1d8,31093,12807,47257,SmytDu00,19943,5008,8.0,"https://static.www.nfl.com/image/upload/f_auto,q_auto/league/qmpveaqrfntryixpjqq2",SMY283236,46192,3200534d-5928-3236-3c59-343ab736cca3,2018.0,2018.0,MIA
2026,CIN,DL,DE,92.0,ACT,B.J. Hill,Bobby,Hill,1995-04-20,75,311,N.C. State,00-0034800,3116748,5c24d0c5-076c-4db5-9bd0-e67f7c42ad50,31039,12815,49894,HillB.00,19885,5020,8.0,"https://static.www.nfl.com/image/upload/f_auto,q_auto/league/t5d3t2wt1goqgv5njdqa",HIL096836,46138,32004849-4c09-6836-ea69-de0cfcb8a2d9,2018.0,2018.0,NYG
2026,TEN,DL,DE,91.0,ACT,John Franklin-Myers,John,Franklin-Myers,1996-09-26,76,288,Stephen F. Austin State,00-0034805,3120464,e08d71dd-58d9-4295-bcf8-9a6faf59c333,31105,12972,50088,FranJo02,19942,5466,8.0,"https://static.www.nfl.com/image/upload/f_auto,q_auto/league/uddpcfoopacmfjcovnvi",FRA563573,46204,32004652-4156-3573-c3f8-5ae812cf2f86,2018.0,2018.0,LA
2026,PIT,DL,DT,69.0,ACT,Sebastian Joseph-Day,Sebastian,Joseph-Day,1995-03-21,76,310,Rutgers,00-0034810,3047495,21c60b9f-98f3-4b6f-8911-89aba2622347,31165,12993,49935,JoseSe00,19985,5073,8.0,"https://static.www.nfl.com/image/upload/f_auto,q_auto/league/clutt16odnru2dvidv9w",JOS280126,46264,32004a4f-5328-0126-c7d1-ee2dea9d9a91,2018.0,2018.0,LA
2026,SF,LB,MLB,54.0,ACT,Fred Warner,Federico,Warner,1996-11-19,75,230,BYU,00-0034815,3138826,75a74283-5ab6-49d4-bf2f-e6fcaf91ec36,31040,12769,51222,WarnFr00,19891,5041,8.0,"https://static.www.nfl.com/image/upload/f_auto,q_auto/league/u3en19iyyfc64d3vprh6",WAR485225,46139,32005741-5248-5225-ce4a-b72862edcf69,2018.0,2018.0,SF
2026,IND,DL,NT,92.0,ACT,Derrick Nnadi,Derrick,Nnadi,1996-05-09,73,317,Florida State,00-0034818,3122930,a1182eb3-26cb-4d34-b29a-df673973f08b,31045,12971,49970,NnadDe00,19880,5035,8.0,"https://static.www.nfl.com/image/upload/f_auto,q_auto/league/dbzhxihrdflpqcgcn7z4",NNA157287,46144,32004e4e-4115-7287-94ee-cd56344264cf,2018.0,2018.0,KC
2026,IND,DL,DE,98.0,ACT,Arden Key,Arden,Key,1996-05-03,77,240,LSU,00-0034825,3843843,acc85868-4848-4de3-8e6f-5427e93c8d80,31057,12545,50201,KeyxAr00,19896,5067,8.0,"https://static.www.nfl.com/image/upload/f_auto,q_auto/league/wgnbernjlxpmk5rhgkhn",KEY099037,46156,32004b45-5909-9037-774f-e67d2a30cb11,2018.0,2018.0,LV
2026,BUF,WR,WR,2.0,ACT,DJ Moore,Denniston,Moore,1997-04-14,72,213,Maryland,00-0034827,3915416,d8202e6d-d03b-4cd1-a793-ff8fd39d9755,30994,12477,48267,MoorD.00,19844,4983,8.0,"https://static.www.nfl.com/image/upload/f_auto,q_auto/league/qphturmeiifnqrnf5pax",MOO272423,46093,32004d4f-4f27-2423-f0b4-728a741b03cb,2018.0,2018.0,CAR
2026,NE,LB,LB,2.0,ACT,Harold Landry III,Harold,Landry,1996-06-05,74,252,Boston College,00-0034828,3122793,60d5e71e-e127-463b-8e6b-26a7dac3db76,31011,12883,48600,LandHa00,19862,5030,8.0,"https://static.www.nfl.com/image/upload/f_auto,q_auto/league/u4vo0zlxvsph3annhc4f",LAN159704,46110,32004c41-4e15-9704-c65c-9a07b28af620,2018.0,2018.0,TEN
2026,CIN,TE,TE,88.0,ACT,Mike Gesicki,Michael,Gesicki,1995-10-03,78,245,Penn State,00-0034829,3116164,1012cbe0-7eba-4169-bfca-183a0204e1a7,31012,12764,47153,GesiMi00,19853,4993,8.0,"https://static.www.nfl.com/image/upload/f_auto,q_auto/league/mfswo0trev4oi2gnb41e",GES490798,46111,32004745-5349-0798-d83d-d46852aa6fbb,2018.0,2018.0,MIA
2026,BUF,LB,OLB,9.0,ACT,Bradley Chubb,Bradley,Chubb,1996-06-24,76,268,N.C. State,00-0034832,3116733,66313049-299d-4e58-beb9-8e051ab6548a,30975,12877,48526,ChubBr00,19832,4967,8.0,"https://static.www.nfl.com/image/upload/f_auto,q_auto/league/u0hpsvirbf0ksqqrr4of",CHU028799,46074,32004348-5502-8799-5aa8-cdcf49ff8897,2018.0,2018.0,DEN
2026,HOU,OL,OT,71.0,ACT,Braden Smith,Braden,Smith,1996-03-25,78,312,Auburn,00-0034836,,,,,,,,,8.0,"https://static.www.nfl.com/image/upload/f_auto,q_auto/league/xajcpouicrecoyupypyw",SMI080765,46106,3200534d-4908-0765-f244-89a603c3a555,2018.0,2018.0,IND
2026,TEN,WR,WR,0.0,ACT,Calvin Ridley,Calvin,Ridley,1994-12-20,73,190,Alabama,00-0034837,3925357,926e2674-52d6-4cec-9991-46ee85cc8cfd,30996,12616,48262,RidlCa00,19802,4981,8.0,"https://static.www.nfl.com/image/upload/f_auto,q_auto/league/l96rlegwqz7qfakbdtlp",RID652384,46095,32005249-4465-2384-7253-3a4b46622aa9,2018.0,2018.0,ATL
2026,ATL,DB,CB,21.0,ACT,Mike Hughes,Michael,Hughes,1997-02-11,70,191,UCF; Garden City CC; North Carolina,00-0034843,3895841,1f181c47-ad84-4758-a295-4c4f5c56120f,31000,12590,34057,HughMi00,19847,4982,8.0,"https://static.www.nfl.com/image/upload/f_auto,q_auto/league/fzxie6iznr3i8qc2pmnv",HUG542324,46099,32004855-4754-2324-a94f-a4e9cd1c93c1,2018.0,2018.0,MIN
2026,PHI,RB,RB,26.0,ACT,Saquon Barkley,Saquon,Barkley,1997-02-09,72,232,Penn State,00-0034844,3929630,9811b753-347c-467a-b3cb-85937e71e2b9,30972,12507,45791,BarkSa00,19766,4866,8.0,"https://static.www.nfl.com/image/upload/f_auto,q_auto/league/ern1nbhivkmwkg82c7v1",BAR192674,46071,32004241-5219-2674-af43-1519254e563d,2018.0,2018.0,NYG
2026,DEN,OL,OT,69.0,ACT,Mike McGlinchey,Michael,McGlinchey,1995-01-12,80,315,Notre Dame,00-0034847,,,,,,,,,8.0,"https://static.www.nfl.com/image/upload/f_auto,q_auto/league/rlmc7tqeolzj5btkdicj",MCG483723,46078,32004d43-4748-3723-bceb-8268dc0c3a2c,2018.0,2018.0,SF
2026,TB,QB,QB,6.0,ACT,Baker Mayfield,Baker,Mayfield,1995-04-14,73,215,Oklahoma; Texas Tech,00-0034855,3052587,30198d30-9769-4e10-ac86-b4c91d940802,30971,12619,46518,MayfBa00,19790,4892,8.0,"https://static.www.nfl.com/image/upload/f_auto,q_auto/league/i2uufyghiphx4oihgucm",MAY483453,46070,32004d41-5948-3453-e6ac-1ecff99fdcf6,2018.0,2018.0,CLE
2026,CLE,DB,CB,21.0,ACT,Denzel Ward,Denzel,Ward,1997-04-28,71,190,Ohio State,00-0034856,3915535,aefdc3d3-0851-4782-b298-f06f137d42c9,30974,12572,49558,WardDe02,19830,4964,8.0,"https://static.www.nfl.com/image/upload/f_auto,q_auto/league/mmp5gacrbeeolrsgg5wm",WAR146753,46073,32005741-5214-6753-6b71-7e5e98188e98,2018.0,2018.0,CLE
2026,BUF,QB,QB,17.0,ACT,Josh Allen,Joshua,Allen,1996-05-21,77,237,Wyoming; Reedley,00-0034857,3918298,3069db07-aa43-4503-ab11-2ae5c0002721,30977,12483,46601,AlleJo02,19801,4984,8.0,"https://static.www.nfl.com/image/upload/f_auto,q_auto/league/servs1fpsynfxep4rz2z",ALL529264,46076,3200414c-4c52-9264-bedc-c4ddaf201fe7,2018.0,2018.0,BUF
2026,SF,WR,WR,81.0,ACT,Malik Turner,Malik,Turner,1996-01-30,74,202,Illinois,00-0034867,3115928,82a7e1ff-019a-4f4b-aeb6-c41420e44891,31777,13378,48078,TurnMa00,20684,5781,8.0,"https://static.www.nfl.com/image/private/f_auto,q_auto/league/r7wv14bgrb5ohjmqsf9p",TUR576945,46998,32005455-5257-6945-9a73-9303e69596b7,2018.0,2018.0,
2026,SEA,QB,QB,14.0,ACT,Sam Darnold,Sam,Darnold,1997-06-05,75,225,USC,00-0034869,3912547,13d826c5-9b22-4e0a-a877-02d8c84c546b,30973,12490,29048,DarnSa00,19812,4943,8.0,"https://static.www.nfl.com/image/upload/f_auto,q_auto/league/s5t8m6bhedjwwtfw3ild",DAR466141,46072,32004441-5246-6141-9e5c-6e7d32a03e33,2018.0,2018.0,NYJ
2026,BAL,LB,ILB,0.0,ACT,Roquan Smith,Roquan,Smith,1997-04-08,73,235,Georgia,00-0034874,3915189,3291c582-9377-4bc2-8ee5-61d887873797,30978,12644,50892,SmitRo07,19827,4960,8.0,"https://static.www.nfl.com/image/upload/f_auto,q_auto/league/ru4idxsvmhlpiwx6za9a",SMI685032,46077,3200534d-4968-5032-ead5-4d96dc1134f2,2018.0,2018.0,CHI
2026,BUF,P,P,19.0,ACT,Mitch Wishnowsky,Mitch,Wishnowsky,1992-03-02,74,220,Utah; Santa Barbara,00-0034941,4035685,e8e8a5fe-00d1-4ffc-9401-9e5cb254afea,31942,13816,44663,WishMi00,20996,6173,7.0,"https://static.www.nfl.com/image/upload/f_auto,q_auto/league/kjifuyh2rm6dygczcv4f",WIS276688,47893,32005749-5327-6688-e0c0-4e73a6e093f2,2019.0,2019.0,SF
2026,PHI,OL,OT,74.0,ACT,Fred Johnson,Fred,Johnson,1997-06-05,79,326,Florida,00-0034951,,,,,,,,,7.0,"https://static.www.nfl.com/image/private/f_auto,q_auto/league/unogqelkwjhl0qwfbyu5",JOH000022,48085,32004a4f-4800-0022-b0fb-2114f6546f71,2019.0,2019.0,
2026,NYJ,RB,FB,47.0,ACT,Andrew Beck,Andrew,Beck,1996-05-15,75,255,Texas,00-0034959,3125107,b556a98d-16aa-4a0d-9134-1b59c46cc640,32225,13713,47121,BeckAn01,21227,6323,7.0,"https://static.www.nfl.com/image/upload/f_auto,q_auto/league/cgfleml3vlakevf285n3",BEC046566,48096,32004245-4304-6566-b5fa-35b9a8ef10b0,2019.0,2019.0,
2026,JAX,WR,WR,3.0,ACT,Jakobi Meyers,Jakobi,Meyers,1996-11-09,74,200,N.C. State,00-0034960,3916433,73e194d1-a4b7-4de4-b1c2-3c24ef502918,32231,13517,47468,MeyeJa01,20876,5947,7.0,"https://static.www.nfl.com/image/upload/f_auto,q_auto/league/qui5ajbevlk7pfjpcufz",MEY171606,48097,32004d45-5917-1606-4197-8f46779fb9b7,2019.0,2019.0,
2026,CLE,DB,CB,20.0,ACT,D'Angelo Ross,D'Angelo,Ross,1996-10-29,69,190,New Mexico,00-0034966,3139389,3f0926f7-103e-44d5-85f0-e53ec48fe452,32223,14080,27732,RossDA03,21463,6476,7.0,"https://static.www.nfl.com/image/upload/f_auto,q_auto/league/knsvo3gypaqfo3vtnt1o",ROS565402,48103,3200524f-5356-5402-cb50-43563bfd6a4d,2019.0,2019.0,
2026,DAL,LB,LB,7.0,ACT,Rashan Gary,Rashan,Gary,1997-12-03,77,277,Michigan,00-0034967,4046523,99847f76-5bf2-4cbe-8573-9a477f7fb472,31844,13651,42905,GaryRa00,20767,5839,7.0,"https://static.www.nfl.com/image/private/f_auto,q_auto/league/t4clz4xe8sfxszmvohfo",GAR766759,47795,32004741-5276-6759-8729-700e2dfb98cd,2019.0,2019.0,GB
2026,PIT,DB,DB,,ACT,Darnell Savage,Darnell,Savage,1997-07-30,71,198,Maryland,00-0034968,3915419,e1b066fb-d077-42a3-9f5d-4ed560c9d777,31853,13810,34247,SavaDa00,21107,6210,7.0,"https://static.www.nfl.com/image/upload/f_auto,q_auto/league/oahujzgwcvkeyc9qpqrb",SAV426683,47804,32005341-5642-6683-d1ee-77f79bcf3445,2019.0,2019.0,GB
2026,LV,DL,DE,98.0,ACT,Maxx Crosby,Maxx,Crosby,1997-08-22,77,255,Eastern Michigan,00-0034973,3916655,3ae55cda-ad32-46c5-bde7-470755f37f3a,31938,13459,26316,CrosMa00,21015,5991,7.0,"https://static.www.nfl.com/image/upload/f_auto,q_auto/league/eradjc0noknlab2smu1e",CRO371007,47889,32004352-4f37-1007-6c0e-db2de3f9d742,2019.0,2019.0,LV
2026,SEA,DB,SAF,20.0,ACT,Julian Love,Julian,Love,1998-03-19,71,195,Notre Dame,00-0034974,4046675,a1052a59-114e-4340-8936-bffb17431300,31940,13533,51081,LoveJu00,20864,5876,7.0,"https://static.www.nfl.com/image/upload/f_auto,q_auto/league/s3fvfslhz6hpmf6fzv2u",LOV133771,47891,32004c4f-5613-3771-4f23-34180a3619b8,2019.0,2019.0,NYG
2026,BAL,RB,RB,43.0,ACT,Justice Hill,Justice,Hill,1997-11-14,70,205,Oklahoma State,00-0034975,4038441,528e71ec-8fb3-4928-ace5-fc5ffbf26eb3,31945,13427,45865,HillJu00,20802,5995,7.0,"https://static.www.nfl.com/image/upload/f_auto,q_auto/league/h6p9crhra8ehxju3ubza",HIL326301,47896,32004849-4c32-6301-179f-7d7fb01289c2,2019.0,2019.0,BAL
2026,DEN,OL,G,74.0,ACT,Ben Powers,Ben,Powers,1996-10-29,76,310,Oklahoma; Butler County JC,00-0034978,,,,,,,,,7.0,"https://static.www.nfl.com/image/upload/f_auto,q_auto/league/fajb5zieqq91lh0ymlws",POW583002,47906,3200504f-5758-3002-e095-4161e1898346,2019.0,2019.0,BAL
2026,HOU,TE,TE,87.0,ACT,Foster Moreau,Foster,Moreau,1997-05-06,76,250,LSU,00-0034981,3843945,9c3a67fd-5c6e-4689-9e08-9ff6d4db6c9a,31969,13822,47043,MoreFo00,20884,5985,7.0,"https://static.www.nfl.com/image/upload/f_auto,q_auto/league/esc21tsccagvyy1ctaoc",MOR096402,47920,32004d4f-5209-6402-e68b-97ba5fd58ae3,2019.0,2019.0,LV
2026,SF,LB,LB,57.0,ACT,Dre Greenlaw,Keaundre,Greenlaw,1997-05-25,72,230,Arkansas,00-0034982,3916903,e6eb9d50-9231-44ff-89eb-7f7b996e042f,31980,13804,51503,GreeDr00,20778,6056,7.0,"https://static.www.nfl.com/image/upload/f_auto,q_auto/league/twmm0to7fptnq71n75iz",GRE557396,47931,32004752-4555-7396-3986-bf0359ce742c,2019.0,2019.0,SF
2026,HOU,LB,LB,45.0,ACT,E.J. Speed,Elbert,Speed,1995-06-01,76,227,Tarleton State,00-0034987,3071353,e653effc-2bdc-4bfe-bf3d-272e783ae4c4,31996,13984,94351,SpeeEJ00,21117,6218,7.0,"https://static.www.nfl.com/image/upload/f_auto,q_auto/league/lpqe7elzi8tbt8rjzozd",SPE175382,47947,32005350-4517-5382-25ac-8c71d29ed7ff,2019.0,2019.0,IND
2026,TB,OL,OT,77.0,ACT,Justin Skule,Justin,Skule,1996-11-23,78,315,Vanderbilt,00-0034989,,,,,,,,,7.0,"https://static.www.nfl.com/image/upload/f_auto,q_auto/league/qhgittdykajfsjsznegg",SKU559740,47966,3200534b-5555-9740-62a2-639344521e0a,2019.0,2019.0,SF
2026,PHI,DB,SAF,29.0,ACT,Marcus Epps,Marcus,Epps,1996-01-27,72,198,Wyoming,00-0034993,3139368,4dcf9e8a-fc5c-43a2-9b83-4ca295490a9b,32023,13985,51391,EppsMa00,21133,6284,7.0,"https://static.www.nfl.com/image/upload/f_auto,q_auto/league/buqwodgcsy5ndrrxtpga",EPP346075,47974,32004550-5034-6075-4885-ec1779d064fe,2019.0,2019.0,MIN
2026,AZ,OL,OT,68.0,ACT,Olisaemeka Udoh,Olisaemeka,Udoh,1997-02-14,78,325,Elon,00-0034994,,,,,,,,,7.0,"https://static.www.nfl.com/image/upload/f_auto,q_auto/league/i4odgbpj1mebaq92mpo2",UDO489451,47976,32005544-4f48-9451-1839-5671f0b17981,2019.0,2019.0,MIN
2026,BUF,LB,LB,50.0,ACT,Demetrius Flannigan-Fowles,Demetrius,Flannigan-Fowles,1996-09-04,74,223,Arizona,00-0035020,3931424,c5175598-1392-4eaa-ae62-d99811a0c477,32319,14074,49231,FlanDe00,21354,6610,7.0,"https://static.www.nfl.com/image/upload/f_auto,q_auto/league/elhj5qgby9zxlasenqjb",FLA635735,48117,3200464c-4163-5735-44aa-6b4a6378fe35,2019.0,2019.0,
2026,IND,WR,WR,16.0,ACT,Ashton Dulin,Ashton,Dulin,1997-05-15,74,215,Malone,00-0035021,4061956,f374262b-d642-4d05-9584-5955548ee4d1,32292,13854,91479,DuliAs00,21349,6427,7.0,"https://static.www.nfl.com/image/upload/f_auto,q_auto/league/tfiokr6nyal5c5qgdj1c",DUL521764,48118,32004455-4c52-1764-a87e-56f5232faa90,2019.0,2019.0,
2026,CHI,TE,TE,88.0,ACT,Stephen Carlson,Stephen,Carlson,1996-12-12,76,248,Princeton,00-0035039,3948283,013477a2-0271-4441-a0af-9bc25924a2f6,32273,14131,94365,CarlSt00,21278,6451,7.0,"https://static.www.nfl.com/image/upload/f_auto,q_auto/league/bemwxcsmifolkdnv1uir",CAR177297,48136,32004341-5217-7297-42b4-4e3d5af0a7cc,2019.0,2019.0,
2026,TB,QB,QB,5.0,ACT,Jake Browning,Jake,Browning,1996-04-11,74,210,Washington,00-0035100,3886812,f2f29019-7306-4b1c-a9d8-e9f802cb06e0,32138,13504,46401,BrowJa08,21046,6111,7.0,"https://static.www.nfl.com/image/upload/f_auto,q_auto/league/kzyh6yum2w3c6xrkndla",BRO817047,48208,32004252-4f81-7047-eee5-b238d06a81e2,2019.0,2019.0,
2026,JAX,OL,OT,65.0,ACT,Patrick Mekari,Patrick,Mekari,1997-08-13,76,305,California,00-0035112,,,,,,,,,7.0,"https://static.www.nfl.com/image/upload/f_auto,q_auto/league/vvvuokcp8hwm8i9j9ctb",MEK415291,48220,32004d45-4b41-5291-2d7e-d7bd8b0a3dab,2019.0,2019.0,
2026,GB,LS,LS,42.0,ACT,Matthew Orzech,Matthew,Orzech,1995-04-12,75,245,Azusa Pacific,00-0035118,4422336,56b26b71-8f1e-416c-a7e5-62cd67c98f4b,32306,14127,94369,OrzeMa00,21484,6461,7.0,"https://static.www.nfl.com/image/upload/f_auto,q_auto/league/kfuljmbcfkwx1quqoklv",ORZ415291,48226,32004f52-5a41-5291-beb8-ebf419030a18,2019.0,2019.0,
2026,LAC,RB,FB,30.0,ACT,Alec Ingold,Alec,Ingold,1996-07-09,73,240,Wisconsin,00-0035125,3917668,7ade135c-0760-4548-b7d9-cf1174e2be33,32344,13806,34934,IngoAl01,20819,6109,7.0,"https://static.www.nfl.com/image/upload/f_auto,q_auto/league/comhknenryrjabyifcqe",ING382661,48233,3200494e-4738-2661-ba77-8c3544862938,2019.0,2019.0,
2026,GB,DB,DB,25.0,ACT,Keisean Nixon,Keisean,Nixon,1997-06-22,70,200,South Carolina,00-0035133,4259493,e94ac14d-0122-4dc8-ad20-b71226cb8cfe,32348,13701,56167,NixoKe00,21239,6333,7.0,"https://static.www.nfl.com/image/upload/f_auto,q_auto/league/vl34o93l5u7ins8ioebi",NIX676693,48241,32004e49-5867-6693-dc76-487b1543e1da,2019.0,2019.0,
2026,BUF,WR,WR,1.0,ACT,Mecole Hardman,Carey,Hardman,1998-03-12,70,187,Georgia,00-0035140,4035004,fe6dc768-d576-476c-b150-53b85af2a1d1,31888,13532,42683,HardMe00,20788,5917,7.0,"https://static.www.nfl.com/image/upload/f_auto,q_auto/league/mswmia17pkencx01nswj",HAR069520,47839,32004841-5206-9520-9e70-d5597391d8c0,2019.0,2019.0,KC
2026,AZ,LB,LB,1.0,ACT,Mack Wilson,Lyndell,Wilson,1998-02-14,73,240,Alabama,00-0035144,4040983,0790a8d6-5316-4204-91a6-8508ca48973b,31987,13609,43190,WilsMa03,20994,6131,7.0,"https://static.www.nfl.com/image/upload/f_auto,q_auto/league/zjazfilpr7k2agiwqpxn",WIL747169,47938,32005749-4c74-7169-f251-e69c40d45765,2019.0,2019.0,CLE
2026,WAS,OL,G,67.0,ACT,Nick Allegretti,Nick,Allegretti,1996-04-21,76,310,Illinois,00-0035149,,,,,,,,,7.0,"https://static.www.nfl.com/image/upload/f_auto,q_auto/league/vblrphfqfohxa2hycuue",ALL041653,47999,3200414c-4c04-1653-c094-bf3297ea6407,2019.0,2019.0,KC
2026,DET,P,P,3.0,ACT,Jack Fox,John,Fox,1996-09-01,74,218,Rice,00-0035156,3916370,7141ec7a-4f3d-44a4-979e-6644ab9e8f7b,32358,13715,34735,FoxxJa01,21376,6523,7.0,"https://static.www.nfl.com/image/upload/f_auto,q_auto/league/oxbywegffnm7lrwl2map",FOX171605,48258,3200464f-5817-1605-5ab7-9f6c29a06ec7,2019.0,2019.0,
2026,HOU,LB,LB,0.0,ACT,Azeez Al-Shaair,Azeez,Al-Shaair,1997-08-04,74,228,Florida Atlantic,00-0035166,3919117,e9348fc5-273d-4ac3-9760-462f37c025dc,32318,13829,49792,AlShAz00,21490,6485,7.0,"https://static.www.nfl.com/image/upload/f_auto,q_auto/league/gtnnl92squxvzhhydeq8",ALS107778,48268,3200414c-5310-7778-36da-c32d1386abd2,2019.0,2019.0,
2026,LV,P,P,6.0,ACT,AJ Cole,AJ,Cole,1995-11-27,76,220,N.C. State,00-0035190,3686689,36f93677-a95b-4362-ac5f-6722f5c05b6d,32386,14171,36038,ColeAJ01,21516,6555,7.0,"https://static.www.nfl.com/image/upload/f_auto,q_auto/league/t6ah2u0wptbb8n22tehr",COL214396,48335,3200434f-4c21-4396-afbe-6ef134e5f11e,2019.0,2019.0,
2026,TEN,K,K,6.0,ACT,Joey Slye,Joseph,Slye,1996-04-10,71,213,Virginia Tech,00-0035192,3124084,ef4998e0-c9ef-4afe-88ab-d09b48975a08,32384,14172,39235,SlyeJo00,21519,6528,7.0,"https://static.www.nfl.com/image/upload/f_auto,q_auto/league/xokfs27mtqrbb0y47ahn",SLY207645,48337,3200534c-5920-7645-69af-45cd1d703cc2,2019.0,2019.0,
2026,LAC,LB,LB,53.0,ACT,Del'Shawn Phillips,Del'Shawn,Phillips,1996-10-09,74,230,Illinois,00-0035202,4240528,a3d59d11-8d6a-4cfa-9c5d-3387d20de7f9,32118,14025,57868,PhilDe00,21306,6348,7.0,"https://static.www.nfl.com/image/upload/f_auto,q_auto/league/plnsixu8jpozw1grxuvc",PHI147557,48364,32005048-4914-7557-56d1-20c877d35f31,2019.0,2019.0,
2026,ATL,WR,WR,14.0,ACT,Olamide Zaccheaus,Olamide,Zaccheaus,1997-07-23,68,194,Virginia,00-0035208,3917914,d8281390-f081-41e5-b55e-75779536fe94,32123,13833,44920,ZaccOl01,21142,6271,7.0,"https://static.www.nfl.com/image/upload/f_auto,q_auto/league/ucpai2odeunecbe6o1dj",ZAC133180,48374,32005a41-4313-3180-ba01-ae8103314fa2,2019.0,2019.0,
2026,DAL,DB,DB,1.0,ACT,P.J. Locke,James,Locke,1997-02-12,71,210,Texas,00-0035227,3929850,155980c2-e289-48c4-a047-09c08d0ce7ae,32164,14198,51189,LockPJ00,21373,6419,7.0,"https://static.www.nfl.com/image/upload/f_auto,q_auto/league/ojoaoxeadc6x0iekj3my",LOC062925,48447,32004c4f-4306-2925-c109-fd3c1cd98ca6,2019.0,2019.0,
2026,MIN,QB,QB,1.0,ACT,Kyler Murray,Kyler,Murray,1997-08-07,70,207,Oklahoma; Texas A&M,00-0035228,3917315,dd5a6b6e-ffae-45a5-b8e6-718a9251f374,31833,13613,38334,MurrKy00,20889,5849,7.0,"https://static.www.nfl.com/image/upload/f_auto,q_auto/league/flezsremqighwuiyu77f",MUR670413,47784,32004d55-5267-0413-8d36-a5c3fd781aa0,2019.0,2019.0,ARI
2026,MIN,TE,TE,87.0,ACT,T.J. Hockenson,Thomas,Hockenson,1997-07-03,77,248,Iowa,00-0035229,4036133,bd1120b6-38b3-4225-a4b0-20660a149d0d,31840,13610,40912,HockTJ00,20805,5844,7.0,"https://static.www.nfl.com/image/upload/f_auto,q_auto/league/rs8o65x0u0n9xzde0fd6",HOC422041,47791,3200484f-4342-2041-c442-6c874885b155,2019.0,2019.0,DET
2026,BUF,DL,DT,91.0,ACT,Ed Oliver,Edward,Oliver,1997-12-12,73,287,Houston,00-0035230,4039303,adabdc56-278f-48b9-a003-1329b7f2f663,31841,13653,42200,OlivEd00,20898,5841,7.0,"https://static.www.nfl.com/image/upload/f_auto,q_auto/league/wqmheiax6xnk7pvcdzav",OLI290385,47792,32004f4c-4929-0385-df1c-0f8e40559b5a,2019.0,2019.0,BUF
2026,CLE,OL,OT,71.0,ACT,Tytus Howard,Tytus,Howard,1996-05-23,77,320,Alabama State,00-0035234,,,,,,,,,7.0,"https://static.www.nfl.com/image/upload/f_auto,q_auto/league/dsxhasekno62of0prulo",HOW432152,47806,3200484f-5743-2152-432d-da3c484cb3f8,2019.0,2019.0,HOU
2026,MIN,DB,CB,7.0,ACT,Byron Murphy,Byron,Murphy,1998-01-18,71,190,Washington,00-0035236,4038999,c025b513-9431-4097-bc25-9777bf08f846,31865,13560,44027,MurpBy00,20888,5864,7.0,"https://static.www.nfl.com/image/upload/f_auto,q_auto/league/secfzfwznyhcgiow4rvq",MUR405853,47816,32004d55-5240-5853-e4e5-d4f178b58b0b,2019.0,2019.0,ARI
2026,ATL,OL,OT,71.0,ACT,Jawaan Taylor,Jawaan,Taylor,1997-11-25,77,312,Florida,00-0035237,,,,,,,,,7.0,"https://static.www.nfl.com/image/upload/f_auto,q_auto/league/honwntzfepzenss8uqhw",TAY349425,47818,32005441-5934-9425-ed94-9fc450b432bc,2019.0,2019.0,JAX
2026,CIN,OL,OT,61.0,ACT,Cody Ford,Cody,Ford,1996-12-28,75,345,Oklahoma,00-0035238,,,,,,,,,7.0,"https://static.www.nfl.com/image/private/f_auto,q_auto/league/tvlrnep8pest5wubog4f",FOR076987,47821,3200464f-5207-6987-5f02-57664dbea176,2019.0,2019.0,BUF
2026,AZ,DB,CB,23.0,ACT,Sean Murphy-Bunting,Sean,Murphy-Bunting,1997-06-19,72,195,Central Michigan,00-0035239,3932886,f84bf885-d6ff-4fc8-8b6e-64bb3bceb17d,31871,13648,25891,BuntSe00,21050,6060,7.0,"https://static.www.nfl.com/image/upload/f_auto,q_auto/league/ddyearvwzjb4jmunqlei",BUN571021,47822,32004255-4e57-1021-66ef-1efc8a34ff51,2019.0,2019.0,TB
2026,NO,OL,C,78.0,ACT,Erik McCoy,Erik,McCoy,1997-08-27,76,303,Texas A&M,00-0035242,,,,,,,,,7.0,"https://static.www.nfl.com/image/upload/f_auto,q_auto/league/w5kp02xeo5pg9shcddoz",MCC601333,47831,32004d43-4360-1333-481d-eca6355623f4,2019.0,2019.0,NO
2026,MIA,DB,SAF,32.0,ACT,Lonnie Johnson,Lonnie,Johnson,1995-11-04,74,221,Kentucky,00-0035244,4240780,acbf5978-d7da-4d01-8f1d-22dd65d4484c,31886,13820,55615,JohnLo01,20840,5883,7.0,"https://static.www.nfl.com/image/upload/f_auto,q_auto/league/a25iox2kpt2faeivak0g",JOH000020,47837,32004a4f-4800-0020-6142-473a18150e9b,2019.0,2019.0,HOU
2026,DEN,DL,DE,99.0,ACT,Zach Allen,Zachary,Allen,1997-08-20,76,285,Boston College,00-0035248,3915282,f68685e7-9904-47bc-b39a-e1c813435385,31897,13742,49605,AlleZa01,20738,5871,7.0,"https://static.www.nfl.com/image/upload/f_auto,q_auto/league/alnctfzlh2giup65i5zt",ALL656181,47848,3200414c-4c65-6181-7c3f-ad7870f8ae61,2019.0,2019.0,ARI
2026,MIN,TE,TE,84.0,ACT,Josh Oliver,Josh,Oliver,1997-03-21,77,264,San Jose State,00-0035249,3921690,dc83f7af-7b30-4c4a-9c93-f67bd8db954b,31901,13786,47083,OlivJo00,20899,5973,7.0,"https://static.www.nfl.com/image/upload/f_auto,q_auto/league/pfvhbfguzu6wv9ikluop",OLI524360,47852,32004f4c-4952-4360-2a59-44a3fa93d63f,2019.0,2019.0,JAX
2026,NYG,RB,RB,26.0,ACT,Devin Singletary,Devin,Singletary,1997-09-03,67,203,Florida Atlantic,00-0035250,4040761,a961b0d4-5d7c-438e-90f0-2e1fa09f6c89,31906,13449,40485,SingDe00,20941,6130,7.0,"https://static.www.nfl.com/image/upload/f_auto,q_auto/league/wqw8ee4nsxsisqb3bagw",SIN186919,47857,32005349-4e18-6919-d1e6-003f4632ba87,2019.0,2019.0,BUF
2026,CAR,QB,QB,14.0,ACT,Will Grier,Will,Grier,1995-04-03,73,220,West Virginia; Florida State,00-0035251,3115252,7905e9be-2f66-4ff5-a6e9-dbe281bf4822,31932,13446,38265,GrieWi00,20779,5903,7.0,"https://static.www.nfl.com/image/upload/f_auto,q_auto/league/c8cmoyu2wemjpl6ctk9g",GRI022415,47883,32004752-4902-2415-512e-3cae73b00f0f,2019.0,2019.0,CAR
2026,BUF,DB,SAF,22.0,ACT,C.J. Gardner-Johnson,Chauncey,Gardner-Johnson,1997-12-20,71,208,Florida,00-0035253,4034953,5fb6e9f1-2efa-44c9-876f-4d635484be88,31937,15189,49371,GardCh00,20766,5893,7.0,"https://static.www.nfl.com/image/upload/f_auto,q_auto/league/lgbewdwm0p4wnwfbcock",GAR211068,47888,32004741-5221-1068-8e9a-b4c139418bfd,2019.0,2019.0,NO
2026,TB,LB,LB,98.0,ACT,Anthony Nelson,Anthony,Nelson,1997-03-04,79,271,Iowa,00-0035254,3894856,8bc51884-c9db-4745-8731-20eff25f41b0,31939,13562,48405,NelsAn01,20894,6003,7.0,"https://static.www.nfl.com/image/upload/f_auto,q_auto/league/p7ot8uy26tblyhgpwcdv",NEL115040,47890,32004e45-4c11-5040-c7a6-234521681d54,2019.0,2019.0,TB
2026,AZ,OL,G,72.0,ACT,Hjalte Froholdt,Hjalte,Froholdt,1996-08-20,77,310,Arkansas,00-0035258,,,,,,,,,7.0,"https://static.www.nfl.com/image/upload/f_auto,q_auto/league/w29pfmjsyr2ylmbvedol",FRO242081,47901,32004652-4f24-2081-4dce-09bac366d016,2019.0,2019.0,NE
2026,TEN,RB,RB,20.0,ACT,Tony Pollard,Tony,Pollard,1997-04-30,72,209,Memphis,00-0035261,3916148,33b0227d-4c21-4e71-b4cd-be35f7db9123,31960,13590,27126,PollTo00,20912,5967,7.0,"https://static.www.nfl.com/image/upload/f_auto,q_auto/league/dvpdczetkdhrqpm8izmd",POL283188,47911,3200504f-4c28-3188-35b8-d0ae9db0f68a,2019.0,2019.0,DAL
2026,KC,LB,LB,23.0,ACT,Drue Tranquill,Drue,Tranquill,1995-08-15,74,234,Notre Dame,00-0035262,3129310,d468dfe5-8ad2-4c8b-b7ba-0962316a2156,31962,13814,51276,TranDr00,20968,6141,7.0,"https://static.www.nfl.com/image/upload/f_auto,q_auto/league/azjrwh0rdddskgckydsq",TRA289059,47913,32005452-4128-9059-cb73-4eadedc51904,2019.0,2019.0,LAC
2026,DEN,QB,QB,8.0,ACT,Jarrett Stidham,Jarrett,Stidham,1996-08-08,75,215,Auburn; McLennan CC; Baylor,00-0035264,3892775,582fe465-135a-4901-beef-60aebce99067,31965,13438,13725,StidJa00,20954,6136,7.0,"https://static.www.nfl.com/image/upload/f_auto,q_auto/league/hlq7q7zkusdhmudwbodl",STI129837,47916,32005354-4912-9837-7193-9c8d8376b821,2019.0,2019.0,NE
2026,LV,K,K,14.0,ACT,Matt Gay,Matt,Gay,1994-03-15,72,232,Utah; Utah Valley,00-0035269,4249087,2b90e091-ef78-4753-93eb-0acf3632c206,31977,13673,57643,GayxMa00,20769,6083,7.0,"https://static.www.nfl.com/image/upload/f_auto,q_auto/league/qeca8ofwxhytcioy29wc",GAY306452,47928,32004741-5930-6452-6cb7-6eadc0ce3ec7,2019.0,2019.0,TB
2026,BAL,DB,CB,36.0,ACT,Amani Oruwariye,Amani,Oruwariye,1996-02-09,74,205,Penn State,00-0035270,3116175,3e4c9bb7-6ff1-4bf8-bc25-cd6717ddf568,31978,13744,50533,OruwAm00,20903,5888,7.0,"https://static.www.nfl.com/image/upload/f_auto,q_auto/league/rfqlsxmwdqnfcxng5oli",ORU490506,47929,32004f52-5549-0506-d45d-e0e76f0f35db,2019.0,2019.0,DET
2026,MIN,LB,OLB,43.0,ACT,Andrew Van Ginkel,Andrew,Van Ginkel,1995-07-01,76,242,Wisconsin; Iowa Western CC; South Dakota,00-0035272,3133487,7b47d190-168b-44bc-bb91-a688fe28f768,31983,13887,30267,VanGAn00,20971,6183,7.0,"https://static.www.nfl.com/image/upload/f_auto,q_auto/league/vbpdlib647tcpzz59wyt",VAN463493,47934,32005641-4e46-3493-ddb1-0c81031159d0,2019.0,2019.0,MIA
2026,MIN,LB,LB,51.0,ACT,Blake Cashman,Blake,Cashman,1996-05-10,73,235,Minnesota,00-0035276,3728281,17dfbad4-f4fc-4a65-a085-6cdcefe36879,31989,13846,35413,CashBl00,21118,6217,7.0,"https://static.www.nfl.com/image/upload/f_auto,q_auto/league/mvui8tjkoewkupyncbok",CAS316185,47940,32004341-5331-6185-2b37-0d7120bc9212,2019.0,2019.0,NYJ
2026,CAR,DB,CB,2.0,ACT,Mike Jackson,Michael,Jackson,1997-01-10,73,210,Miami,00-0035277,3917853,63fd7882-5d20-426e-9834-e85c0ebb4d5b,31990,13704,50437,JackMi01,20822,6025,7.0,"https://static.www.nfl.com/image/upload/f_auto,q_auto/league/cqvxm9n1ncjq7hd2dtqb",JAC000004,47941,32004a41-4300-0004-a1b9-6631a951b6e5,2019.0,2019.0,DAL
2026,WAS,DL,DE,90.0,ACT,Charles Omenihu,Charles,Omenihu,1997-08-20,77,280,Texas,00-0035279,3929865,eff1c40e-715c-49c4-93d8-6155322c1205,31993,13791,50612,OmenCh00,20901,5934,7.0,"https://static.www.nfl.com/image/upload/f_auto,q_auto/league/eqdzy6rghyb0sywwbd8i",OME565785,47944,32004f4d-4556-5785-8e80-6ad02cc085e2,2019.0,2019.0,HOU
2026,ATL,P,P,16.0,ACT,Jake Bailey,Jacob,Bailey,1997-06-18,74,212,Stanford,00-0035280,3931395,af1335c6-c262-4488-9352-86ba80754583,31995,13817,33963,BailJa00,21017,6093,7.0,"https://static.www.nfl.com/image/upload/f_auto,q_auto/league/xgqo8pwrwqtmfhoaproq",BAI429212,47946,32004241-4942-9212-4dca-3ce7a5b08bbb,2019.0,2019.0,NE
2026,IND,QB,QB,,ACT,Easton Stick,Easton,Stick,1995-09-09,73,224,North Dakota State,00-0035282,3120590,af291d43-a51f-44ce-b8ac-430ec68c78c8,31998,13627,29466,SticEa00,20953,6185,7.0,"https://static.www.nfl.com/image/upload/f_auto,q_auto/league/xnf9udjxld0xenf4zagy",STI420937,47949,32005354-4942-0937-5f54-4fc08152f18e,2019.0,2019.0,LAC
2026,PIT,LB,LB,55.0,ACT,Cole Holcomb,Cole,Holcomb,1996-07-30,73,240,North Carolina,00-0035286,3116689,c727b9d9-9776-415d-953c-9ae046e10a05,32005,13700,49753,HolcCo00,21120,6220,7.0,"https://static.www.nfl.com/image/upload/f_auto,q_auto/league/hhhvsv4sv9zreuedr7lj",HOL006318,47956,3200484f-4c00-6318-dfc2-c03b54847fbe,2019.0,2019.0,WAS
2026,AZ,QB,QB,15.0,ACT,Gardner Minshew,Gardner,Minshew,1996-05-16,73,225,Washington State,00-0035289,4038524,dabb52c0-455b-48fe-996b-abf758120623,32010,13741,41401,MinsGa00,20880,6011,7.0,"https://static.www.nfl.com/image/upload/f_auto,q_auto/league/lggwtoj1m0jxxiawtzpw",MIN604610,47961,32004d49-4e60-4610-dc98-dcddea9bb1f6,2019.0,2019.0,JAX
2026,CHI,WR,WR,35.0,ACT,Scott Miller,Scott,Miller,1997-07-31,69,174,Bowling Green,00-0035298,3914397,85e18d5f-8a3f-4b6c-88fe-dfdaaed5554e,32040,13987,47481,MillSc01,21138,6290,7.0,"https://static.www.nfl.com/image/upload/f_auto,q_auto/league/mlx2xhjvzt6pqwgoloqa",MIL546315,47991,32004d49-4c54-6315-cdf3-7806972abae8,2019.0,2019.0,TB
2026,NO,LB,LB,55.0,ACT,Kaden Elliss,Kaden,Elliss,1995-06-10,74,238,Idaho,00-0035316,3124890,7c51883f-8ea7-4f54-8c03-a562b4524858,32076,13953,51485,ElliKa00,21134,6302,7.0,"https://static.www.nfl.com/image/upload/f_auto,q_auto/league/b7jmlakbznkeusvsztgo",ELL750719,48027,3200454c-4c75-0719-9c5f-35fd06b75171,2019.0,2019.0,NO
2026,MIA,LB,LB,25.0,ACT,Tyrel Dodson,Tyrel,Dodson,1998-06-25,72,237,Texas A&M,00-0035352,4035232,1881d1a7-218b-4690-9065-497946d1ec1e,32411,13512,51045,DodsTy01,21218,6315,7.0,"https://static.www.nfl.com/image/upload/f_auto,q_auto/league/ssfyc6yarlegh112xeoa",DOD341460,48482,3200444f-4434-1460-b378-91176d704c77,2019.0,2019.0,
2026,CHI,DB,CB,21.0,ACT,Cam Lewis,Cameron,Lewis,1997-04-13,69,183,Buffalo,00-0035357,3916577,d5dee97b-aa96-4fa6-868f-b6dc1f66245c,32416,14253,49395,LewiCa00,21216,6314,7.0,"https://static.www.nfl.com/image/upload/f_auto,q_auto/league/zjktx8s1xlcacohcfimq",LEW089606,48487,32004c45-5708-9606-6b0a-fbc9630aa26d,2019.0,2019.0,
2026,TB,K,K,4.0,ACT,Chase McLaughlin,Chase,McLaughlin,1996-04-09,72,190,Illinois,00-0035358,3150744,12d28404-63e1-432f-adde-c93631a5c39c,32417,14254,33285,McLaCh00,21542,6650,7.0,"https://static.www.nfl.com/image/upload/f_auto,q_auto/league/vwefhtevyn2qxauchan5",MCL090068,48488,32004d43-4c09-0068-cde1-c8dac1b4b74a,2019.0,2019.0,
2026,TB,WR,WR,80.0,ACT,David Sills,David,Sills,1995-05-29,75,211,West Virginia,00-0035359,3871102,97f6c20c-1110-4551-82c1-41d3247397a2,32418,13634,34579,SillDa01,20939,6154,7.0,"https://static.www.nfl.com/image/upload/f_auto,q_auto/league/b0vacwlg3vcau2vzg3ry",SIL605330,48489,32005349-4c60-5330-c2c5-9ad2afcb2da9,2019.0,2019.0,
2026,CIN,LB,LB,43.0,ACT,Joe Giles-Harris,Joe,Giles-Harris,1997-04-01,74,234,Duke,00-0035363,3917797,62976179-ae2c-495f-9e94-cb3e49933243,32091,13492,39382,GileJo01,20772,6105,7.0,"https://static.www.nfl.com/image/upload/f_auto,q_auto/league/eh3338umczzrrmolwpur",GIL269976,48493,32004749-4c26-9976-43bd-94d2ea366a3d,2019.0,2019.0,
2026,AZ,DB,SAF,27.0,ACT,Andrew Wingard,Andrew,Wingard,1996-12-05,72,209,Wyoming,00-0035378,3918331,65e778fa-4639-4973-bb82-c76efa2ff309,32105,13768,49268,WingAn01,21281,6416,7.0,"https://static.www.nfl.com/image/upload/f_auto,q_auto/league/vumoaka528nab6au7caj",WIN207636,48508,32005749-4e20-7636-460a-d85b307ec0af,2019.0,2019.0,
2026,CHI,LB,LB,53.0,ACT,T.J. Edwards,T.J.,Edwards,1996-08-12,72,228,Wisconsin,00-0035386,3121544,a7b4b50a-9431-4551-89e1-6b8cb80536d7,32403,13460,30737,EdwaTJ02,20749,5960,7.0,"https://static.www.nfl.com/image/upload/f_auto,q_auto/league/tqu3uz4nzkcq4crcepj3",EDW688767,48516,32004544-5768-8767-cb1e-50db2aafad56,2019.0,2019.0,
2026,NO,DL,DE,96.0,ACT,Carl Granderson,Carl,Granderson,1996-12-18,77,261,Wyoming,00-0035402,3918310,d9cf7aa3-71b1-4ef2-98c5-3db5d44b6f1e,32490,13784,48500,GranCa01,20776,5912,7.0,"https://static.www.nfl.com/image/upload/f_auto,q_auto/league/qubwfcjeareypbdlvwnb",GRA291153,48537,32004752-4129-1153-937d-d267ab3ff20d,2019.0,2019.0,
2026,DEN,WR,WR,,ACT,Lil'Jordan Humphrey,Lil'Jordan,Humphrey,1998-04-19,76,225,Texas,00-0035406,4039057,b7f930af-ddd2-4a48-9617-96bda81b0334,32494,13565,42247,HumpLi01,20816,5938,7.0,"https://static.www.nfl.com/image/upload/f_auto,q_auto/league/otxrvkflhixz9akhmfqq",HUM534685,48541,32004855-4d53-4685-a0a5-54fdf221bf83,2019.0,2019.0,
2026,BAL,LS,LS,46.0,ACT,Nick Moore,Nicholas,Moore,1992-12-09,74,260,Georgia,00-0035408,,,,,,,,,6.0,"https://static.www.nfl.com/image/upload/f_auto,q_auto/league/gxej703nnul1cl94qn04",MOO421259,48543,32004d4f-4f42-1259-aced-710282ca84f2,2020.0,2020.0,
2026,WAS,DL,DT,79.0,ACT,Shy Tuttle,Shyheim,Tuttle,1995-10-20,75,300,Tennessee,00-0035409,3886601,c8fb3887-c2bb-4038-af6f-f9b81aeee0ac,32497,14286,37279,TuttSh00,21422,6627,7.0,"https://static.www.nfl.com/image/upload/f_auto,q_auto/league/dbtt4xlpqoytpgiswgal",TUT703400,48544,32005455-5470-3400-6d15-44afb84d58b9,2019.0,2019.0,
2026,SF,LB,LB,51.0,ACT,Luke Gifford,Luke,Gifford,1995-08-28,75,242,Nebraska,00-0035413,3116097,bc8260d5-231f-4337-9979-7c1c40bc6cd0,32205,14068,50675,GiffLu00,21449,6612,7.0,"https://static.www.nfl.com/image/upload/f_auto,q_auto/league/zuskjpnniq2xwnao6tuk",GIF311467,48555,32004749-4631-1467-4b35-08a11fc9d22a,2019.0,2019.0,
2026,DET,WR,WR,8.0,ACT,Greg Dortch,Greg,Dortch,1998-05-29,67,175,Wake Forest,00-0035500,4037235,4484c7d1-025a-4f26-8e9b-48503afb0c68,32523,13469,42237,DortGr01,21071,5970,7.0,"https://static.www.nfl.com/image/upload/f_auto,q_auto/league/jt4lbkjxkkrw3f644sft",DOR793727,48646,3200444f-5279-3727-2597-c2d9a516585a,2019.0,2019.0,
2026,CHI,LB,LB,12.0,ACT,Devin Bush,Devin,Bush,1998-07-18,71,234,Michigan,00-0035525,4036261,ab5d4d72-fb1c-4aeb-887b-f6ca35f679bf,31842,13461,27375,BushDe01,21054,5843,7.0,"https://static.www.nfl.com/image/upload/f_auto,q_auto/league/pgpf5oeyel2jgsz2luaq",BUS231883,47793,32004255-5323-1883-1a34-05cf13caa3d4,2019.0,2019.0,PIT
2026,CLE,OL,C,74.0,ACT,Elgton Jenkins,Elgton,Jenkins,1995-12-26,77,311,Mississippi State,00-0035526,,,,,,,,,7.0,"https://static.www.nfl.com/image/upload/f_auto,q_auto/league/wrahpqtdvxipwmrepiyl",JEN117507,47827,32004a45-4e11-7507-3601-9c3adcefa1c1,2019.0,2019.0,GB
2026,NYG,WR,WR,18.0,ACT,Darius Slayton,Darius,Slayton,1997-01-12,73,198,Auburn,00-0035535,3916945,82ed30a5-54a8-4ed0-b040-99c3a78fb055,32003,13522,25578,SlayDa01,20943,6149,7.0,"https://static.www.nfl.com/image/upload/f_auto,q_auto/league/fyjkvaekv40jn72d0b3q",SLA500077,47954,3200534c-4150-0077-315f-47cff2877b23,2019.0,2019.0,NYG
2026,BUF,RB,RB,26.0,ACT,Ty Johnson,Ty,Johnson,1997-09-17,70,210,Maryland,00-0035537,3915411,96e6687b-2b89-4dd9-98df-6e7507cd82cf,32018,13587,45769,JohnTy02,20837,6039,7.0,"https://static.www.nfl.com/image/upload/f_auto,q_auto/league/hmnzcfm56ojey6myomjg",JOH000019,47969,32004a4f-4800-0019-d088-6a9e623c3c3d,2019.0,2019.0,DET
2026,TB,DB,DB,37.0,ACT,Kemon Hall,Kemon,Hall,1997-06-02,71,190,North Texas,00-0035542,4243831,9e82eb73-21f0-469a-ac85-b4fde70a6a4e,32542,14307,56123,HallKe01,21187,6254,7.0,"https://static.www.nfl.com/image/upload/f_auto,q_auto/league/bttfbfwzvxgoxcnmvqsx",HAL409771,48678,32004841-4c40-9771-8448-a68affc501e3,2019.0,2019.0,
2026,DET,WR,WR,85.0,ACT,Tom Kennedy,Tom,Kennedy,1996-07-29,70,195,Bryant,00-0035544,3126997,dc51b38c-dc82-44ee-a88b-764d681ce58a,32561,14246,94379,KennTo01,21556,6588,7.0,"https://static.www.nfl.com/image/upload/f_auto,q_auto/league/gvqhhlipkpytuu4lqnps",KEN614625,48680,32004b45-4e61-4625-196e-f7e64d34d984,2019.0,2019.0,
2026,CHI,OL,C,67.0,ACT,Garrett Bradbury,Garrett,Bradbury,1995-06-20,75,305,N.C. State,00-0035588,,,,,,,,,7.0,"https://static.www.nfl.com/image/upload/f_auto,q_auto/league/ww9iafyxzq6olacamaow",BRA092951,47801,32004252-4109-2951-18e8-697b9ff5297c,2019.0,2019.0,MIN
2026,PIT,RB,RB,21.0,ACT,Travis Homer,Travis,Homer,1998-08-07,70,202,Miami,00-0035594,4037457,4afb77d8-4564-469b-be4c-5a8587df8046,32036,13484,45859,HomeTr00,20810,6012,7.0,"https://static.www.nfl.com/image/upload/f_auto,q_auto/league/dyyclvfaagspov2ydf3i",HOM655558,47987,3200484f-4d65-5558-456b-7b9fa9f97090,2019.0,2019.0,SEA
2026,ATL,OL,G,63.0,ACT,Chris Lindstrom,Christopher,Lindstrom,1997-02-28,76,310,Boston College,00-0035630,,,,,,,,,7.0,"https://static.www.nfl.com/image/upload/f_auto,q_auto/league/siocu1rimlusd0x8ut1w",LIN451080,47797,32004c49-4e45-1080-da0b-72312551b1b2,2019.0,2019.0,ATL
2026,CIN,TE,TE,89.0,ACT,Drew Sample,Drew,Sample,1996-04-16,77,260,Washington,00-0035631,3127310,15a4f552-ecaf-45bd-9006-aa5dda93bee6,31884,13809,47259,SampDr00,20931,6001,7.0,"https://static.www.nfl.com/image/upload/f_auto,q_auto/league/dvq8fanrbrpfgf2j3kpm",SAM093961,47835,32005341-4d09-3961-4a51-98a97d3cf50f,2019.0,2019.0,CIN
2026,TEN,DB,SAF,37.0,ACT,Amani Hooker,Amani,Hooker,1998-06-14,71,210,Iowa,00-0035632,4036134,aac96096-362f-4254-952a-5b3b04472f19,31948,13550,51378,HookAm00,20811,5908,7.0,"https://static.www.nfl.com/image/upload/f_auto,q_auto/league/u9zrvmlfnvzmgttdcsn6",HOO289885,47899,3200484f-4f28-9885-74ca-b4eda13809f8,2019.0,2019.0,TEN
2026,DAL,DB,DB,36.0,ACT,Corey Ballentine,Corey,Ballentine,1996-04-13,72,191,Washburn,00-0035633,4411769,e3a4104a-ceba-4df2-b265-70843ecf1fb0,32012,13795,83833,BallCo00,21021,6283,7.0,"https://static.www.nfl.com/image/upload/f_auto,q_auto/league/p1pbz0j3iviqhqtltudy",BAL692329,47963,32004241-4c69-2329-7f6f-1def422cc400,2019.0,2019.0,NYG
2026,AZ,DL,DE,91.0,ACT,L.J. Collier,Lawrence,Collier,1995-09-12,74,300,TCU,00-0035636,3116449,9d546e3b-0eb3-4926-a5ef-eb5e48b9330e,31861,13751,48822,CollLJ00,21008,5861,7.0,"https://static.www.nfl.com/image/private/f_auto,q_auto/league/i39nt3smr30rgznvlal3",COL214397,47812,3200434f-4c21-4397-f757-46fb95d63f5e,2019.0,2019.0,SEA
2026,DET,DB,CB,23.0,ACT,Rock Ya-Sin,Abdurrahman,Ya-Sin,1996-05-23,71,195,Temple,00-0035637,3910229,bbeb74ae-87d4-417d-ba57-670391baf8ca,31866,13474,49564,Ya-SRo00,21001,6128,7.0,"https://static.www.nfl.com/image/upload/f_auto,q_auto/league/ezahxzran7e2ohnmtndh",YAS738004,47817,32005941-5373-8004-56ad-dcaf24317eb6,2019.0,2019.0,IND
2026,PIT,WR,WR,4.0,ACT,DK Metcalf,DeKaylin,Metcalf,1997-12-14,76,229,Mississippi,00-0035640,4047650,754faf0f-40f7-45f0-b23b-6ce990ecaf26,31896,13424,47864,MetcDK00,20875,5846,7.0,"https://static.www.nfl.com/image/upload/f_auto,q_auto/league/tknefloqsleltfmslj2y",MET363377,47847,32004d45-5436-3377-5806-d2746f1b94aa,2019.0,2019.0,SEA
2026,JAX,DL,DE,41.0,ACT,Josh Hines-Allen,Joshua,Hines-Allen,1997-07-13,77,255,Kentucky,00-0035642,3915239,dd7be5f3-c615-4621-92e1-2434519cb1f9,31839,13642,50235,AlleJo03,20737,5840,7.0,"https://static.www.nfl.com/image/upload/f_auto,q_auto/league/frooc3vy4adlwpkdnyks",ALL528759,47790,3200414c-4c52-8759-5d19-904fa0fc8823,2019.0,2019.0,JAX
2026,TEN,DL,DT,98.0,ACT,Jeffery Simmons,Jeffery,Simmons,1997-07-28,76,305,Mississippi State,00-0035643,4035369,dcbe3642-aa52-43e6-8f4c-4b9809377c4d,31851,13465,43742,SimmJe01,20940,6125,7.0,"https://static.www.nfl.com/image/upload/f_auto,q_auto/league/gi2z8wipg8w9vnxwbav0",SIM204336,47802,32005349-4d20-4336-493b-a309c446eb8f,2019.0,2019.0,TEN
2026,NO,TE,TE,87.0,ACT,Noah Fant,Noah,Fant,1997-11-20,76,249,Iowa,00-0035644,4036131,cdc98acc-9eb6-4b44-81bb-61d7b8a3b55f,31852,13426,42388,FantNo00,20753,5857,7.0,"https://static.www.nfl.com/image/upload/f_auto,q_auto/league/s4idwk38z6bin9lnnw9f",FAN405165,47803,32004641-4e40-5165-5070-db7e36dbc0d7,2019.0,2019.0,DEN
2026,NYG,WR,WR,80.0,RES,Gunner Olszewski,Gunner,Olszewski,1996-11-26,72,192,Bemidji State University,00-0035645,4424106,625a1777-dd9a-48c6-b512-c450b0914450,32612,14318,95015,OlszGu00,21601,6699,7.0,"https://static.www.nfl.com/image/upload/f_auto,q_auto/league/q6fs5e2eotgeh47xeo74",OLS746941,48988,32004f4c-5374-6941-75b1-22a2662014a2,2019.0,2019.0,
2026,CHI,DL,DE,98.0,ACT,Montez Sweat,Shaquan,Sweat,1996-09-04,78,270,Mississippi State; Copiah-Lincoln Junior College; Michigan State,00-0035647,3134690,e3601423-c3ac-4013-bbe9-3478e2b7e1dd,31858,13745,27271,SweaMo00,20956,6124,7.0,"https://static.www.nfl.com/image/upload/f_auto,q_auto/league/lmaq9dyixaolzxleqb5e",SWE034375,47809,32005357-4503-4375-fdbc-389a73a5ddc5,2019.0,2019.0,WAS
2026,WAS,DB,SAF,3.0,ACT,Will Harris,William,Harris,1995-12-19,73,207,Boston College,00-0035655,3915297,cae34950-dcb7-4021-ad21-0a8ae7cf47f1,31913,13805,51336,HarrWi02,20791,5920,7.0,"https://static.www.nfl.com/image/upload/f_auto,q_auto/league/u5dy7qow1rg8c8768koq",HAR000007,47864,32004841-5200-0007-18bb-de0956128b7a,2019.0,2019.0,DET
2026,WAS,WR,WR,17.0,ACT,Terry McLaurin,Terry,McLaurin,1995-09-15,72,210,Ohio State,00-0035659,3121422,7e8c4641-2beb-4213-ba22-69fe0307005f,31908,13536,48229,McLaTe00,20873,5927,7.0,"https://static.www.nfl.com/image/upload/f_auto,q_auto/league/wokz1etv1wj1vhbmvxgs",MCL278328,47859,32004d43-4c27-8328-8097-b130ba0e8060,2019.0,2019.0,WAS
2026,PHI,WR,WR,0.0,ACT,Marquise Brown,Marquise,Brown,1997-06-04,69,170,Oklahoma; College of the Canyons,00-0035662,4241372,feeee40a-dd63-41a7-89cd-6c95b5456833,31857,13502,61568,BrowMa04,21045,5848,7.0,"https://static.www.nfl.com/image/upload/f_auto,q_auto/league/ixuddegcphzmvjn4jq6r",BRO413218,47808,32004252-4f41-3218-bf76-54f4042e0396,2019.0,2019.0,BAL
2026,NO,OL,OT,76.0,ACT,David Edwards,David,Edwards,1997-03-20,78,308,Wisconsin,00-0035668,,,,,,,,,7.0,"https://static.www.nfl.com/image/upload/f_auto,q_auto/league/bqypawezfqwbjzic4qty",EDW337483,47952,32004544-5733-7483-3a0b-c9cc2e7a9e47,2019.0,2019.0,LA
2026,CAR,DB,SAF,21.0,ACT,Nick Scott,Nicholas,Scott,1995-05-17,71,200,Penn State,00-0035669,3116179,4d383922-53ab-48f8-bb8a-29176ea3ffbc,32075,13958,49012,ScotNi01,21131,6301,7.0,"https://static.www.nfl.com/image/upload/f_auto,q_auto/league/cjfueipnys7gl5bby6gc",SCO524293,48026,32005343-4f52-4293-1bc4-f00e04d118db,2019.0,2019.0,LA
2026,TEN,LB,LB,50.0,ACT,Cody Barton,Cody,Barton,1996-11-13,74,237,Utah,00-0035672,3926229,577dfac0-3f0b-45ee-afff-c851c6aebb1e,31920,13733,50727,BartCo00,21025,6065,7.0,"https://static.www.nfl.com/image/upload/f_auto,q_auto/league/wbbjzgrgoi4nbgyqmjcs",BAR763281,47871,32004241-5276-3281-9024-f13315a94333,2019.0,2019.0,SEA
2026,IND,DL,DT,94.0,ACT,Jerry Tillery,Jerry,Tillery,1996-10-08,78,295,Notre Dame,00-0035674,3863182,9da6119d-b135-4b90-9f9d-7d08ab00b15d,31860,13757,49949,TillJe00,20967,6129,7.0,"https://static.www.nfl.com/image/upload/f_auto,q_auto/league/hyof95ttrz9czoqaxac7",TIL189606,47811,32005449-4c18-9606-c437-604f05433c81,2019.0,2019.0,LAC
2026,NE,WR,WR,,ACT,A.J. Brown,Arthur,Brown,1997-06-30,73,226,Mississippi,00-0035676,4047646,a9e580f2-1fbe-46fb-887c-c84089b507e4,31883,13432,48327,BrowAJ00,21042,5859,7.0,"https://static.www.nfl.com/image/private/f_auto,q_auto/league/a014sgzctarbvhwb35lw",BRO413223,47834,32004252-4f41-3223-e4c5-1e30dffa87f8,2019.0,2019.0,TEN
2026,NE,DL,DE,5.0,ACT,Dre'Mont Jones,Dre'Mont,Jones,1997-01-05,75,268,Ohio State,00-0035678,3915525,92c8bc67-756d-4e3c-981c-3df010e15e2d,31903,13451,28075,JoneDr00,20842,5865,7.0,"https://static.www.nfl.com/image/upload/f_auto,q_auto/league/tfkjcyycf2wcwb87ddjw",JON263738,47854,32004a4f-4e26-3738-301d-a05e4abae41c,2019.0,2019.0,DEN
2026,BUF,OL,G,66.0,ACT,Connor McGovern,Connor,McGovern,1997-11-03,78,318,Penn State,00-0035679,,,,,,,,,7.0,"https://static.www.nfl.com/image/upload/f_auto,q_auto/league/ahtkw1j1fygkhnbzv5ax",MCG417420,47873,32004d43-4741-7420-d3a4-ecbbf78bc788,2019.0,2019.0,DAL
2026,CLE,LB,LB,5.0,ACT,Quincy Williams,Quincy,Williams,1996-08-28,71,230,Murray State,00-0035680,3110565,8227621d-ad2e-4dea-aef5-64d4f154adb2,31930,13982,49779,WillQu01,21109,6214,7.0,"https://static.www.nfl.com/image/upload/f_auto,q_auto/league/ukxxxlah4iappss0ro9e",WIL470092,47881,32005749-4c47-0092-50a9-30e26cc391c8,2019.0,2019.0,JAX
2026,CIN,DL,DT,97.0,ACT,Dexter Lawrence,Dexter,Lawrence,1997-11-12,77,350,Clemson,00-0035683,4035483,31bd7a4c-8eaf-4ea3-871c-b44420c804f8,31849,13568,25991,LawrDe03,20852,5847,7.0,"https://static.www.nfl.com/image/upload/f_auto,q_auto/league/t204hku4pnzartvixi2m",LAW288048,47800,32004c41-5728-8048-d62b-e09e0d1d71d6,2019.0,2019.0,NYG
2026,HOU,RB,RB,32.0,ACT,David Montgomery,David,Montgomery,1997-06-07,71,230,Iowa State,00-0035685,4035538,1c9e1cd5-8cb1-4a15-a2c8-3a0c0fd5423c,31905,13556,45719,MontDa01,20882,5892,7.0,"https://static.www.nfl.com/image/upload/f_auto,q_auto/league/xeb6fq4zimgkksq7uari",MON487374,47856,32004d4f-4e48-7374-a044-7fb197b6b501,2019.0,2019.0,CHI
2026,DEN,OL,C,,ACT,Michael Deiter,Michael,Deiter,1996-09-03,78,310,Wisconsin,00-0035686,,,,,,,,,7.0,"https://static.www.nfl.com/image/upload/f_auto,q_auto/league/rr4ex2fuppsjfwga6t4z",DEI137530,47861,32004445-4913-7530-3932-9da3d6c8f088,2019.0,2019.0,MIA
2026,LAC,OL,OT,79.0,ACT,Trey Pipkins,Trey,Pipkins,1996-09-05,78,307,Sioux Falls,00-0035688,,,,,,,,,7.0,"https://static.www.nfl.com/image/upload/f_auto,q_auto/league/nhze2mywnxrcmwyck0x4",PIP579461,47874,32005049-5057-9461-c1e8-051341a4a8d1,2019.0,2019.0,LAC
2026,BUF,TE,TE,88.0,ACT,Dawson Knox,Dawson,Knox,1996-11-14,76,254,Mississippi,00-0035689,3930086,5fb525c5-4e70-4ede-8c49-94ad0cf66b7d,31928,13466,35883,KnoxDa00,20850,5906,7.0,"https://static.www.nfl.com/image/upload/f_auto,q_auto/league/mswln16dmfhi7m7pzh7q",KNO490795,47879,32004b4e-4f49-0795-942a-0c363ee9b439,2019.0,2019.0,BUF
2026,JAX,OL,OT,55.0,ACT,Chuma Edoga,Chuma,Edoga,1997-05-25,76,315,USC,00-0035698,,,,,,,,,7.0,"https://static.www.nfl.com/image/upload/f_auto,q_auto/league/cjz3anx4ehf8eny1p11v",EDO337482,47875,32004544-4f33-7482-f251-ab502d650176,2019.0,2019.0,NYJ
2026,PIT,DB,CB,35.0,ACT,Jamel Dean,Jamel,Dean,1996-10-15,73,206,Auburn; Ohio State,00-0035699,3873935,278a0811-98b8-42d2-96e9-160b7f364ae0,31926,13483,34918,DeanJa00,21064,5946,7.0,"https://static.www.nfl.com/image/private/f_auto,q_auto/league/s0k1zs9nyl2cqsjwf5cs",DEA114360,47877,32004445-4111-4360-a36f-715884a085df,2019.0,2019.0,TB
2026,GB,RB,RB,8.0,ACT,Josh Jacobs,Joshua,Jacobs,1998-02-11,70,223,Alabama,00-0035700,4047365,61694ab9-b099-408e-b48d-6a643dd069ec,31856,13582,45953,JacoJo01,20824,5850,7.0,"https://static.www.nfl.com/image/upload/f_auto,q_auto/league/drtobqw2mk7yw3edjgwo",JAC734615,47807,32004a41-4373-4615-60ca-982d07046841,2019.0,2019.0,LV
2026,CIN,OL,G,66.0,ACT,Dalton Risner,Dalton,Risner,1995-07-13,77,312,Kansas State,00-0035702,,,,,,,,,7.0,"https://static.www.nfl.com/image/upload/f_auto,q_auto/league/zjxm9sjrgpebfesh1b0h",RIS447993,47824,32005249-5344-7993-8f0d-2bff7b149b04,2019.0,2019.0,DEN
2026,SEA,QB,QB,2.0,ACT,Drew Lock,Paul,Lock,1996-11-10,76,228,Missouri,00-0035704,3924327,94325301-e0ad-4a9f-a0e5-ffec0f529be3,31874,13736,39517,LockDr00,20859,5854,7.0,"https://static.www.nfl.com/image/upload/f_auto,q_auto/league/e0xz0hu8s0lpbwlr0bzj",LOC374482,47825,32004c4f-4337-4482-904c-a47f8df1d41b,2019.0,2019.0,DEN
2026,DAL,DB,DB,34.0,ACT,Jalen Thompson,Jalen,Thompson,1998-07-18,71,190,Washington State,00-0035705,4043089,56992f39-70e7-4b6a-86da-0a4776504e7a,32623,14330,49116,ThomJa04,21635,6711,7.0,"https://static.www.nfl.com/image/upload/f_auto,q_auto/league/gbb1sb2kkjlihuax2cud",THO580436,49410,32005448-4f58-0436-7201-bda0fa091308,2019.0,2019.0,ARI
2026,IND,QB,QB,17.0,ACT,Daniel Jones,Daniel,Jones,1997-05-27,77,230,Duke,00-0035710,3917792,0042266b-cb28-4012-bfd2-06650badad97,31838,13491,39395,JoneDa05,20841,5870,7.0,"https://static.www.nfl.com/image/upload/f_auto,q_auto/league/nhuiypfjzpkisxllinyv",JON165462,47789,32004a4f-4e16-5462-39a4-3b4fa743c66f,2019.0,2019.0,NYG
2026,NYG,LB,LB,0.0,ACT,Brian Burns,Brian,Burns,1998-04-23,77,250,Florida State,00-0035713,4035631,dbf199a9-542e-4279-8764-3341b9f80910,31848,13439,44522,BurnBr00,21052,5862,7.0,"https://static.www.nfl.com/image/upload/f_auto,q_auto/league/glmrmpqkmsc0jiyicmlg",BUR435186,47799,32004255-5243-5186-1599-e217b39cecc8,2019.0,2019.0,CAR
2026,SF,DL,DE,97.0,ACT,Nick Bosa,Nicholas,Bosa,1997-10-23,76,266,Ohio State,00-0035717,4040605,987c5e68-21d5-4bcb-a5f3-2e09cc512374,31834,13421,42741,BosaNi00,20713,5816,7.0,"https://static.www.nfl.com/image/upload/f_auto,q_auto/league/d41bo71xbojqb4picswi",BOS073285,47785,3200424f-5307-3285-8013-e0658c01933d,2019.0,2019.0,SF
2026,DAL,DL,DT,92.0,ACT,Quinnen Williams,Quinnen,Williams,1997-12-21,75,303,Alabama,00-0035718,4040982,b8e0fa49-1122-4e97-9fe2-d90f6b7cb444,31835,13584,44216,WillQu00,20989,6118,7.0,"https://static.www.nfl.com/image/upload/f_auto,q_auto/league/iag4dppbwkghvogebnpc",WIL132672,47786,32005749-4c13-2672-b05d-48fefa792d12,2019.0,2019.0,NYJ
2026,SF,OL,G,74.0,ACT,Brett Toth,Brett,Toth,1996-09-01,78,304,Army,00-0035743,,,,,,,,,7.0,"https://static.www.nfl.com/image/upload/f_auto,q_auto/league/zizzehbd7dm27rhfeu0d",TOT169395,47097,3200544f-5416-9395-9e76-e35c46db51e2,2019.0,2019.0,
2026,DEN,DL,DT,97.0,ACT,Malcolm Roach,Malcolm,Roach,1998-06-09,75,290,Texas,00-0035763,4039064,bb01a04e-0d54-4fc6-98c8-2b8614d07afe,33118,14726,50191,RoacMa01,21899,7018,6.0,"https://static.www.nfl.com/image/upload/f_auto,q_auto/league/oxcd8veodm7hkiualglu",ROA281802,52665,3200524f-4128-1802-95c9-837e5bfc0b74,2020.0,2020.0,
2026,DEN,OL,OT,76.0,ACT,Calvin Throckmorton,Calvin,Throckmorton,1996-08-16,77,311,Oregon,00-0035764,,,,,,,,,6.0,"https://static.www.nfl.com/image/upload/f_auto,q_auto/league/pz1qhivdpvz1lwl5aziw",THR420915,52666,32005448-5242-0915-5394-37402191af19,2020.0,2020.0,
2026,MIN,DB,CB,23.0,ACT,James Pierre,James,Pierre,1996-09-16,74,185,Florida Atlantic,00-0035795,4259252,6e0bbdc7-fa74-41d2-b3de-4eaa8e670f87,32939,14439,60649,PierJa01,22068,7419,6.0,"https://static.www.nfl.com/image/upload/f_auto,q_auto/league/zasdorlctouussgqzvwm",PIE568615,52697,32005049-4556-8615-e463-2015c1729e2f,2020.0,2020.0,
2026,SF,P,P,7.0,ACT,Corliss Waitman,Corliss,Waitman,1995-07-21,74,210,South Alabama,00-0035821,3125280,32b2d6f6-a636-4d73-927c-361c1aa809f5,32942,15012,39620,WaitCo00,22218,7215,6.0,"https://static.www.nfl.com/image/upload/f_auto,q_auto/league/ob1q154g57ksxc5iskbw",WAI672660,52723,32005741-4967-2660-f329-c5f5b1000c8c,2020.0,2020.0,
2026,JAX,LS,LS,46.0,ACT,Ross Matiscik,Ross,Matiscik,1996-09-13,72,240,Baylor,00-0035827,,,,,,,,,6.0,"https://static.www.nfl.com/image/upload/f_auto,q_auto/league/peerx3z23y51k34wfqps",MAT311216,52729,32004d41-5431-1216-15da-218deca7223e,2020.0,2020.0,
2026,SF,OL,OL,62.0,ACT,Austen Pleasants,Austen,Pleasants,1997-08-22,79,330,Ohio,00-0035829,,,,,,,,,6.0,"https://static.www.nfl.com/image/upload/f_auto,q_auto/league/qrc7z7ftin1tjdvhdd8q",PLE683631,52731,3200504c-4568-3631-c357-40b3f228b41d,2020.0,2020.0,
2026,LV,DL,DT,,ACT,Benito Jones,Benito,Jones,1997-11-27,73,335,Mississippi,00-0035841,4035299,e9746156-842c-475e-806d-4bcb26032e3b,33239,14715,44035,JoneBe03,21868,6999,6.0,"https://static.www.nfl.com/image/upload/f_auto,q_auto/league/mjruxqws2pnnpe4e0u2r",JON078068,52743,32004a4f-4e07-8068-1dcd-55aeb628d977,2020.0,2020.0,
2026,ATL,DL,DT,91.0,ACT,Chris Williams,Chris,Williams,1998-06-16,74,298,Wagner,00-0035857,4034530,a1be5d02-d5c4-42f6-8749-7ac2ff2a6f09,33220,15025,87178,WillCh08,22279,7283,6.0,"https://static.www.nfl.com/image/upload/f_auto,q_auto/league/bbjvbvpdww9kquh969zh",WIL186900,52759,32005749-4c18-6900-2d7a-32459237ff20,2020.0,2020.0,
2026,AZ,P,P,12.0,ACT,Blake Gillikin,Blake,Gillikin,1998-01-21,74,196,Penn State,00-0035859,4045180,53213f81-77ad-48d0-9d42-00e3633b0e90,33112,14868,45045,GillBl00,22442,7467,6.0,"https://static.www.nfl.com/image/upload/f_auto,q_auto/league/idkikmdoy9mz7fw2dgl0",GIL272181,52761,32004749-4c27-2181-1ded-dd496483a40d,2020.0,2020.0,
2026,TEN,P,P,3.0,ACT,Tommy Townsend,Tommy,Townsend,1996-11-12,73,191,Florida,00-0035889,3915398,edfc712a-54f7-4c34-a838-c50c14dbf7dc,32960,14574,33007,TownTo01,22300,7307,6.0,"https://static.www.nfl.com/image/upload/f_auto,q_auto/league/ct2iphnvz4vl1tdy5wym",TOW774004,52791,3200544f-5777-4004-6a3d-849812aa5a32,2020.0,2020.0,
2026,CAR,DL,DE,98.0,ACT,Tershawn Wharton,Tershawn,Wharton,1998-06-25,73,280,Missouri-Rolla,00-0035890,4058925,632a8382-27d6-45ae-b3d2-a37157e09ab7,32952,15077,40292,WharTe00,22295,7301,6.0,"https://static.www.nfl.com/image/upload/f_auto,q_auto/league/mj9xqaj2jvv5unjgxomd",WHA652597,52792,32005748-4165-2597-7e56-c95ad40cb5e9,2020.0,2020.0,
2026,SEA,WR,WR,82.0,ACT,Cody White,Cody,White,1998-11-28,75,227,Michigan State,00-0035891,4241983,d25a19a7-7de6-4476-b42a-833c8c3cb208,32948,14495,61448,,21964,7039,6.0,"https://static.www.nfl.com/image/upload/f_auto,q_auto/league/tt9wl5yecg6zcnfnledb",WHI144160,52793,32005748-4914-4160-9964-e514adfb9bc8,2020.0,2020.0,
2026,DET,LB,LB,35.0,ACT,Joe Bachie,Joe,Bachie,1998-02-26,74,231,Michigan State,00-0035895,4036507,c44bdac4-0732-4f94-8bae-df47ecec5656,33108,14735,43250,BachJo01,21913,7014,6.0,"https://static.www.nfl.com/image/upload/f_auto,q_auto/league/jystq5jdj84wi0pwqzbi",BAC270111,52797,32004241-4327-0111-97d1-5cf69e400f71,2020.0,2020.0,
2026,KC,LB,LB,48.0,ACT,Cole Christiansen,Cole,Christiansen,1997-07-30,73,230,Army,00-0035900,4036959,ae372a9d-6f85-4e37-a910-47fd77483ebc,32977,15080,43856,ChriCo00,22321,7329,6.0,"https://static.www.nfl.com/image/upload/f_auto,q_auto/league/nrj9fpwkb4zt9jh2yjp9",CHR366354,52802,32004348-5236-6354-c8ce-2c8fe7b2564d,2020.0,2020.0,
2026,BUF,LB,LB,55.0,ACT,Michael Hoecht,Michael,Hoecht,1997-10-05,76,264,Brown,00-0035933,4033234,073d1bf8-7a0e-4c2f-b890-dbbd47978737,33252,15087,108840,HoecMi00,22330,7342,6.0,"https://static.www.nfl.com/image/upload/f_auto,q_auto/league/zpg40jv0kwikhxtmcfsi",HOE044723,52835,3200484f-4504-4723-13bf-fb6f90a44f74,2020.0,2020.0,
2026,TB,LB,LB,52.0,ACT,Christian Rozeboom,Christian,Rozeboom,1997-01-30,74,230,South Dakota State,00-0035942,3909013,49abd11f-fe2b-4d15-99ed-f316d2ec67e1,33261,15090,49862,RozeCh00,22334,7346,6.0,"https://static.www.nfl.com/image/upload/f_auto,q_auto/league/kobbnik0wg5amqr1imnr",ROZ049834,52844,3200524f-5a04-9834-196a-747537daff33,2020.0,2020.0,
2026,AZ,DL,DE,92.0,ACT,Jonah Williams,Jonah,Williams,1995-08-17,77,290,Weber State,00-0035944,4032481,d92a275a-a102-4768-965b-60fffe155288,33263,14980,44597,WillJo10,22332,7344,6.0,"https://static.www.nfl.com/image/upload/f_auto,q_auto/league/d5yxodbic254mvmcqvel",WIL385174,52846,32005749-4c38-5174-f257-0dbf37fd035c,2020.0,2020.0,CIN
2026,DET,DL,DT,66.0,ACT,Myles Adams,Myles,Adams,1998-03-09,74,299,Rice,00-0035946,4039164,e6d6138f-1081-457b-9d89-dc9cd0ab9598,33131,14965,28430,AdamMy00,22224,7222,6.0,"https://static.www.nfl.com/image/upload/f_auto,q_auto/league/f11lhmyjrovmo0mdp5wa",ADA519905,52848,32004144-4151-9905-70d2-92877257b064,2020.0,2020.0,
2026,SF,RB,RB,32.0,ACT,Patrick Taylor,Patrick,Taylor,1998-04-29,73,217,Memphis,00-0035973,4039358,ef87e355-8e0c-40ed-a85d-bca4896d4f1e,33235,14573,40448,TaylPa01,21823,6963,6.0,"https://static.www.nfl.com/image/upload/f_auto,q_auto/league/nd1utxii5exwfoujq5a4",TAY610553,52875,32005441-5961-0553-917c-3a56e5a4c26c,2020.0,2020.0,
2026,CAR,WR,WR,88.0,ACT,Dan Chisena,Daniel,Chisena,1997-02-25,75,202,Penn State,00-0035976,3929637,92529995-41e9-48db-b429-c96540ad357b,33023,14889,34061,ChisDa00,22345,7357,6.0,"https://static.www.nfl.com/image/upload/f_auto,q_auto/league/ajn5xdsfu4tn4mohmlg3",CHI740772,52878,32004348-4974-0772-c54b-516781f1edea,2020.0,2020.0,
2026,JAX,OL,C,,ACT,Trystan Colon,Trystan,Colon,1998-03-23,75,317,Missouri,00-0035992,,,,,,,,,6.0,"https://static.www.nfl.com/image/upload/f_auto,q_auto/league/qbh3ipmfn5vfxd8a3cis",COL747687,52894,3200434f-4c74-7687-5343-cc39a681538c,2020.0,2020.0,
2026,BAL,QB,QB,5.0,ACT,Tyler Huntley,Tyler,Huntley,1998-02-03,73,204,Utah,00-0035993,4035671,7c226f73-a59f-4db6-ad98-2766d05d4d5a,32993,14563,46448,HuntTy01,21810,7083,6.0,"https://static.www.nfl.com/image/upload/f_auto,q_auto/league/zqrzxwprqfsh4t4aa8lk",HUN827417,52895,32004855-4e82-7417-d100-b3300558f77d,2020.0,2020.0,
2026,WAS,OL,G,61.0,ACT,Julian Good-Jones,Julian,Good-Jones,1997-03-02,77,313,Iowa State,00-0035997,,,,,,,,,3.0,"https://static.www.nfl.com/image/upload/f_auto,q_auto/league/qbhzd9dtryc7mwdbgwgs",GOO274998,52899,3200474f-4f27-4998-29ea-98f8250307c9,2023.0,2023.0,
2026,CHI,RB,RB,36.0,ACT,Salvon Ahmed,Salvon,Ahmed,1998-12-29,71,197,Washington,00-0036020,4243315,0dbbd211-0372-4751-9751-e4df4ab1f8eb,33265,14453,57472,AhmeSa01,21843,6918,6.0,"https://static.www.nfl.com/image/upload/f_auto,q_auto/league/pwpbwvqv5nslmayu2aob",AHM088990,52922,32004148-4d08-8990-8df4-f46ca7aff75b,2020.0,2020.0,
2026,IND,TE,TE,49.0,ACT,Sean McKeon,Sean,McKeon,1997-12-28,77,255,Michigan,00-0036032,4036275,0f369885-8ecd-4ca0-a3dc-df8530a0db6e,33101,14478,42266,McKeSe01,21781,6964,6.0,"https://static.www.nfl.com/image/upload/f_auto,q_auto/league/vtkdheedmwcb2sjunayt",MCK347771,52934,32004d43-4b34-7771-1f47-b2b98c9a4c48,2020.0,2020.0,
2026,DAL,OL,OT,78.0,ACT,Terence Steele,Terence,Steele,1997-06-04,78,310,Texas Tech,00-0036036,,,,,,,,,6.0,"https://static.www.nfl.com/image/upload/f_auto,q_auto/league/ezmoh6joqsserp3ogcqc",STE068762,52938,32005354-4506-8762-2112-8a35d38bedbd,2020.0,2020.0,
2026,BUF,DB,SAF,28.0,ACT,Sam Franklin Jr.,Samuel,Franklin,1996-02-02,75,210,Temple,00-0036037,4044133,3b1bb0da-607a-4502-8855-8ab5095334da,33137,14931,43580,FranSa00,22226,7224,6.0,"https://static.www.nfl.com/image/upload/f_auto,q_auto/league/djoisg0rjwm8t8dlskvn",FRA535794,52939,32004652-4153-5794-c210-ab205b290b14,2020.0,2020.0,
2026,NO,TE,TE,83.0,ACT,Juwan Johnson,Juwan,Johnson,1996-09-13,76,231,Oregon; Penn State,00-0036040,3929645,0226b03b-f91d-4223-9813-9fcd2e9c3acc,33113,14630,28305,JohnJu02,21738,7002,6.0,"https://static.www.nfl.com/image/upload/f_auto,q_auto/league/wuyyzdqkh5fve8t7kfuv",JOH398789,52942,32004a4f-4839-8789-b667-8ea48cd31497,2020.0,2020.0,
2026,BAL,DL,DT,96.0,ACT,Broderick Washington,Broderick,Washington,1996-12-04,74,314,Texas Tech,00-0036081,3915837,6f695364-f31f-420d-8baa-434539e2b12d,32840,14720,50049,WashBr01,21886,7122,6.0,"https://static.www.nfl.com/image/upload/f_auto,q_auto/league/p5tkzkh6v2hda70lwojk",WAS067340,52578,32005741-5306-7340-c5e9-c148d07dd20b,2020.0,2020.0,BAL
2026,ATL,LS,LS,49.0,ACT,Liam McCullough,Liam,McCullough,1997-06-05,74,245,Ohio State,00-0036082,,,,,,,,,4.0,"https://static.www.nfl.com/image/upload/f_auto,q_auto/league/ahq1mizgl4hoqdfuytlu",MCC769873,52986,32004d43-4376-9873-8228-cd33f90cba27,2022.0,2022.0,
2026,CLE,DB,CB,27.0,ACT,Myles Bryant,Myles,Bryant,1998-01-02,69,192,Washington,00-0036087,4039010,7a51270b-cbdf-451e-a9e7-0f0b23435dd0,33319,14703,43336,BryaMy01,22047,6946,6.0,"https://static.www.nfl.com/image/upload/f_auto,q_auto/league/mslszzwcbmt6hafvvu7r",BRY504679,52991,32004252-5950-4679-6cd2-c49b21a2a5cd,2020.0,2020.0,
2026,DAL,OL,G,61.0,ACT,Nick Leverett,Nicholas,Leverett,1997-11-11,76,310,Rice; North Carolina Central,00-0036105,,,,,,,,,6.0,"https://static.www.nfl.com/image/upload/f_auto,q_auto/league/mm4gx4zriitdroyicczo",LEV452663,53009,32004c45-5645-2663-e7d4-fa7e1dfad7ee,2020.0,2020.0,
2026,MIA,DB,CB,24.0,ACT,A.J. Green,Alvin,Green,1998-06-09,74,198,Oklahoma State,00-0036114,4038437,07dbf3ec-0d6b-42f1-a2e8-7dd437339417,33306,14716,50394,GreeAJ00,22046,6876,6.0,"https://static.www.nfl.com/image/upload/f_auto,q_auto/league/lacmlfcdn7rcfdxkfkfp",GRE036393,53018,32004752-4503-6393-4770-063e2747ebd8,2020.0,2020.0,
2026,ATL,OL,OT,67.0,ACT,Brandon Walton,Brandon,Walton,1998-03-18,77,300,Florida Atlantic,00-0036123,,,,,,,,,6.0,"https://static.www.nfl.com/image/upload/f_auto,q_auto/league/lc7g4r7lftzp99vwtvqv",WAL756673,53027,32005741-4c75-6673-f5d5-9efb0ae705fe,2020.0,2020.0,
2026,DET,DB,CB,30.0,ACT,Khalil Dorsey,Khalil,Dorsey,1998-03-31,68,188,Northern Arizona,00-0036124,4027919,e8b1322a-6162-4535-b6af-4ca60ce8b09c,33012,15137,27819,DorsKh00,22202,7200,6.0,"https://static.www.nfl.com/image/upload/f_auto,q_auto/league/wmeizkmh4vdsbkf4uclw",DOR666740,53028,3200444f-5266-6740-7b4b-7581ef8c336b,2020.0,2020.0,
2026,BAL,DL,DT,92.0,ACT,Nnamdi Madubuike,Justin,Madubuike,1997-11-17,75,305,Texas A&M,00-0036130,4035245,904f702b-e8b1-4fef-a4a0-278d18cc15e3,32741,14380,44304,MaduJu00,21900,6818,6.0,"https://static.www.nfl.com/image/upload/f_auto,q_auto/league/zvqf4b2ks5pwfkzynt5d",MAD784440,52479,32004d41-4478-4440-1c19-b2c73b1dfc59,2020.0,2020.0,BAL
2026,TB,OL,G,68.0,ACT,Ben Bredeson,Ben,Bredeson,1998-02-20,77,315,Michigan,00-0036132,,,,,,,,,6.0,"https://static.www.nfl.com/image/upload/f_auto,q_auto/league/i5wt8frcymm1gjbwhlzy",BRE054642,52551,32004252-4505-4642-6b12-aa127a40c235,2020.0,2020.0,BAL
2026,PIT,RB,RB,13.0,ACT,Rico Dowdle,Rico,Dowdle,1998-06-14,72,215,South Carolina,00-0036139,4038815,bba755a2-63b6-4ac1-b806-0609816135de,33100,14657,40693,DowdRi01,21952,7021,6.0,"https://static.www.nfl.com/image/upload/f_auto,q_auto/league/cvnrzndsiaojvvxz8vo5",DOW329751,53041,3200444f-5732-9751-c08c-8032929e63eb,2020.0,2020.0,
2026,WAS,TE,TE,89.0,ACT,Lawrence Cager,Lawrence,Cager,1997-08-20,77,220,Georgia; Miami,00-0036145,3917849,2f2181f8-cb0a-42e4-9468-17f5f5a219cc,33329,14597,34914,CageLa01,21728,7106,6.0,"https://static.www.nfl.com/image/upload/f_auto,q_auto/league/lis9ecqrpdhiqeh7dua5",CAG158115,53047,32004341-4715-8115-bb5b-4a6b80b34c60,2020.0,2020.0,
2026,GB,LB,LB,54.0,ACT,Kristian Welch,Kristian,Welch,1998-05-24,75,240,Iowa,00-0036157,4036153,0782b3a2-9693-40f6-aff2-a21bc8fa4c5d,33005,15141,51283,WelcKr00,22199,7197,6.0,"https://static.www.nfl.com/image/upload/f_auto,q_auto/league/ctdrib67gqytr9v2bnpn",WEL116744,53059,32005745-4c11-6744-5e96-0d6cce8c69e2,2020.0,2020.0,
2026,DEN,RB,RB,27.0,ACT,J.K. Dobbins,J.K.,Dobbins,1998-12-17,70,212,Ohio State,00-0036158,4241985,a57b9914-4315-4295-98b4-9b348c52d6a1,32725,14418,57366,DobbJK00,21674,6806,6.0,"https://static.www.nfl.com/image/upload/f_auto,q_auto/league/cevotvl3ho5h1mioruyg",DOB207645,52463,3200444f-4220-7645-7ee7-94f57d3eed4f,2020.0,2020.0,BAL
2026,MIA,LB,LB,9.0,ACT,Joshua Uche,Joshua,Uche,1998-09-18,75,226,Michigan,00-0036159,4046528,8738c2cc-4ac6-4288-922d-ce4590d9af42,32730,14477,27379,UcheJo00,21889,6921,6.0,"https://static.www.nfl.com/image/upload/f_auto,q_auto/league/t7ahfah5ks9tispkebd5",UCH415291,52468,32005543-4841-5291-3f1b-884a013e452e,2020.0,2020.0,NE
2026,BUF,K,K,16.0,ACT,Tyler Bass,Tyler,Bass,1997-02-14,70,183,Georgia Southern,00-0036162,3917232,bfccbff4-bc01-41ed-aa11-be976160504c,32858,14609,33010,BassTy00,22108,7042,6.0,"https://static.www.nfl.com/image/upload/f_auto,q_auto/league/zqfia1sgrigi3son5fkw",BAS555802,52596,32004241-5355-5802-e27b-153ecc1a567e,2020.0,2020.0,BUF
2026,NYG,WR,WR,89.0,ACT,Isaiah Hodgins,Isaiah,Hodgins,1998-10-21,75,201,Oregon State,00-0036165,4242540,1d1c217b-6407-40d7-aebb-ba95fa05d127,32877,14356,52130,HodgIs00,21760,6920,6.0,"https://static.www.nfl.com/image/upload/f_auto,q_auto/league/d6ezyptfnmmxgm8rykf4",HOD537222,52615,3200484f-4453-7222-c7f0-678f7be73ebc,2020.0,2020.0,BUF
2026,JAX,DB,CB,,ACT,Dane Jackson,Dane,Jackson,1996-11-29,71,180,Pittsburgh,00-0036166,3895791,089763ae-208d-4ad9-bb30-c97c0fcfdcd1,32909,14549,32989,JackDa02,22060,6969,6.0,"https://static.www.nfl.com/image/upload/f_auto,q_auto/league/pd5hj8idoykjrnwurduz",JAC118718,52647,32004a41-4311-8718-7ddd-1f735d6a472a,2020.0,2020.0,BUF
2026,MIA,OL,C,55.0,ACT,Aaron Brewer,Aaron,Brewer,1997-10-28,73,295,Texas State-San Marcos,00-0036171,,,,,,,,,6.0,"https://static.www.nfl.com/image/upload/f_auto,q_auto/league/acczyg9uo4jbervsjb4o",BRE606310,53063,32004252-4560-6310-2786-1365a7a85628,2020.0,2020.0,
2026,TEN,WR,WR,12.0,ACT,Mason Kinsey,Mason,Kinsey,1998-08-29,71,200,Berry College,00-0036176,4057082,4d14a6cd-273f-4cf4-aac0-7fe041b6c650,33351,14858,115664,KinsMa00,22415,7436,6.0,"https://static.www.nfl.com/image/upload/f_auto,q_auto/league/hbslm9pimpxgoeti32jf",KIN802869,53068,32004b49-4e80-2869-31cb-50b13273c8fe,2020.0,2020.0,
2026,LAC,DL,DT,93.0,ACT,Teair Tart,Teair,Tart,1997-02-28,74,315,Florida International,00-0036181,4374269,a78206af-6d78-4b4c-90e3-dc4bd62ac80b,33347,14985,82261,TartTe00,22422,7443,6.0,"https://static.www.nfl.com/image/upload/f_auto,q_auto/league/arx3xgdgct71ljt18bqa",TAR666268,53073,32005441-5266-6268-2109-6f339c5c6c53,2020.0,2020.0,
2026,IND,WR,WR,12.0,ACT,Nick Westbrook-Ikhine,Nick,Westbrook-Ikhine,1997-03-21,74,211,Indiana,00-0036182,3929785,5e63e674-adf3-4f4e-929e-4a0ff2cfb1df,33348,14750,47861,WestNi00,21734,7496,6.0,"https://static.www.nfl.com/image/upload/f_auto,q_auto/league/plgwfjcbl5quoi2jrass",WES567220,53074,32005745-5356-7220-67cc-7d57ec5c5725,2020.0,2020.0,
2026,NE,RB,RB,44.0,ACT,Reggie Gilliam,Reggie,Gilliam,1997-08-20,73,255,Toledo,00-0036187,4039505,4475bb8a-b5a6-4527-bfc7-8e7e03900984,33357,14844,40951,GillRe00,22206,7204,6.0,"https://static.www.nfl.com/image/upload/f_auto,q_auto/league/nizwldzesen1vg31inu1",GIL562234,53079,32004749-4c56-2234-f239-17e8e6a78cfb,2020.0,2020.0,
2026,NO,LB,LB,54.0,ACT,Anfernee Jennings,Anfernee,Jennings,1997-05-01,75,255,Alabama,00-0036193,3925350,56692800-dd44-4b82-a988-398314845fd9,32757,14742,25449,JennAn00,21898,6848,6.0,"https://static.www.nfl.com/image/upload/f_auto,q_auto/league/dzstvcdjsmn7imc1eabs",JEN457643,52495,32004a45-4e45-7643-aa15-10fa6baa34c7,2020.0,2020.0,NE
2026,MIA,OL,OT,67.0,ACT,Charlie Heck,Charlie,Heck,1996-11-20,80,311,North Carolina,00-0036195,,,,,,,,,6.0,"https://static.www.nfl.com/image/upload/f_auto,q_auto/league/yfjfvnswxtkpiqqv3b16",HEC157579,52534,32004845-4315-7579-cc7c-c4b25609c704,2020.0,2020.0,HOU
2026,NE,OL,G,71.0,ACT,Mike Onwenu,Michael,Onwenu,1997-12-10,75,350,Michigan,00-0036198,,,,,,,,,6.0,"https://static.www.nfl.com/image/upload/f_auto,q_auto/league/l8gnydhcpahpd20mqqlh",ONW415291,52590,32004f4e-5741-5291-a74a-040f32c558e0,2020.0,2020.0,NE
2026,BUF,DB,SAF,25.0,ACT,Geno Stone,Geno,Stone,1999-04-19,71,207,Iowa,00-0036199,4240575,95f3b8ac-e10f-4f0d-8650-b464b37ded86,32889,14474,55967,StonGe00,21931,6923,6.0,"https://static.www.nfl.com/image/upload/f_auto,q_auto/league/upbrq8aqe7yff3pn8a69",STO396630,52627,32005354-4f39-6630-4d73-2328fd2eb451,2020.0,2020.0,BAL
2026,ATL,DL,DE,94.0,ACT,LaCale London,LaCale,London,1997-08-05,75,297,Western Illinois,00-0036204,4376288,f3adad78-ada5-4ded-bb47-cbf8518f7bba,33175,15052,87179,LondLa00,22232,7231,6.0,"https://static.www.nfl.com/image/upload/f_auto,q_auto/league/cbkqmopy7d6b20m7nu2d",LON014708,53087,32004c4f-4e01-4708-990f-d62bf46aed72,2020.0,2020.0,
2026,ATL,QB,QB,1.0,ACT,Tua Tagovailoa,Tuanigamanuolepola,Tagovailoa,1998-03-02,73,225,Alabama,00-0036212,4241479,26ad9c27-de38-495e-913c-6fb2428e76d3,32675,14465,60326,TagoTu00,21677,6768,6.0,"https://static.www.nfl.com/image/upload/f_auto,q_auto/league/ktqj3s5vofexl2dwrrp4",TAG620344,52413,32005441-4762-0344-3a46-269f5e5e854e,2020.0,2020.0,MIA
2026,CLE,OL,G,69.0,ACT,Tyre Phillips,Tyre,Phillips,1997-01-29,77,330,Mississippi State; East Mississippi JC,00-0036214,,,,,,,,,6.0,"https://static.www.nfl.com/image/upload/f_auto,q_auto/league/hec0e1icue2tbkhvseg3",PHI657661,52514,32005048-4965-7661-7c59-fd64f666d20f,2020.0,2020.0,BAL
2026,BAL,OL,G,63.0,ACT,Danny Pinter,Danny,Pinter,1996-06-19,76,306,Ball State,00-0036215,,,,,,,,,6.0,"https://static.www.nfl.com/image/upload/f_auto,q_auto/league/g27drkb8qnnkixez0wbl",PIN822310,52557,32005049-4e82-2310-34ae-931c132fa606,2020.0,2020.0,IND
2026,CAR,DL,DT,95.0,ACT,Derrick Brown,Derrick,Brown,1998-04-15,77,320,Auburn,00-0036220,4035495,9c8292c7-b406-4a31-a781-7c72aac6b053,32677,13852,43883,BrowDe05,22085,6784,6.0,"https://static.www.nfl.com/image/upload/f_auto,q_auto/league/nneryzn7ehs21yeed5ny",BRO393541,52415,32004252-4f39-3541-fadb-33b669a1b580,2020.0,2020.0,CAR
2026,DEN,DB,SAF,22.0,ACT,Brandon Jones,Brandon,Jones,1998-04-02,73,191,Texas,00-0036221,4039059,f0c60c6e-513b-40df-9794-d555ed59202f,32740,14696,43049,JoneBr06,21927,6911,6.0,"https://static.www.nfl.com/image/upload/f_auto,q_auto/league/qcgihmzgbq4osnqywbng",JON102151,52478,32004a4f-4e10-2151-1cf9-666515191aa5,2020.0,2020.0,MIA
2026,MIN,DB,CB,2.0,ACT,Isaiah Rodgers,Isaiah,Rodgers,1998-01-07,70,180,UMass Amherst,00-0036222,4044540,72100db3-2daa-4c17-aaa8-6c2c52bea5f3,32881,14828,27069,RodgIs00,22139,7133,6.0,"https://static.www.nfl.com/image/upload/f_auto,q_auto/league/uekaq7hovbb6iz95phej",ROD368010,52619,3200524f-4436-8010-e65e-c67817074ab0,2020.0,2020.0,IND
2026,IND,RB,RB,28.0,ACT,Jonathan Taylor,Jonathan,Taylor,1999-01-19,70,226,Wisconsin,00-0036223,4242335,925195a4-06ba-4e37-ae7d-a3d6a5419139,32711,14455,57488,TaylJo02,21682,6813,6.0,"https://static.www.nfl.com/image/upload/f_auto,q_auto/league/uwmnrhwtwug0wrgkomjk",TAY431618,52449,32005441-5943-1618-c081-5dd6b2d0b829,2020.0,2020.0,IND
2026,PHI,LB,LB,52.0,ACT,Jonathan Greenard,Jonathan,Greenard,1997-05-25,75,263,Florida; Louisville,00-0036224,3916409,bc69c92c-58ff-44b2-a18b-07a08ee78dc6,32760,14550,48407,GreeJo04,21879,6900,6.0,"https://static.www.nfl.com/image/upload/f_auto,q_auto/league/z49ugsnmbfkldervsiws",GRE397948,52498,32004752-4539-7948-6c85-f4afd61fadd6,2020.0,2020.0,HOU
2026,CIN,DB,SAF,29.0,ACT,Kyle Dugger,Kyle,Dugger,1996-03-22,73,216,Lenoir Rhyne,00-0036231,4401811,1d8d5c04-15e7-4346-9d1f-f128e4df3adb,32710,14542,90621,DuggKy00,21926,6872,6.0,"https://static.www.nfl.com/image/upload/f_auto,q_auto/league/jqbpdmdm5kvw8qq6qeoe",DUG674843,52445,32004455-4767-4843-b362-237ddcf75c1b,2020.0,2020.0,NE
2026,SEA,TE,TE,46.0,ACT,Harrison Bryant,Harrison,Bryant,1998-04-23,77,242,Florida Atlantic,00-0036232,4040774,f58a5899-8b78-46e8-a29a-ba6273b7d872,32785,14576,26394,BryaHa00,21783,6850,6.0,"https://static.www.nfl.com/image/upload/f_auto,q_auto/league/gmguayurr96nolimwmyn",BRY363372,52523,32004252-5936-3372-c05e-d19e0eddbf05,2020.0,2020.0,CLE
2026,LA,DL,DT,52.0,ACT,Larrell Murchison,Larrell,Murchison,1997-04-24,74,295,N.C. State; Louisburg,00-0036237,4240123,ff0950aa-357f-47b4-b4dd-d4374413ffc1,32844,14718,57004,MurcLa00,21880,6887,6.0,"https://static.www.nfl.com/image/upload/f_auto,q_auto/league/b0h5qpz02cuycf85isw4",MUR050645,52582,32004d55-5205-0645-8ac2-0c9cf311ff55,2020.0,2020.0,TEN
2026,CHI,DL,DE,52.0,ACT,Jonathan Garvin,Jonathan,Garvin,1999-07-28,76,257,Miami,00-0036239,4240655,586bc34d-f368-4d82-96b1-816d08fa2837,32912,14365,56703,GarvJo00,21906,6965,6.0,"https://static.www.nfl.com/image/upload/f_auto,q_auto/league/ncbzavmy4ewcxisvqvwq",GAR731639,52650,32004741-5273-1639-14f1-ac687272b120,2020.0,2020.0,GB
2026,LA,TE,TE,84.0,ACT,Colby Parkinson,Colby,Parkinson,1999-01-07,79,265,Stanford,00-0036244,4242557,1ea7affb-e5e7-491a-aaa3-55e200b2eb48,32803,14463,52266,ParkCo02,21807,6865,6.0,"https://static.www.nfl.com/image/upload/f_auto,q_auto/league/b1qzivnz0zqa8cjgah8r",PAR483746,52541,32005041-5248-3746-b5fb-ae737ddd1142,2020.0,2020.0,SEA
2026,NYG,OL,G,76.0,ACT,Jon Runyan,Jon,Runyan,1997-08-08,76,307,Michigan,00-0036246,,,,,,,,,6.0,"https://static.www.nfl.com/image/upload/f_auto,q_auto/league/kauh0olqkhebxe8gf1if",RUN665243,52600,32005255-4e66-5243-5999-ba8f8f093175,2020.0,2020.0,GB
2026,MIA,OL,OT,73.0,ACT,Austin Jackson,Austin,Jackson,1999-08-11,77,310,USC,00-0036248,,,,,,,,,6.0,"https://static.www.nfl.com/image/upload/f_auto,q_auto/league/rc3dp8zdfrgfxxfij96t",JAC041754,52426,32004a41-4304-1754-a4d4-5902e423feaa,2020.0,2020.0,MIA
2026,CLE,DL,DE,99.0,ACT,Julian Okwara,Julian,Okwara,1997-12-27,76,250,Notre Dame,00-0036249,4046690,e91734d9-8e7d-4e55-9027-e7c338cc809a,32737,14448,44152,OkwaJu00,21887,6851,6.0,"https://static.www.nfl.com/image/upload/f_auto,q_auto/league/bneqayiahajlquy1dxcc",OKW029663,52475,32004f4b-5702-9663-85a0-2051a10bc13c,2020.0,2020.0,DET
2026,PIT,WR,WR,11.0,ACT,Michael Pittman,Michael,Pittman,1997-10-05,76,223,USC,00-0036252,4035687,1aefd5e2-1f85-471a-91a5-4aad4cf6fe6d,32704,14378,29049,PittMi01,21744,6819,6.0,"https://static.www.nfl.com/image/upload/f_auto,q_auto/league/z78xpye9hing1e7wke8b",PIT228050,52442,32005049-5422-8050-a8f8-f5210135a4b3,2020.0,2020.0,IND
2026,NO,DB,SAF,23.0,ACT,Julian Blackmon,Julian,Blackmon,1998-08-24,72,202,Utah,00-0036253,4035661,c2ec4712-147c-49b1-b6ec-fdb298913080,32755,14704,49434,BlacJu01,22109,7044,6.0,"https://static.www.nfl.com/image/upload/f_auto,q_auto/league/n0wfy5rqjhlshhn0kaqk",BLA283027,52493,3200424c-4128-3027-fdc4-2c27128f84f7,2020.0,2020.0,IND
2026,SF,OL,OT,68.0,ACT,Colton McKivitz,Colton,McKivitz,1996-08-09,78,301,West Virginia,00-0036256,,,,,,,,,6.0,"https://static.www.nfl.com/image/upload/f_auto,q_auto/league/ljxuxdusiz3j2raspwst",MCK697746,52561,32004d43-4b69-7746-902f-ec9dd1066991,2020.0,2020.0,SF
2026,CHI,OL,G,73.0,ACT,Jonah Jackson,Jonah,Jackson,1997-02-05,75,319,Ohio State; Rutgers,00-0036258,,,,,,,,,6.0,"https://static.www.nfl.com/image/upload/f_auto,q_auto/league/wm6av5ujifr8uvmdykj7",JAC273114,52483,32004a41-4327-3114-31f3-a570f5dec407,2020.0,2020.0,DET
2026,MIN,WR,WR,14.0,ACT,Jauan Jennings,Bennie,Jennings,1997-07-10,75,212,Tennessee,00-0036259,3886598,3ae9f0fa-c711-4663-80cf-4707856c07aa,32887,14376,48027,JennJa00,21717,7049,6.0,"https://static.www.nfl.com/image/upload/f_auto,q_auto/league/cdx9mq3iglzog9mkqvdr",JEN497457,52625,32004a45-4e49-7457-3af8-79760d0083cb,2020.0,2020.0,SF
2026,WAS,DL,DT,99.0,ACT,Javon Kinlaw,Javon,Kinlaw,1997-10-03,77,319,South Carolina; Jones County JC,00-0036260,4259491,1a8eff7a-1057-47c9-aa82-3dbf3f47a76c,32684,14444,56834,KinlJa00,21867,6792,6.0,"https://static.www.nfl.com/image/upload/f_auto,q_auto/league/lxyzkmqmy5sgrjktwq80",KIN708236,52422,32004b49-4e70-8236-d068-74d6202e4019,2020.0,2020.0,SF
2026,SF,WR,WR,11.0,NWT,Brandon Aiyuk,Brandon,Aiyuk,1998-03-17,72,200,Arizona State; Sierra JC,00-0036261,4360438,c90471cc-fa60-4416-9388-5aebb5d877eb,32695,14386,84109,AiyuBr00,21747,6803,6.0,"https://static.www.nfl.com/image/upload/f_auto,q_auto/league/avzzxycxyculxxqce5k7",AIY189231,52433,32004149-5918-9231-4476-63b611051b08,2020.0,2020.0,SF
2026,JAX,DL,DT,52.0,ACT,DaVon Hamilton,DaVon,Hamilton,1997-02-01,76,335,Ohio State,00-0036262,3915520,a94f0507-44b0-4fb5-9e8c-fd21157ec1a6,32743,14714,28072,HamiDa02,21869,6972,6.0,"https://static.www.nfl.com/image/upload/f_auto,q_auto/league/ncq2nx5rlstdnbaokw76",HAM205852,52481,32004841-4d20-5852-77dc-f6d40bb66091,2020.0,2020.0,JAX
2026,GB,QB,QB,10.0,ACT,Jordan Love,Jordan,Love,1998-11-02,76,219,Utah State,00-0036264,4036378,e5094779-e94f-4052-8597-bdbee3719f6b,32696,14371,40306,LoveJo03,21841,6804,6.0,"https://static.www.nfl.com/image/upload/f_auto,q_auto/league/uneiwen9drvci9ahuebp",LOV130776,52434,32004c4f-5613-0776-be4c-ce231b05c522,2020.0,2020.0,GB
2026,CAR,RB,RB,28.0,ACT,AJ Dillon,Algiers,Dillon,1998-05-02,72,247,Boston College,00-0036265,4239934,e10bfeb8-ea01-47bc-bfa8-45f6dcbf71b3,32732,14370,57165,DillAJ00,21802,6828,6.0,"https://static.www.nfl.com/image/upload/f_auto,q_auto/league/nknt5pckn5mzq9ll660i",DIL237740,52470,32004449-4c23-7740-624c-afbd67329c54,2020.0,2020.0,GB
2026,TEN,DL,DT,95.0,ACT,Jordan Elliott,Jordan,Elliott,1997-11-23,76,302,Missouri; Texas,00-0036266,4039052,445efcfc-1646-4823-89f7-8b6005266d13,32758,14353,56734,ElliJo02,22059,6841,6.0,"https://static.www.nfl.com/image/upload/f_auto,q_auto/league/vkl6igrusm0srrkge1d9",ELL323955,52496,3200454c-4c32-3955-163f-c80cea1e03d4,2020.0,2020.0,CLE
2026,CHI,OL,OT,71.0,ACT,Jedrick Wills,Jedrick,Wills,1999-05-17,76,307,Alabama,00-0036267,,,,,,,,,6.0,"https://static.www.nfl.com/image/private/f_auto,q_auto/league/yb2yk8uqsoakf8yyrlf9",WIL626320,52418,32005749-4c62-6320-8b63-20c37d057bf8,2020.0,2020.0,CLE
2026,PHI,WR,WR,86.0,ACT,Quez Watkins,Terrance,Watkins,1998-06-09,72,193,Southern Mississippi,00-0036271,4050373,ca85137c-205c-458e-8b77-8457849f614c,32870,14464,61664,WatkQu00,21957,6927,6.0,"https://static.www.nfl.com/image/upload/f_auto,q_auto/league/srfbu8ebsckazo1jlzys",WAT256754,52608,32005741-5425-6754-e1b1-afc9abed8980,2020.0,2020.0,PHI
2026,DET,OL,OT,78.0,ACT,Ben Bartch,Ben,Bartch,1998-07-22,78,309,St. John's (MN),00-0036272,,,,,,,,,6.0,"https://static.www.nfl.com/image/upload/f_auto,q_auto/league/cyqdherczwbrk63buszh",BAR720314,52524,32004241-5272-0314-6867-3573699ef57d,2020.0,2020.0,JAX
2026,CHI,RB,RB,4.0,ACT,D'Andre Swift,D'Andre,Swift,1999-01-14,68,204,Georgia,00-0036275,4259545,cc4b5f58-a11c-4450-a1df-617ad88336e4,32705,14394,57212,SwifDA00,21684,6790,6.0,"https://static.www.nfl.com/image/upload/f_auto,q_auto/league/owpmwzoilitcodc6cmxo",SWI228476,52443,32005357-4922-8476-53db-e64aaf6e01f5,2020.0,2020.0,DET
2026,PIT,LB,LB,50.0,ACT,Malik Harrison,Malik,Harrison,1998-03-05,75,247,Ohio State,00-0036280,4040615,32575119-3aca-47cb-aaaf-162c48b7d372,32768,14648,28081,HarrMa06,21996,6867,6.0,"https://static.www.nfl.com/image/upload/f_auto,q_auto/league/d6ttadigndjeor6gwc8m",HAR605109,52506,32004841-5260-5109-5b0d-c966f8ba7e71,2020.0,2020.0,BAL
2026,ATL,DB,CB,39.0,ACT,C.J. Henderson,Christopher,Henderson,1998-09-30,73,204,Florida,00-0036281,4240596,afbc5ac8-8e3f-4cb6-a96d-3b28b039bde9,32679,14367,55593,HendCJ00,22052,6791,6.0,"https://static.www.nfl.com/image/upload/f_auto,q_auto/league/tna89m19aol0bnfhugay",HEN053672,52417,32004845-4e05-3672-fd87-85ca08961509,2020.0,2020.0,JAX
2026,CLE,DB,SAF,9.0,ACT,Grant Delpit,Grant,Delpit,1998-09-20,75,208,LSU,00-0036282,4242208,1bbe7ce0-3707-4d4d-b8f6-7577008f1763,32714,14507,60685,DelpGr00,21918,6799,6.0,"https://static.www.nfl.com/image/upload/f_auto,q_auto/league/vfp5ffmtbfgobosxlxjj",DEL678942,52452,32004445-4c67-8942-a373-bb1e9a2b7718,2020.0,2020.0,CLE
2026,ATL,DB,CB,24.0,ACT,A.J. Terrell,Aundell,Terrell,1998-09-23,73,200,Clemson,00-0036285,4239995,1eae2610-be1d-4f53-82a2-28cf4a2db352,32686,14526,55586,TerrAJ00,22075,6836,6.0,"https://static.www.nfl.com/image/upload/f_auto,q_auto/league/etcev3yjoqtp5tay2ndo",TER272956,52424,32005445-5227-2956-3d70-15eacafe6b00,2020.0,2020.0,ATL
2026,WAS,LB,LB,45.0,ACT,K'Lavon Chaisson,K'Lavon,Chaisson,1999-07-25,75,255,LSU,00-0036286,4242205,74439c42-a6db-4a9a-be25-559f3e03ef59,32690,14523,57945,ChaiKL00,21888,6800,6.0,"https://static.www.nfl.com/image/upload/f_auto,q_auto/league/gc9qqj4piwlwse4spobk",CHA031652,52428,32004348-4103-1652-cb42-0c501912b1a9,2020.0,2020.0,JAX
2026,SEA,DB,CB,17.0,ACT,Noah Igbinoghene,Noah,Igbinoghene,1999-11-27,71,197,Auburn,00-0036287,4242516,b4b346b6-6175-407c-a6cd-103368a1609f,32700,14713,61155,IgbiNo00,22072,6817,6.0,"https://static.www.nfl.com/image/upload/f_auto,q_auto/league/hyu05mp0m5bstdoi0wdx",IGB148318,52438,32004947-4214-8318-2536-3aa44c8f7f41,2020.0,2020.0,MIA
2026,ATL,DL,DT,95.0,ACT,Ross Blacklock,Ross,Blacklock,1998-07-09,75,290,TCU,00-0036289,4038557,7e2046da-1bdb-49b6-abb1-c35e725d84a3,32709,14406,44526,BlacRo00,22054,6795,6.0,"https://static.www.nfl.com/image/private/f_auto,q_auto/league/bhfz75verrtkscghgjjz",BLA246567,52448,3200424c-4124-6567-64a2-94c97f8f8038,2020.0,2020.0,HOU
2026,CHI,TE,TE,85.0,ACT,Cole Kmet,Cole,Kmet,1999-03-10,78,257,Notre Dame,00-0036290,4258595,036feeb6-9a22-43c5-a8e3-7ac611d8ff49,32713,14436,60995,KmetCo00,21772,6826,6.0,"https://static.www.nfl.com/image/upload/f_auto,q_auto/league/ysnui8mzlu2fo70ub0yt",KME200895,52451,32004b4d-4520-0895-f027-61d779beeff4,2020.0,2020.0,CHI
2026,CHI,DB,CB,1.0,ACT,Jaylon Johnson,Jaylon,Johnson,1999-04-19,72,195,Utah,00-0036292,4243253,99b81b41-fb3b-4650-940b-9cb3770021ba,32720,14627,56259,JohnJa13,22056,6839,6.0,"https://static.www.nfl.com/image/upload/f_auto,q_auto/league/mee0icza276avcisghdk",JOH341277,52458,32004a4f-4834-1277-a78d-0224e4072abc,2020.0,2020.0,CHI
2026,LV,DB,SAF,11.0,ACT,Jeremy Chinn,Jeremy,Chinn,1998-02-26,75,220,Southern Illinois,00-0036293,4043169,5f623fbc-415e-4035-b423-7850cf1153b4,32734,14623,43179,ChinJe00,21921,7016,6.0,"https://static.www.nfl.com/image/upload/f_auto,q_auto/league/qdvollzto5i4xs6q9gov",CHI650621,52472,32004348-4965-0621-179b-1e6fa9b75e74,2020.0,2020.0,CAR
2026,DAL,OL,C,72.0,ACT,Matt Hennessy,Matthew,Hennessy,1997-11-17,76,295,Temple,00-0036295,,,,,,,,,6.0,"https://static.www.nfl.com/image/upload/f_auto,q_auto/league/iruohug4gurmckekn4zs",HEN536731,52486,32004845-4e53-6731-faa4-c650075e5d1a,2020.0,2020.0,ATL
2026,IND,LB,LB,51.0,ACT,Akeem Davis-Gaither,Akeem,Davis-Gaither,1997-09-21,74,238,Appalachian State,00-0036298,3917142,d152b2d5-402d-47f4-a6d1-7870e5a32df5,32777,14661,34788,DaviAk01,21999,6860,6.0,"https://static.www.nfl.com/image/upload/f_auto,q_auto/league/bh8mbyhyngomfqg3hf2a",DAV816473,52515,32004441-5681-6473-4bbb-eb231ca69181,2020.0,2020.0,CIN
2026,NYJ,LB,LB,43.0,ACT,Mykal Walker,Mykal,Walker,1997-08-28,75,230,Fresno State,00-0036300,4243009,86d7dd69-9957-4853-b069-5ad7e35edc64,32789,14754,57834,WalkMy00,21989,7012,6.0,"https://static.www.nfl.com/image/upload/f_auto,q_auto/league/tbysjdwb1ea5ya03wnfz",WAL280175,52527,32005741-4c28-0175-924f-5d081f632663,2020.0,2020.0,ATL
2026,BAL,DB,SAF,21.0,ACT,Jaylinn Hawkins,Jaylinn,Hawkins,1997-08-27,73,208,California,00-0036302,3858276,c588e277-fc9e-4187-9358-2b9e1a2b0cd9,32804,14697,51423,HawkJa00,21933,7058,6.0,"https://static.www.nfl.com/image/upload/f_auto,q_auto/league/x6aoovce6sz0dxstlb4u",HAW416901,52542,32004841-5741-6901-ca8d-82f5580f7a66,2020.0,2020.0,ATL
2026,CAR,LB,LB,52.0,ACT,Trevis Gipson,Trevis,Gipson,1997-06-13,76,255,Tulsa,00-0036305,3917016,2814f1e7-dca6-4bd9-80a9-9af480d10546,32825,14680,35241,GipsTr00,21890,7120,6.0,"https://static.www.nfl.com/image/upload/f_auto,q_auto/league/mdrrrg7fr2sos9veyyin",GIP564972,52563,32004749-5056-4972-92bf-717d307ebaac,2020.0,2020.0,CHI
2026,CLE,DB,SAF,24.0,ACT,Daniel Thomas,Daniel,Thomas,1998-07-01,70,215,Auburn,00-0036306,4035505,15a6249f-f4cf-47c2-8251-8a3a802b3db0,32827,14687,42544,ThomDa07,21928,7053,6.0,"https://static.www.nfl.com/image/upload/f_auto,q_auto/league/qbw8gam5wiinqegq213p",THO091876,52565,32005448-4f09-1876-a61f-71eebb43a299,2020.0,2020.0,JAX
2026,NE,DB,CB,28.0,ACT,Kindle Vildor,Kindle,Vildor,1997-12-11,71,189,Georgia Southern,00-0036307,4036651,e1072f9a-86f7-4d01-89a6-33fe0186f232,32833,14706,49346,VildKi00,22079,6928,6.0,"https://static.www.nfl.com/image/upload/f_auto,q_auto/league/f1loty6bu2jaxt9bwcbx",VIL069215,52571,32005649-4c06-9215-f779-0561e1953584,2020.0,2020.0,CHI
2026,NYG,WR,WR,17.0,ACT,Darnell Mooney,Darnell,Mooney,1997-10-29,71,177,Tulane,00-0036309,4040655,bafe8df1-66b5-4200-8fb3-ff188c25a4e2,32843,14510,48236,MoonDa00,21961,7090,6.0,"https://static.www.nfl.com/image/upload/f_auto,q_auto/league/eaejonwaflt9drrs9ika",MOO076900,52581,32004d4f-4f07-6900-2883-f3ddae0181d4,2020.0,2020.0,CHI
2026,PHI,P,P,10.0,ACT,Braden Mann,Braden,Mann,1997-11-24,71,198,Texas A&M,00-0036313,4035239,85eaaf9f-59cf-4150-943c-c1abdaa78eb1,32861,14654,44664,MannBr01,22094,6950,6.0,"https://static.www.nfl.com/image/upload/f_auto,q_auto/league/eizeojehmxkvvfahj1tk",MAN389317,52599,32004d41-4e38-9317-816e-74ec32669a1c,2020.0,2020.0,NYJ
2026,NO,DL,DE,99.0,ACT,Chase Young,Chase,Young,1999-04-14,77,265,Ohio State,00-0036321,4241986,9947409c-4a34-45f5-99a1-aa6daa13c430,32672,14452,56436,YounCh04,22092,6782,6.0,"https://static.www.nfl.com/image/upload/f_auto,q_auto/league/oeg7zkuy6zte74pe8pxl",YOU146550,52410,3200594f-5514-6550-d662-263c81d981b1,2020.0,2020.0,WAS
2026,MIN,WR,WR,18.0,ACT,Justin Jefferson,Justin,Jefferson,1999-06-16,73,195,LSU,00-0036322,4262921,4131d4ee-0318-4bb5-832a-4dec80668a4f,32692,14509,61398,JeffJu00,21685,6794,6.0,"https://static.www.nfl.com/image/upload/f_auto,q_auto/league/f0ccavu3ppzcs51e1cuv",JEF269287,52430,32004a45-4626-9287-c454-479b942cbd26,2020.0,2020.0,MIN
2026,PIT,LB,LB,6.0,ACT,Patrick Queen,Patrick,Queen,1999-08-13,72,232,LSU,00-0036323,4242207,bc4c0c7d-a6f4-4cff-95ec-a4d0523c2232,32698,14508,57941,QueePa00,21982,6807,6.0,"https://static.www.nfl.com/image/upload/f_auto,q_auto/league/doxpcjbw3vigxuj4xdqu",QUE308806,52436,32005155-4530-8806-168a-7e9ee3bd3f96,2020.0,2020.0,BAL
2026,CAR,OL,OT,50.0,ACT,Robert Hunt,Robert,Hunt,1996-08-25,78,323,Louisiana-Lafayette,00-0036325,,,,,,,,,6.0,"https://static.www.nfl.com/image/upload/f_auto,q_auto/league/i7mowb5kq5lqz7tjpstc",HUN360894,52447,32004855-4e36-0894-8461-dd1b950e2536,2020.0,2020.0,MIA
2026,JAX,OL,G,76.0,ACT,Ezra Cleveland,Ezra,Cleveland,1998-05-08,78,311,Boise State,00-0036327,,,,,,,,,6.0,"https://static.www.nfl.com/image/upload/f_auto,q_auto/league/wofagulp593x7i5pjxis",CLE670117,52466,3200434c-4567-0117-4b64-f3ef088b9fb5,2020.0,2020.0,MIN
2026,SF,DB,SAF,,ACT,Ashtyn Davis,Ashtyn,Davis,1996-10-10,73,205,California,00-0036329,3858271,7d491979-7d1b-4b55-9f3a-f68db22d8bb1,32738,14447,49560,DaviAs00,21925,6855,6.0,"https://static.www.nfl.com/image/upload/f_auto,q_auto/league/f1yyvajikoqdnqunml6i",DAV163785,52476,32004441-5616-3785-71b6-36de3d91d151,2020.0,2020.0,NYJ
2026,AZ,WR,WR,81.0,ACT,Devin Duvernay,Devin,Duvernay,1997-09-12,71,200,Texas,00-0036331,4039050,d93dbc83-e604-4823-a24e-d162cbd8d4d9,32762,14636,40006,DuveDe00,21721,6847,6.0,"https://static.www.nfl.com/image/upload/f_auto,q_auto/league/rhqvgqqfokrv6omkw0lg",DUV459005,52500,32004455-5645-9005-cfce-f0b0bb8205b8,2020.0,2020.0,BAL
2026,PIT,LB,LB,56.0,ACT,Alex Highsmith,Alex,Highsmith,1997-08-07,76,242,Charlotte,00-0036333,4037333,3f4025d1-5782-43e4-9f42-8eee2da66a95,32772,14724,43507,HighAl02,21897,7113,6.0,"https://static.www.nfl.com/image/upload/f_auto,q_auto/league/cczpmknwul24lusvhzyf",HIG595832,52510,32004849-4759-5832-21ce-07274900b330,2020.0,2020.0,PIT
2026,CAR,OL,OT,78.0,ACT,Saahdiq Charles,Saahdiq,Charles,1999-07-26,76,321,LSU,00-0036334,,,,,,,,,6.0,"https://static.www.nfl.com/image/upload/f_auto,q_auto/league/f3e07rywiznazr0urp4e",CHA596597,52516,32004348-4159-6597-92df-2c5eba7d2e50,2020.0,2020.0,WAS
2026,DET,LB,LB,98.0,ACT,D.J. Wonnum,Dennis,Wonnum,1997-10-31,77,258,South Carolina,00-0036335,4038849,68356887-b59e-4210-9726-828ea7f83928,32787,14612,44550,WonnDJ00,21909,6868,6.0,"https://static.www.nfl.com/image/upload/f_auto,q_auto/league/i4vqp3hdkbfiakcdmnmo",WON272160,52525,3200574f-4e27-2160-1623-df369bc69f58,2020.0,2020.0,MIN
2026,CHI,DL,DT,97.0,ACT,James Lynch,James,Lynch,1999-01-20,76,295,Baylor,00-0036337,4259181,ce8b21f7-6f93-40e6-8068-0432e10d855f,32800,14499,56962,LyncJa00,21894,6858,6.0,"https://static.www.nfl.com/image/upload/f_auto,q_auto/league/d4funuhosghah7ved424",LYN203895,52538,32004c59-4e20-3895-d596-bf65d3020e46,2020.0,2020.0,MIN
2026,LAC,LB,LB,43.0,ACT,Troy Dye,Troy,Dye,1996-09-18,75,225,Oregon,00-0036338,4038946,f070d4ef-1904-47f2-87d3-b9e2788789ed,32802,14740,28251,DyexTr00,21994,6941,6.0,"https://static.www.nfl.com/image/upload/f_auto,q_auto/league/szcqhlzfkobuu2vh8s7v",DYE305092,52540,32004459-4530-5092-a5b4-c72f08356d17,2020.0,2020.0,MIN
2026,LA,OL,G,69.0,ACT,Kevin Dotson,Kevin,Dotson,1996-09-18,76,330,Louisiana-Lafayette,00-0036339,,,,,,,,,6.0,"https://static.www.nfl.com/image/upload/f_auto,q_auto/league/nv2c9f4jr08wvzyog86n",DOT283423,52543,3200444f-5428-3423-3491-152dde48c604,2020.0,2020.0,PIT
2026,NYG,DL,DE,,ACT,Khalid Kareem,Khalid,Kareem,1998-04-28,76,255,Notre Dame,00-0036341,4039029,3f4fe254-f18f-4b56-83e0-c37cfc72c7f7,32817,14684,42993,KareKh00,21876,6864,6.0,"https://static.www.nfl.com/image/upload/f_auto,q_auto/league/wv4cxlitwh8mxxpzvka5",KAR259489,52555,32004b41-5225-9489-fd0c-044abf6bbb38,2020.0,2020.0,CIN
2026,TEN,WR,WR,85.0,ACT,K.J. Osborn,K.J.,Osborn,1997-06-10,71,203,Miami; Buffalo,00-0036345,3916566,3bf5c049-9daa-43ba-9758-c6c895a9d462,32846,14641,23503,OsboKJ00,21714,7066,6.0,"https://static.www.nfl.com/image/upload/f_auto,q_auto/league/ol316js270dkzhgkclrq",OSB109755,52584,32004f53-4210-9755-4136-372d9f443611,2020.0,2020.0,MIN
2026,MIN,OL,OT,64.0,ACT,Blake Brandel,Blake,Brandel,1997-01-23,79,315,Oregon State,00-0036347,,,,,,,,,6.0,"https://static.www.nfl.com/image/upload/f_auto,q_auto/league/njhqqbqvkymgl8fenuwr",BRA545703,52611,32004252-4154-5703-706f-b393317eb315,2020.0,2020.0,MIN
2026,MIN,DB,SAF,44.0,ACT,Josh Metellus,Josh,Metellus,1998-01-21,71,207,Michigan,00-0036348,4046537,e135eaa4-1688-487a-a924-4d83b16977df,32875,14479,43395,MeteJo00,21929,6901,6.0,"https://static.www.nfl.com/image/upload/f_auto,q_auto/league/gmb2ahv4eq0jphammw2h",MET383442,52613,32004d45-5438-3442-2fcb-95bf95b52581,2020.0,2020.0,MIN
2026,LA,DB,SAF,3.0,ACT,Kam Curl,Kamren,Curl,1999-03-03,74,207,Arkansas,00-0036349,4242154,eff8e3ec-98e4-49c8-b865-436e3abb0870,32886,14381,55800,CurlKa00,21923,7136,6.0,"https://static.www.nfl.com/image/upload/f_auto,q_auto/league/tm9ahrg1kvnyyghpj5sy",CUR156872,52624,32004355-5215-6872-6685-585f8c8e4ff9,2020.0,2020.0,WAS
2026,ATL,OL,G,68.0,ACT,Kyle Hinton,Kyle,Hinton,1998-02-27,74,315,Washburn,00-0036354,,,,,,,,,6.0,"https://static.www.nfl.com/image/upload/f_auto,q_auto/league/kww3xdapeggqjp44y0t8",HIN747075,52661,32004849-4e74-7075-3c6e-e34f0cbaa74a,2020.0,2020.0,MIN
2026,LAC,QB,QB,10.0,ACT,Justin Herbert,Justin,Herbert,1998-03-10,78,236,Oregon,00-0036355,4038941,f0a8f8e3-b9e9-46ed-85e4-eec6452a8a44,32676,14446,28237,HerbJu00,21681,6797,6.0,"https://static.www.nfl.com/image/upload/f_auto,q_auto/league/s1oelyaroiaalgilbeqk",HER031169,52414,32004845-5203-1169-a699-ce41d700202a,2020.0,2020.0,LAC
2026,CAR,DB,SAF,27.0,ACT,Isaiah Simmons,Isaiah,Simmons,1998-07-26,76,238,Clemson,00-0036356,4035462,b87d80b7-f129-4f3d-938a-1272f8122589,32678,14525,42451,SimmIs00,22004,6781,6.0,"https://static.www.nfl.com/image/upload/f_auto,q_auto/league/zf2q7dv6kkj1v3tfefvx",SIM182419,52416,32005349-4d18-2419-c53f-8beeda539963,2020.0,2020.0,ARI
2026,DAL,WR,WR,88.0,ACT,CeeDee Lamb,Cedarian,Lamb,1999-04-08,74,200,Oklahoma,00-0036358,4241389,a72ea15b-5199-4101-a300-846e1c655add,32687,14411,61570,LambCe00,21679,6786,6.0,"https://static.www.nfl.com/image/upload/f_auto,q_auto/league/ijxzvtumjhqu3zva1bwc",LAM138457,52425,32004c41-4d13-8457-fcbe-d37fdbd87233,2020.0,2020.0,DAL
2026,MIA,LB,LB,40.0,ACT,Willie Gay Jr.,Willie,Gay,1998-02-15,73,246,Mississippi State,00-0036362,4259804,9b2d5497-738b-47bc-bd96-2c550b4649ee,32733,14520,57987,GayJWi00,21984,7023,6.0,"https://static.www.nfl.com/image/upload/f_auto,q_auto/league/vf0j6vpgfr1vg5wsd7uh",GAY616560,52471,32004741-5961-6560-4c22-a878a997faab,2020.0,2020.0,KC
2026,SEA,OL,OT,74.0,ACT,Josh Jones,Josh,Jones,1997-06-22,79,339,Houston,00-0036363,,,,,,,,,6.0,"https://static.www.nfl.com/image/upload/f_auto,q_auto/league/tycxkga3ketrydbwmg1d",JON506329,52480,32004a4f-4e50-6329-4716-1f544b2c7ee9,2020.0,2020.0,ARI
2026,CHI,DL,DT,90.0,ACT,Neville Gallimore,Neville,Gallimore,1997-01-17,74,307,Oklahoma,00-0036366,3892883,fda10175-38e3-4678-a94c-ccd6008d40ec,32752,14451,28094,GallNe00,22078,6825,6.0,"https://static.www.nfl.com/image/upload/f_auto,q_auto/league/qwrxmtnfxfkhenqgsnjp",GAL636611,52490,32004741-4c63-6611-9d1e-0291de0dd367,2020.0,2020.0,DAL
2026,BAL,OL,G,76.0,ACT,John Simpson,John,Simpson,1997-08-19,76,330,Clemson,00-0036369,,,,,,,,,6.0,"https://static.www.nfl.com/image/upload/f_auto,q_auto/league/wv8eiewgjjgiedjzsnmh",SIM535559,52517,32005349-4d53-5559-6e58-1567c1c85840,2020.0,2020.0,LV
2026,NYG,DL,DT,98.0,ACT,Leki Fotu,George,Fotu,1998-08-23,77,330,Utah,00-0036371,4035666,2040899a-0b04-4de7-900b-f9e6861c6150,32784,14712,44614,FotuLe00,22083,6948,6.0,"https://static.www.nfl.com/image/upload/f_auto,q_auto/league/nvivcl9hxccojvuexvmw",FOT415291,52522,3200464f-5441-5291-4884-ed536a47d096,2020.0,2020.0,ARI
2026,KC,DB,SAF,,ACT,L'Jarius Sneed,L'Jarius,Sneed,1997-01-21,73,192,Louisiana Tech,00-0036374,4040432,92b059b3-6b1b-4db4-a535-ceba629176d1,32808,14688,40588,SneeLJ00,21934,7117,6.0,"https://static.www.nfl.com/image/upload/f_auto,q_auto/league/ft4szbihb9vyadwkiszf",SNE237684,52546,3200534e-4523-7684-351f-445a251aa795,2020.0,2020.0,KC
2026,WAS,DB,CB,2.0,ACT,Amik Robertson,Amik,Robertson,1998-07-06,69,183,Louisiana Tech,00-0036375,4239694,23525664-b547-413b-9221-b09091b90edf,32809,14709,55619,RobeAm00,22089,6896,6.0,"https://static.www.nfl.com/image/upload/f_auto,q_auto/league/htqmihuu8sds0x3qre8g",ROB303302,52547,3200524f-4230-3302-958f-f13960f24fcd,2020.0,2020.0,LV
2026,LAC,OL,C,63.0,ACT,Tyler Biadasz,Tyler,Biadasz,1997-11-20,76,318,Wisconsin,00-0036376,,,,,,,,,6.0,"https://static.www.nfl.com/image/upload/f_auto,q_auto/league/ls6xqzbvxs8pwkhwjwph",BIA083057,52554,32004249-4108-3057-953e-8ece7a00c9d8,2020.0,2020.0,DAL
2026,BUF,LB,LB,51.0,ACT,Michael Danna,Michael,Danna,1997-12-04,74,261,Michigan,00-0036378,3915487,9e9d2934-a273-4e39-a413-d991d083297b,32847,14823,48415,DannMi00,22095,6958,6.0,"https://static.www.nfl.com/image/private/f_auto,q_auto/league/oiywq8es1rm2rjnpbouw",DAN721566,52585,32004441-4e72-1566-ca4f-95bfe6dc7be6,2020.0,2020.0,KC
2026,KC,DB,SAF,17.0,ACT,Alohi Gilman,Alohi,Gilman,1997-09-17,70,201,Notre Dame,00-0036380,4039413,f3a7ab39-ead2-4dbf-b760-d652b8a26853,32856,14521,41662,GilmAl00,21939,7069,6.0,"https://static.www.nfl.com/image/upload/f_auto,q_auto/league/t5twpgxuuzuhasid5jzg",GIL754579,52594,32004749-4c75-4579-21aa-da0012a654dd,2020.0,2020.0,LAC
2026,NYG,OL,OT,78.0,ACT,Andrew Thomas,Andrew,Thomas,1999-01-22,77,315,Georgia,00-0036386,,,,,,,,,6.0,"https://static.www.nfl.com/image/upload/f_auto,q_auto/league/yuy9qansfewdhoxsi9fq",THO025763,52412,32005448-4f02-5763-1c5b-1459b2c5ddf0,2020.0,2020.0,NYG
2026,MIA,WR,WR,,ACT,Jalen Reagor,Jalen,Reagor,1999-01-02,71,197,TCU,00-0036387,4241802,06ff7f42-5fe7-4899-84a5-9ba5349d17e8,32691,14421,61697,ReagJa00,21686,6798,6.0,"https://static.www.nfl.com/image/upload/f_auto,q_auto/league/r55ywr41a014zd9zmvc1",REA338982,52429,32005245-4133-8982-9a32-957d59a1e153,2020.0,2020.0,PHI
2026,GB,DB,SAF,29.0,ACT,Xavier McKinney,Xavier,McKinney,1999-08-09,72,201,Alabama,00-0036388,4241470,dbeff2ee-8d26-48f3-b345-3cd88c374c87,32706,14617,55775,McKiXa00,21936,6788,6.0,"https://static.www.nfl.com/image/upload/f_auto,q_auto/league/vvjc67dqz3mjghgkdr8v",MCK548765,52444,32004d43-4b54-8765-a6d9-55ca05502e6b,2020.0,2020.0,NYG
2026,PHI,QB,QB,1.0,ACT,Jalen Hurts,Jalen,Hurts,1998-08-07,73,223,Oklahoma; Alabama,00-0036389,4040715,64bd0f02-6a5d-407e-98f1-fd02048ea21d,32723,14416,40291,HurtJa00,21831,6904,6.0,"https://static.www.nfl.com/image/upload/f_auto,q_auto/league/c47i9v6gmokkun9cat9s",HUR767022,52461,32004855-5276-7022-85cf-a74490936f42,2020.0,2020.0,PHI
2026,BUF,OL,C,53.0,ACT,Lloyd Cushenberry III,Lloyd,Cushenberry,1997-11-22,76,315,LSU,00-0036391,,,,,,,,,6.0,"https://static.www.nfl.com/image/upload/f_auto,q_auto/league/qfwevbrfaklbqmatvwat",CUS181630,52491,32004355-5318-1630-6286-472cca057e78,2020.0,2020.0,DEN
2026,DEN,OL,OT,79.0,ACT,Matt Peart,Matthew,Peart,1997-06-11,79,318,Connecticut,00-0036392,,,,,,,,,6.0,"https://static.www.nfl.com/image/upload/f_auto,q_auto/league/zcjwk9shhxnhv8vwjej7",PEA634229,52507,32005045-4163-4229-79fd-743221e3c286,2020.0,2020.0,NYG
2026,ATL,DB,CB,30.0,ACT,Darnay Holmes,Darnay,Holmes,1998-06-23,70,198,UCLA,00-0036394,4242973,8e19d167-cee8-4048-8f28-d476b11ec330,32780,14535,56247,HolmDa01,22050,6882,6.0,"https://static.www.nfl.com/image/upload/f_auto,q_auto/league/pubbkwys2ishkc7i2ljb",HOL519082,52518,3200484f-4c51-9082-f3ad-ff2c44591d4c,2020.0,2020.0,NYG
2026,BAL,DB,SAF,26.0,ACT,K'Von Wallace,K'Von,Wallace,1997-07-25,71,205,Clemson,00-0036395,4035463,789af1aa-253e-4fda-a93b-cef346bd91b3,32797,14686,42467,WallKV00,21938,6947,6.0,"https://static.www.nfl.com/image/upload/f_auto,q_auto/league/ytpbcdbdwwlysnjj6uwb",WAL463687,52535,32005741-4c46-3687-512c-7a9d39cff37d,2020.0,2020.0,PHI
2026,PIT,OL,OT,68.0,ACT,Jack Driscoll,John,Driscoll,1997-04-01,77,312,Auburn; UMass Amherst,00-0036396,,,,,,,,,6.0,"https://static.www.nfl.com/image/upload/f_auto,q_auto/league/r1p5a2ocvqrraor7lk2b",DRI130825,52553,32004452-4913-0825-3c00-b5c649ba2c22,2020.0,2020.0,PHI
2026,TB,OL,OT,78.0,ACT,Tristan Wirfs,Tristan,Wirfs,1999-01-24,77,320,Iowa,00-0036406,,,,,,,,,6.0,"https://static.www.nfl.com/image/upload/f_auto,q_auto/league/jiuxi430mkpqe39ikuze",WIR370129,52421,32005749-5237-0129-a756-9a5ceb881ea0,2020.0,2020.0,TB
2026,CLE,WR,WR,3.0,ACT,Jerry Jeudy,Jerry,Jeudy,1999-04-24,73,195,Alabama,00-0036407,4241463,eaaa4a61-c2a7-4926-8e9b-3ec71be2f991,32685,14458,61103,JeudJe00,21692,6783,6.0,"https://static.www.nfl.com/image/upload/f_auto,q_auto/league/szca1v9butuqkjs7ekpm",JEU415291,52423,32004a45-5541-5291-9f8b-8595dc100c90,2020.0,2020.0,DEN
2026,NO,OL,C,51.0,ACT,Cesar Ruiz,Cesar,Ruiz,1999-06-14,76,316,Michigan,00-0036408,,,,,,,,,6.0,"https://static.www.nfl.com/image/upload/f_auto,q_auto/league/i0hu869tzhne0frnt7fx",RUI415291,52432,32005255-4941-5291-5447-fa1de6f9c62b,2020.0,2020.0,NO
2026,MIA,LB,LB,20.0,ACT,Jordyn Brooks,Jordyn,Brooks,1997-10-21,72,240,Texas Tech,00-0036409,4043130,ef422c88-b74f-4720-a831-947010c44ebe,32697,14739,50851,BrooJo01,22005,6949,6.0,"https://static.www.nfl.com/image/upload/f_auto,q_auto/league/fqpdggqc3fngvkta63zy",BRO131962,52435,32004252-4f13-1962-2c2e-fdb174b58eaf,2020.0,2020.0,SEA
2026,CIN,WR,WR,5.0,ACT,Tee Higgins,Tamurice,Higgins,1999-01-18,76,219,Clemson,00-0036410,4239993,7963b029-5de4-4541-b00a-44eefe4349af,32703,14506,61211,HiggTe00,21690,6801,6.0,"https://static.www.nfl.com/image/upload/f_auto,q_auto/league/flr9f8oqigbyroeaubxb",HIG387791,52441,32004849-4738-7791-9f89-d556c4b59b9a,2020.0,2020.0,CIN
2026,TB,DB,SAF,31.0,ACT,Antoine Winfield Jr.,Antoine,Winfield,1998-08-16,69,203,Minnesota,00-0036411,4034790,27732f2b-2009-4954-a0a0-d29f5ce1abdf,32715,14484,42475,WinfAn00,21940,6888,6.0,"https://static.www.nfl.com/image/upload/f_auto,q_auto/league/wn2vlv6eyc9str0ak0fx",WIN159348,52453,32005749-4e15-9348-98c8-23be07463b71,2020.0,2020.0,TB
2026,WAS,WR,WR,12.0,ACT,Van Jefferson,Vanchii,Jefferson,1996-07-26,73,200,Florida; Mississippi,00-0036415,3930066,8e1285f7-6e4c-41e4-aac9-92e09f9f32b2,32727,14430,47447,JeffVa00,21739,6853,6.0,"https://static.www.nfl.com/image/upload/f_auto,q_auto/league/aavlanyckqnsej61ulir",JEF436716,52465,32004a45-4643-6716-6cf6-1dcc41075f1f,2020.0,2020.0,LA
2026,KC,DB,CB,8.0,ACT,Kristian Fulton,Kristian,Fulton,1998-09-03,71,197,LSU,00-0036416,4035433,c87aaf5b-e1e9-4d18-b0f1-f328b646031d,32731,14443,42894,FultKr00,22084,6829,6.0,"https://static.www.nfl.com/image/upload/f_auto,q_auto/league/gxh7dcqykzmo2nadvs5u",FUL733491,52469,32004655-4c73-3491-274a-7b3b8a1d4f92,2020.0,2020.0,TEN
2026,CAR,OL,G,68.0,ACT,Damien Lewis,Damien,Lewis,1997-03-21,74,327,LSU; Northwest Mississippi CC,00-0036417,,,,,,,,,6.0,"https://static.www.nfl.com/image/upload/f_auto,q_auto/league/aerw6b5qa0plz8ejg68g",LEW128690,52477,32004c45-5712-8690-897d-9ea24308df66,2020.0,2020.0,SEA
2026,PHI,LB,LB,53.0,ACT,Zack Baun,Zack,Baun,1996-12-30,75,225,Wisconsin,00-0036418,3917657,719a7e8e-8286-453e-8aee-d2487c45e53f,32744,14374,34632,BaunZa00,21907,6815,6.0,"https://static.www.nfl.com/image/upload/f_auto,q_auto/league/lxfptgyjuuwmvxrwr3m4",BAU677316,52482,32004241-5567-7316-c31c-c66079e71b79,2020.0,2020.0,NO
2026,NO,DB,SAF,24.0,ACT,Terrell Burgess,Terrell,Burgess,1997-08-18,71,202,Utah,00-0036421,4035663,b222de39-0a5e-4bbe-b239-083a500194bb,32774,14702,45255,BurgTe00,21922,7036,6.0,"https://static.www.nfl.com/image/upload/f_auto,q_auto/league/noqfcnfnqtsfgkbg4jum",BUR102577,52512,32004255-5210-2577-4960-9b8e33e83c2a,2020.0,2020.0,LA
2026,DEN,TE,TE,82.0,ACT,Adam Trautman,Adam,Trautman,1997-02-05,77,253,Dayton,00-0036422,3911853,4e14183b-f974-4745-9d7f-8f5eb2a92a7d,32775,14541,109795,TrauAd00,21786,6869,6.0,"https://static.www.nfl.com/image/upload/f_auto,q_auto/league/ck9dspk0ykijetdshyn4",TRA447732,52513,32005452-4144-7732-6999-8ca51b1f74be,2020.0,2020.0,NO
2026,LV,TE,TE,85.0,ACT,Albert Okwuegbunam,Albert,Okwuegbunam,1998-04-25,77,258,Missouri,00-0036423,4035115,617aee8a-70be-4bdf-9a71-2e2b74e647e6,32788,14369,41933,OkwuAl00,21794,6843,6.0,"https://static.www.nfl.com/image/upload/f_auto,q_auto/league/gww1gus87vabpsalkrpc",OKW485869,52526,32004f4b-5748-5869-ee3e-85d5399ce937,2020.0,2020.0,DEN
2026,JAX,RB,RB,20.0,ACT,DeeJay Dallas,DeeJay,Dallas,1998-09-16,70,225,Miami,00-0036425,4240631,48ef5bfa-7b91-4ed1-ad12-e94c0bc101c2,32814,14410,55632,DallDe00,21804,6931,6.0,"https://static.www.nfl.com/image/upload/f_auto,q_auto/league/weotbgqp9f3y1hptcxzm",DAL415290,52552,32004441-4c41-5290-528d-2115c573d8ed,2020.0,2020.0,SEA
2026,DAL,WR,WR,15.0,ACT,Tyler Johnson,Tyler,Johnson,1998-08-25,73,206,Minnesota,00-0036427,2310331,93c17735-5275-45cf-b3ef-620351c62313,32831,14432,48054,JohnTy00,21675,6960,6.0,"https://static.www.nfl.com/image/upload/f_auto,q_auto/league/s6fg2hapxwa9efbrygxf",JOH711094,52569,32004a4f-4871-1094-58d9-ca4ef7922f8c,2020.0,2020.0,TB
2026,DEN,LB,LB,40.0,ACT,Justin Strnad,Justin,Strnad,1996-08-21,75,235,Wake Forest,00-0036428,3919548,f8f0760e-8f04-45bf-9371-fa33c945bc1c,32848,14757,42659,StrnJu00,22000,6977,6.0,"https://static.www.nfl.com/image/upload/f_auto,q_auto/league/qeikhakzijz2ipub82bt",STR527447,52586,32005354-5252-7447-7939-62e0ed643953,2020.0,2020.0,DEN
2026,ATL,TE,TE,89.0,ACT,Charlie Woerner,Charles,Woerner,1997-10-16,77,250,Georgia,00-0036429,4035020,527dfee0-a242-4dc7-830a-ab7028308259,32860,14608,42257,WoerCh00,22119,7075,6.0,"https://static.www.nfl.com/image/upload/f_auto,q_auto/league/tflwxcx2ohrc6e8j0n5a",WOE138430,52598,3200574f-4513-8430-be36-5db8fe66161b,2020.0,2020.0,SF
2026,CIN,QB,QB,9.0,ACT,Joe Burrow,Joseph,Burrow,1996-12-10,76,215,LSU; Ohio State,00-0036442,3915511,3023ac10-4e7f-425f-9fc5-2b8e6332c92e,32671,14442,28022,BurrJo01,21693,6770,6.0,"https://static.www.nfl.com/image/upload/f_auto,q_auto/league/gnnvcgui1cijybukk2w7",BUR679731,52409,32004255-5267-9731-81c8-48673dcec5e2,2020.0,2020.0,CIN
2026,CLE,LS,LS,50.0,ACT,Rex Sunahara,Rex,Sunahara,1996-10-09,78,242,West Virginia,00-0036443,,,,,,,,,6.0,"https://static.www.nfl.com/image/upload/f_auto,q_auto/league/lf7vil8wv3cqyumtczbr",SUN131680,53150,32005355-4e13-1680-cd7e-209ffda67653,2020.0,2020.0,
2026,SF,OL,OT,67.0,ACT,Isaac Alarcon,Isaac,Alarcon,1998-07-27,79,320,,00-0036448,,,,,,,,,6.0,"https://static.www.nfl.com/image/upload/f_auto,q_auto/league/tf80dmb1inreek7ijguw",ALA456204,53148,3200414c-4145-6204-bef7-5135953bdfff,2020.0,2020.0,
2026,ATL,WR,WR,19.0,ACT,Chris Blair,Chris,Blair,1997-10-06,74,215,Alcorn State,00-0036463,4369886,9281d541-8bcb-4785-a02e-76150910898e,33376,15376,84096,BlaiCh00,22488,7521,5.0,"https://static.www.nfl.com/image/upload/f_auto,q_auto/league/bbejfkq6pcu7bsnkwgwj",BLA490972,53190,3200424c-4149-0972-ba85-7e1860a13c85,2021.0,2021.0,
2026,LV,DL,DE,95.0,ACT,Kwity Paye,Kwity,Paye,1998-11-19,75,265,Michigan,00-0036479,4258194,4c52a12f-6745-468e-86d9-977ffa512c4b,33409,15264,56713,PayeKw00,22689,7633,5.0,"https://static.www.nfl.com/image/upload/f_auto,q_auto/league/omibgumkgr8ympte4rmo",PAY168986,53450,32005041-5916-8986-d9fb-d5cb1d17eb42,2021.0,2021.0,IND
2026,CHI,DL,DE,55.0,ACT,Dayo Odeyingbo,Temidayo,Odeyingbo,1999-09-24,77,282,Vanderbilt,00-0036480,4242659,994f3d7b-1f01-45fe-ba66-4d853d4b09fb,33442,15227,56923,OdeyDa00,22874,7649,5.0,"https://static.www.nfl.com/image/upload/f_auto,q_auto/league/h0brx6vrdusdxl6fkxgv",ODE707589,53483,32004f44-4570-7589-a1e8-0c8ad4945469,2021.0,2021.0,IND
2026,MIN,OL,G,76.0,ACT,Will Fries,William,Fries,1998-04-04,78,321,Penn State,00-0036483,,,,,,,,,5.0,"https://static.www.nfl.com/image/upload/f_auto,q_auto/league/lswimbqlz0wdbsuq1wsh",FRI357860,53677,32004652-4935-7860-44ad-9ec492a0e5fc,2021.0,2021.0,IND
2026,JAX,WR,WR,13.0,ACT,Tim Jones,Tim,Jones,1998-05-15,73,200,Southern Mississippi,00-0036497,4245131,b4dadef6-a938-4b34-b83c-b64d4a297e02,33649,15464,61669,JoneTi00,22892,8013,5.0,"https://static.www.nfl.com/image/upload/f_auto,q_auto/league/gimunqcnpgtctbdba53c",JON759314,53707,32004a4f-4e75-9314-53c1-a930735b2243,2021.0,2021.0,
2026,NYJ,LB,LB,44.0,ACT,Jamien Sherwood,Jamien,Sherwood,2000-01-12,74,216,Auburn,00-0036500,4361331,0e9ea316-700d-4368-86c1-d1181fc64f52,33534,15316,83175,SherJa00,22804,7841,5.0,"https://static.www.nfl.com/image/upload/f_auto,q_auto/league/fvyykbueuzcivau5d9qq",SHE806239,53575,32005348-4580-6239-250b-dfa910f6272d,2021.0,2021.0,NYJ
2026,PHI,DB,CB,35.0,ACT,Michael Carter II,Michael,Carter,1999-03-08,70,184,Duke,00-0036501,4240456,117d2769-60b3-47f0-be7f-f47fe36e0ac9,33542,15621,60644,CartMi02,22735,7835,5.0,"https://static.www.nfl.com/image/upload/f_auto,q_auto/league/a7yskzasxy1hjvyqql1t",CAR786800,53583,32004341-5278-6800-6ad9-7bbb260d017a,2021.0,2021.0,NYJ
2026,NYG,DB,SAF,25.0,ACT,Jason Pinnock,Jason,Pinnock,1999-06-30,72,200,Pittsburgh,00-0036502,4240706,8ca53dc6-9a7f-41a6-9b69-d199a6784013,33563,15532,56144,PinnJa01,22922,7816,5.0,"https://static.www.nfl.com/image/upload/f_auto,q_auto/league/vfudin1xe9wdv1bv6awj",PIN757046,53604,32005049-4e75-7046-17a6-92c57382f4b9,2021.0,2021.0,NYJ
2026,PIT,DB,CB,26.0,ACT,Brandin Echols,Brandin,Echols,1997-10-16,70,179,Kentucky,00-0036504,4567979,7c023589-734d-489f-ac09-577d48f772f3,33588,15626,98900,EchoBr00,22808,7796,5.0,"https://static.www.nfl.com/image/upload/f_auto,q_auto/league/ckxgtnxueibsimypf1qt",ECH142755,53629,32004543-4814-2755-6b48-2645e72bb35a,2021.0,2021.0,NYJ
2026,BUF,TE,TE,48.0,ACT,Shane Zylstra,Shane,Zylstra,1996-11-16,76,244,Minnesota State,00-0036534,4608362,0cafaac9-20fb-4e5a-9362-158d8a4e7904,33803,15701,143786,ZylsSh00,23084,8041,5.0,"https://static.www.nfl.com/image/upload/f_auto,q_auto/league/jwgarjssm9bd9ek6cbhr",ZYL604524,53739,32005a59-4c60-4524-a5a7-87ceda797ebb,2021.0,2021.0,
2026,NO,OL,OT,66.0,ACT,Will Sherman,William,Sherman,1999-05-27,76,300,Colorado,00-0036535,,,,,,,,,5.0,"https://static.www.nfl.com/image/upload/f_auto,q_auto/league/cliiltzkjg23bqk1pjlp",SHE745716,53626,32005348-4574-5716-cc95-7b392e228b70,2021.0,2021.0,NE
2026,BAL,WR,WR,7.0,ACT,Rashod Bateman,Rashod,Bateman,1999-11-29,73,193,Minnesota,00-0036550,4360939,d9f8b92b-69d4-4d83-9bf2-106ee523efed,33415,15210,84296,BateRa00,22623,7571,5.0,"https://static.www.nfl.com/image/upload/f_auto,q_auto/league/gtktmsfcxc1eijwpwzyq",BAT103884,53456,32004241-5410-3884-8ac5-165a4f1f770e,2021.0,2021.0,BAL
2026,GB,OL,G,65.0,ACT,Aaron Banks,Aaron,Banks,1997-09-03,77,325,Notre Dame,00-0036551,,,,,,,,,5.0,"https://static.www.nfl.com/image/upload/f_auto,q_auto/league/mkhxl0el2fj3i7k4adsl",BAN394046,53477,32004241-4e39-4046-1bac-1be9e6b0650e,2021.0,2021.0,SF
2026,ATL,LB,LB,51.0,ACT,Azeez Ojulari,Azeez,Ojulari,2000-06-16,75,240,Georgia,00-0036552,4379409,78af6ab8-1003-423d-b29b-111d8f4d45ad,33438,15355,81959,OjulAz00,22870,7653,5.0,"https://static.www.nfl.com/image/upload/f_auto,q_auto/league/gfq1w3tlod06bgxdnfdc",OJU415291,53479,32004f4a-5541-5291-d003-ed4598630587,2021.0,2021.0,NYG
2026,HOU,WR,WR,12.0,ACT,Nico Collins,Nico,Collins,1999-03-19,76,222,Michigan,00-0036554,4258173,bd56a50c-5fae-4ee2-8363-f74ae07b6887,33477,15200,61441,CollNi00,21756,7569,5.0,"https://static.www.nfl.com/image/upload/f_auto,q_auto/league/osmqyvmib3pssxi6cyic",COL654119,53518,3200434f-4c65-4119-2a51-095ba724d414,2021.0,2021.0,HOU
2026,CAR,RB,RB,30.0,ACT,Chuba Hubbard,Chuba,Hubbard,1999-06-11,73,210,Oklahoma State,00-0036555,4241416,32205e74-b23f-420a-b312-465b29260745,33514,15242,57373,HubbCh01,21691,7594,5.0,"https://static.www.nfl.com/image/upload/f_auto,q_auto/league/pjgml85ghq7oa48dctn7",HUB179324,53555,32004855-4217-9324-a63d-319921de85bb,2021.0,2021.0,CAR
2026,HOU,TE,TE,9.0,ACT,Brevin Jordan,Brevin,Jordan,2000-07-16,75,245,Miami,00-0036556,4362504,8ffb5c07-4aa1-4796-b1ab-30c1ab0ccc4c,33535,15369,77887,JordBr00,22506,7568,5.0,"https://static.www.nfl.com/image/upload/f_auto,q_auto/league/ypyec24t4prirebsdcg4",JOR035760,53576,32004a4f-5203-5760-5721-234f0b7d2f1c,2021.0,2021.0,HOU
2026,KC,OL,OT,77.0,ACT,Jaylon Moore,Jaylon,Moore,1998-01-09,76,311,Western Michigan,00-0036557,,,,,,,,,5.0,"https://static.www.nfl.com/image/upload/f_auto,q_auto/league/ggm20opgrljoqe4frwnt",MOO391469,53584,32004d4f-4f39-1469-aeab-566a99739b64,2021.0,2021.0,SF
2026,JAX,DB,CB,32.0,RES,Keith Taylor,Keith,Taylor,1999-05-03,75,195,Washington,00-0036561,4243332,a72561d6-fd30-4910-ac44-eb9416e792ea,33554,15486,56289,TaylKe03,22783,7824,5.0,"https://static.www.nfl.com/image/upload/f_auto,q_auto/league/dag6regaijwshj8f1uyn",TAY455531,53595,32005441-5945-5531-e5e8-cc6eb217c550,2021.0,2021.0,CAR
2026,SF,DB,CB,2.0,ACT,Deommodore Lenoir,Deommodore,Lenoir,1999-10-06,70,200,Oregon,00-0036563,4242488,d24bbe70-baba-4337-822e-c166a156f92e,33560,15192,55686,LenoDe00,22899,7819,5.0,"https://static.www.nfl.com/image/upload/f_auto,q_auto/league/ypghnprlnzwmxjcrbpk7",LEN391302,53601,32004c45-4e39-1302-184b-0cbaae3a7007,2021.0,2021.0,SF
2026,DEN,DB,SAF,9.0,ACT,Talanoa Hufanga,Talanoa,Hufanga,2000-02-01,72,200,USC,00-0036564,4360853,a1a2f797-77ac-4f13-8456-50a10a7fd61a,33568,15317,83903,HufaTa00,22844,7811,5.0,"https://static.www.nfl.com/image/upload/f_auto,q_auto/league/gyoo1p5nckluov1mihbe",HUF025955,53609,32004855-4602-5955-8b3f-87d05b378712,2021.0,2021.0,SF
2026,PHI,RB,RB,,ACT,Elijah Mitchell,Elijah,Mitchell,1998-05-02,70,200,Louisiana-Lafayette,00-0036567,4241555,8ba68abf-e9d2-4927-bf8d-476f271d840c,33582,15379,57272,MitcEl00,22535,7561,5.0,"https://static.www.nfl.com/image/upload/f_auto,q_auto/league/xf383ph8bz6dpp0u9lcd",MIT257014,53623,32004d49-5425-7014-1099-952db785e3db,2021.0,2021.0,SF
2026,AZ,DL,DT,51.0,ACT,Roy Lopez,Roy,Lopez,1997-08-07,74,318,Arizona,00-0036568,4040805,23a30b80-1549-4ae8-afac-0fa99636c71e,33583,15610,48676,LopeRo00,22928,7799,5.0,"https://static.www.nfl.com/image/upload/f_auto,q_auto/league/i4a37cibk9pwjjgq4rla",LOP508807,53624,32004c4f-5050-8807-55d8-2ccd7384f6f5,2021.0,2021.0,HOU
2026,CIN,RB,RB,32.0,ACT,Gary Brightwell,Gary,Brightwell,1998-02-28,73,218,Arizona,00-0036569,4245645,94bde2c7-7229-4bf0-a545-5950cf3c7927,33584,15343,57133,BrigGa00,22672,7529,5.0,"https://static.www.nfl.com/image/upload/f_auto,q_auto/league/egwohqryh9q3pa7erynt",BRI306021,53625,32004252-4930-6021-4b99-ec388b94f0eb,2021.0,2021.0,NYG
2026,WAS,OL,OT,79.0,ACT,Foster Sarell,Foster,Sarell,1998-08-28,78,322,Stanford,00-0036584,,,,,,,,,5.0,"https://static.www.nfl.com/image/upload/f_auto,q_auto/league/zpuqjzyymnp7mcdvvzjm",SAR340150,53816,32005341-5234-0150-eba7-1e1fe48c39ef,2021.0,2021.0,
2026,NYG,DB,SAF,24.0,ACT,Ar'Darius Washington,Ar'Darius,Washington,1999-11-02,68,180,TCU,00-0036587,4362492,76647249-62a0-4038-a597-8d0aad1ef3b5,33788,15415,77848,WashAr00,22760,7970,5.0,"https://static.www.nfl.com/image/upload/f_auto,q_auto/league/ptjh8ufk5zfpdc0yrpeq",WAS049867,53819,32005741-5304-9867-cbf8-485ef22c746c,2021.0,2021.0,
2026,JAX,TE,TE,80.0,ACT,Quintin Morris,Quintin,Morris,1999-01-21,74,243,Bowling Green,00-0036590,4244049,eab74cbc-ed11-46b3-bd16-1d4c997adc22,33819,15460,61182,MorrQu00,22511,7536,5.0,"https://static.www.nfl.com/image/upload/f_auto,q_auto/league/lvmccekmoj82dzw00xcl",MOR489431,53855,32004d4f-5248-9431-3daa-d300b23a42bc,2021.0,2021.0,
2026,SF,OL,G,65.0,ACT,Robert Jones,Robert,Jones,1999-01-28,76,321,Middle Tennessee State,00-0036596,,,,,,,,,5.0,"https://static.www.nfl.com/image/upload/f_auto,q_auto/league/ghwina6zfdtlqzs3x7pu",JON666061,53861,32004a4f-4e66-6061-ac8c-f08314a992f8,2021.0,2021.0,
2026,LA,OL,OT,77.0,ACT,Alaric Jackson,Alaric,Jackson,1998-07-14,79,338,Iowa,00-0036603,,,,,,,,,5.0,"https://static.www.nfl.com/image/upload/f_auto,q_auto/league/p7eblgie3na4hjdl6pzb",JAC015008,53868,32004a41-4301-5008-2385-0392a24d89a5,2021.0,2021.0,
2026,LV,OL,G,61.0,ACT,Jordan Meredith,Jordan,Meredith,1998-01-04,74,300,Western Kentucky,00-0036604,,,,,,,,,4.0,"https://static.www.nfl.com/image/upload/f_auto,q_auto/league/mcahbqsrb49owl6ipc2y",MER143815,53869,32004d45-5214-3815-bbf5-bef15541a8ac,2022.0,2022.0,
2026,DEN,WR,WR,17.0,ACT,Jaylen Waddle,Jaylen,Waddle,1998-11-25,70,185,Alabama,00-0036613,4372016,0ff9a975-669d-4851-a95d-ab28d9fc29c4,33394,15404,84088,WaddJa00,22598,7526,5.0,"https://static.www.nfl.com/image/upload/f_auto,q_auto/league/dsxd2zcqm42wsv4ewtfc",WAD088683,53435,32005741-4408-8683-c826-c882ad6fd5c2,2021.0,2021.0,MIA
2026,PIT,LB,LB,,ACT,Jamin Davis,Jamin,Davis,1998-12-12,76,234,Kentucky,00-0036614,4240778,6484ba1b-2145-46fb-83f7-c38baa3080c0,33407,15375,57905,DaviJa11,22759,7634,5.0,"https://static.www.nfl.com/image/upload/f_auto,q_auto/league/opdsr5ttchmbpuyw4vgf",DAV428592,53448,32004441-5642-8592-9936-07896f5591cc,2021.0,2021.0,WAS
2026,MIN,OL,OT,71.0,ACT,Christian Darrisaw,Christian,Darrisaw,1999-06-02,77,315,Virginia Tech,00-0036616,,,,,,,,,5.0,"https://static.www.nfl.com/image/upload/f_auto,q_auto/league/i6lajihxkwue0ntawn10",DAR682260,53452,32004441-5268-2260-1da4-71998bd16533,2021.0,2021.0,MIN
2026,PIT,DB,CB,22.0,ACT,Asante Samuel Jr.,Asante,Samuel,1999-10-03,70,180,Florida State,00-0036617,4363034,02b08a8b-a3bd-44d1-8930-e6f51b029a22,33435,15218,76625,SamuAs00,22807,7655,5.0,"https://static.www.nfl.com/image/private/f_auto,q_auto/league/hrnnoumk2vtrx9yhqs6n",SAM686324,53476,32005341-4d68-6324-bbab-7eb56ff0b915,2021.0,2021.0,LAC
2026,WAS,OL,OT,76.0,ACT,Sam Cosmi,Samuel,Cosmi,1999-02-16,78,309,Texas,00-0036618,,,,,,,,,5.0,"https://static.www.nfl.com/image/upload/f_auto,q_auto/league/n6vudhzl0uiaffexr81u",COS196802,53480,3200434f-5319-6802-cc94-36bf0ee8edce,2021.0,2021.0,WAS
2026,NO,OL,OT,77.0,ACT,Dillon Radunz,Dillon,Radunz,1998-03-28,78,301,North Dakota State,00-0036619,,,,,,,,,5.0,"https://static.www.nfl.com/image/upload/f_auto,q_auto/league/yg2itp7chkpsn8etgdh1",RAD746980,53482,32005241-4474-6980-c89b-244c397a20de,2021.0,2021.0,TEN
2026,KC,LB,LB,32.0,ACT,Nick Bolton,Nicholas,Bolton,2000-03-10,71,237,Missouri,00-0036621,4362759,83ad043c-d1e6-45b3-9e06-3f148538db46,33446,15286,81322,BoltNi00,22714,7648,5.0,"https://static.www.nfl.com/image/upload/f_auto,q_auto/league/qwdpcmobp7qgdzqgltlr",BOL678301,53487,3200424f-4c67-8301-cd66-2b7e4543922a,2021.0,2021.0,KC
2026,NYJ,OL,C,71.0,ACT,Josh Myers,Joshua,Myers,1998-07-16,77,310,Ohio State,00-0036622,,,,,,,,,5.0,"https://static.www.nfl.com/image/upload/f_auto,q_auto/league/ejnbuy27sru95vzzxdp3",MYE420232,53491,32004d59-4542-0232-84be-468f30564845,2021.0,2021.0,GB
2026,KC,OL,C,52.0,ACT,Creed Humphrey,Creed,Humphrey,1999-06-28,76,302,Oklahoma,00-0036623,,,,,,,,,5.0,"https://static.www.nfl.com/image/upload/f_auto,q_auto/league/ggz2h81ghybmrerlgdsq",HUM473083,53492,32004855-4d47-3083-2500-dde1ebaa729d,2021.0,2021.0,KC
2026,DET,DL,DT,54.0,ACT,Alim McNeill,Alim,McNeill,2000-05-11,74,310,N.C. State,00-0036624,4361662,865d4bf9-5d13-42a6-a8f9-a4e9a93c7375,33460,15522,76996,McNeAl00,22906,7679,5.0,"https://static.www.nfl.com/image/upload/f_auto,q_auto/league/udieb8v70ple2vt3zyof",MCN611247,53501,32004d43-4e61-1247-5b50-75dcdd3e2757,2021.0,2021.0,DET
2026,GB,DB,CB,21.0,ACT,Benjamin St-Juste,Benjamin,St-Juste,1997-09-08,75,200,Minnesota,00-0036625,4258206,19dd3c47-6da2-4baa-8f4d-c44c152924f2,33462,15479,56061,StJuBe00,22787,7671,5.0,"https://static.www.nfl.com/image/upload/f_auto,q_auto/league/mad9dx5zee70kec6lpan",STJ615310,53503,32005354-4a61-5310-ff81-e57e99306a29,2021.0,2021.0,WAS
2026,WAS,WR,WR,6.0,ACT,Dyami Brown,Dyami,Brown,1999-11-01,72,195,North Carolina,00-0036626,4361577,0fb60ada-bdd3-4d74-8c98-058303a1649a,33470,15274,77986,BrowDy00,22686,7587,5.0,"https://static.www.nfl.com/image/upload/f_auto,q_auto/league/wwl9s886olkkvu67qktp",BRO408220,53511,32004252-4f40-8220-1974-8f5000372de2,2021.0,2021.0,WAS
2026,WAS,TE,TE,87.0,ACT,John Bates,John,Bates,1997-11-06,78,256,Boise State,00-0036628,4048228,3208880b-949f-4926-85eb-1940770550ea,33512,15289,42275,BateJo00,22657,7716,5.0,"https://static.www.nfl.com/image/upload/f_auto,q_auto/league/edpnkleev10rpzfgjakv",BAT109191,53553,32004241-5410-9191-4912-a52aed715316,2021.0,2021.0,WAS
2026,IND,DB,SAF,0.0,ACT,Camryn Bynum,Camryn,Bynum,1998-07-19,72,200,California,00-0036629,4035861,450f301e-e19b-4111-a6be-4bb20fbf7f2a,33513,15478,38408,BynuCa00,22729,7715,5.0,"https://static.www.nfl.com/image/upload/f_auto,q_auto/league/rncq5z5bfhigx2atid7k",BYN532388,53554,32004259-4e53-2388-56f8-c8cf0da3bc7b,2021.0,2021.0,MIN
2026,CLE,WR,WR,16.0,ACT,Tylan Wallace,Tylan,Wallace,1999-05-13,71,200,Oklahoma State,00-0036630,4241424,29269863-13cf-4c66-ac3c-5d9a47e2040a,33519,15310,61577,WallTy00,22604,7595,5.0,"https://static.www.nfl.com/image/upload/f_auto,q_auto/league/rifnnpeub6okv41offnd",WAL505238,53560,32005741-4c50-5238-e142-218e3028b910,2021.0,2021.0,BAL
2026,AZ,WR,WR,9.0,ACT,Ihmir Smith-Marsette,Ihmir,Smith-Marsette,1999-08-29,73,185,Iowa,00-0036635,4240573,39156891-0d05-470b-8b64-751602820bb1,33545,15287,61324,SmitIh00,22595,7559,5.0,"https://static.www.nfl.com/image/upload/f_auto,q_auto/league/zv9y5bc8lsnvobjdm15p",SMI829563,53586,3200534d-4982-9563-32f4-e8f3bd64568e,2021.0,2021.0,MIN
2026,KC,TE,TE,83.0,ACT,Noah Gray,Noah,Gray,1999-04-30,75,240,Duke,00-0036637,4240472,c97dfcb6-b999-476f-8487-f3848e92df17,33550,15459,60878,GrayNo00,21785,7828,5.0,"https://static.www.nfl.com/image/upload/f_auto,q_auto/league/yugngcrdfxh0nwzl4zwp",GRA757316,53591,32004752-4175-7316-bcb6-64b110cf2e59,2021.0,2021.0,KC
2026,SF,DB,SAF,29.0,RES,Darrick Forrest,Darrick,Forrest,1999-05-22,71,200,Cincinnati,00-0036638,4239088,6c582650-e297-470b-bb43-f9a1cee68417,33551,15598,55087,ForrDa00,22815,7827,5.0,"https://static.www.nfl.com/image/upload/f_auto,q_auto/league/t1k57hvbictnyjh65ygx",FOR485545,53592,3200464f-5248-5545-c56f-5beae4773c4c,2021.0,2021.0,WAS
2026,CIN,DL,DT,98.0,ACT,Tedarrell Slaton,Tedarrell,Slaton,1997-10-03,77,340,Florida,00-0036642,4240612,855efef2-4393-4959-9712-3fd144a03110,33561,15604,56597,SlatTe00,22803,7818,5.0,"https://static.www.nfl.com/image/upload/f_auto,q_auto/league/oktzavt6whxgvr6ukmhl",SLA560348,53602,3200534c-4156-0348-8601-dbafa8b71b38,2021.0,2021.0,GB
2026,NE,LB,LB,35.0,ACT,K.J. Britt,K.J.,Britt,1999-06-04,72,240,Auburn,00-0036643,4242521,2784acd6-85b1-4411-a00a-094a5fc01930,33564,15408,57727,BritKJ00,22720,7815,5.0,"https://static.www.nfl.com/image/upload/f_auto,q_auto/league/kca9qozdfs1albiamsq0",BRI711435,53605,32004252-4971-1435-f641-23ae851c3192,2021.0,2021.0,TB
2026,LV,LB,LB,,ACT,Cameron McGrone,Cameron,McGrone,2000-06-22,73,236,Michigan,00-0036644,4372085,b498432e-01a4-49ef-8f4d-cda153c7cdd5,33565,15601,81300,McGrCa00,22905,7814,5.0,"https://static.www.nfl.com/image/upload/f_auto,q_auto/league/ngmm9gg0mcgzufrizd80",MCG776638,53606,32004d43-4777-6638-4366-e17d67496eeb,2021.0,2021.0,NE
2026,SEA,DB,CB,34.0,ACT,Shemar Jean-Charles,Shemar,Jean-Charles,1998-06-20,70,184,Appalachian State,00-0036645,4036430,dc9d65a1-f955-4ef4-9b36-807c3ec73821,33566,15636,42496,JeanSh00,22923,7813,5.0,"https://static.www.nfl.com/image/upload/f_auto,q_auto/league/u7t0oehb31vg2xcz7z1q",JEA416791,53607,32004a45-4141-6791-9104-d5dbad16f37c,2021.0,2021.0,GB
2026,AZ,WR,WR,80.0,ACT,Simi Fehoko,Simione,Fehoko,1997-11-05,76,225,Stanford,00-0036646,4360739,3860693c-99a2-4484-99db-1d43e3ff7fd4,33567,15559,84424,FehoSi00,22645,7812,5.0,"https://static.www.nfl.com/image/upload/f_auto,q_auto/league/kbnk59cdzp2opegnrom8",FEH556867,53608,32004645-4855-6867-28d1-9272a231323b,2021.0,2021.0,DAL
2026,GB,LB,LB,31.0,ACT,Nick Niemann,Nick,Niemann,1997-12-02,75,234,Iowa,00-0036648,4036141,30bfd566-e867-4ee7-bf19-d36794ed39f1,33573,15603,43500,NiemNi00,22926,7807,5.0,"https://static.www.nfl.com/image/upload/f_auto,q_auto/league/nbizfccowpxtgytc4n2u",NIE548472,53614,32004e49-4554-8472-5f07-4daead847661,2021.0,2021.0,LAC
2026,JAX,DL,DT,,ACT,Quinton Bohanna,Quinton,Bohanna,1999-03-16,76,355,Kentucky,00-0036649,4259978,22c50029-dccc-464e-81fe-236c34b167cd,33580,15605,56673,BohaQu00,22713,7801,5.0,"https://static.www.nfl.com/image/upload/f_auto,q_auto/league/jfyxrdrkpytiahvsoatj",BOH051911,53621,3200424f-4805-1911-a9de-495f5d65c4f0,2021.0,2021.0,DAL
2026,CAR,OL,OT,73.0,ACT,Stone Forsythe,Stone,Forsythe,1997-12-29,80,307,Florida,00-0036653,,,,,,,,,5.0,"https://static.www.nfl.com/image/upload/f_auto,q_auto/league/iptr66al3wmni1hpipbo",FOR594051,53637,3200464f-5259-4051-69a5-9f094df3af62,2021.0,2021.0,SEA
2026,JAX,OL,G,70.0,ACT,Cole Van Lanen,Cole,Van Lanen,1998-04-23,76,312,Wisconsin,00-0036655,,,,,,,,,5.0,"https://static.www.nfl.com/image/upload/f_auto,q_auto/league/oe5pfxi1iqbeskvwciii",VAN623866,53643,32005641-4e62-3866-b693-005f6c94944d,2021.0,2021.0,GB
2026,GB,LB,LB,58.0,ACT,Isaiah McDuffie,Stevenson,McDuffie,1999-07-21,73,227,Boston College,00-0036658,4239947,92e24ebb-25e5-413a-95d4-26936bdb6a70,33608,15255,57754,McDuIs00,22904,7782,5.0,"https://static.www.nfl.com/image/upload/f_auto,q_auto/league/kfscpyshsfu3hswm7lkd",MCD814431,53649,32004d43-4481-4431-6d49-3bf354c84128,2021.0,2021.0,GB
2026,KC,OL,G,65.0,ACT,Trey Smith,Henry,Smith,1999-06-16,78,321,Tennessee,00-0036660,,,,,,,,,5.0,"https://static.www.nfl.com/image/upload/f_auto,q_auto/league/tevu0zoswqcvyjtweopr",SMI764701,53655,3200534d-4976-4701-9935-2cd0c0d35dd1,2021.0,2021.0,KC
2026,SF,DL,DE,69.0,ACT,Will Bradley-King,William,Bradley-King,1997-12-22,76,265,Baylor,00-0036664,4036476,16913d50-4fcd-401e-abb8-3a9fdfd24de5,,15480,44184,BradWi00,22718,7764,5.0,"https://static.www.nfl.com/image/upload/f_auto,q_auto/league/twnmwxwnx4tk8bwvhmdz",BRA251763,53669,32004252-4125-1763-b355-50a878860b16,2021.0,2021.0,WAS
2026,LA,LB,LB,44.0,ACT,Grant Stuard,Grant,Stuard,1998-10-15,71,230,Houston,00-0036672,4240255,f9dbd390-b1c7-41a2-9e96-6f5de2848efc,33646,15247,55933,StuaGr00,22785,7750,5.0,"https://static.www.nfl.com/image/upload/f_auto,q_auto/league/ws9nh7wahkmhwqnpi7zv",STU014150,53688,32005354-5501-4150-49bd-b5e4a0e6f4f3,2021.0,2021.0,TB
2026,MIA,DB,SAF,23.0,ACT,Zayne Anderson,Zayne,Anderson,1997-01-03,74,206,BYU,00-0036677,3932335,6fd330e6-8cab-4351-b9e8-bc6ffb125b1c,33877,15711,34622,AndeZa02,23021,8000,5.0,"https://static.www.nfl.com/image/upload/f_auto,q_auto/league/r4j0wtxm67rnmxl6zajl",AND626731,53882,3200414e-4462-6731-d434-d36c7dd7abed,2021.0,2021.0,
2026,BUF,QB,QB,6.0,ACT,Shane Buechele,Shane,Buechele,1998-01-08,72,210,SMU,00-0036679,4039034,d7c63db7-dfe8-4cd6-a684-90342d12fa26,33879,15262,12659,BuecSh00,21818,8002,5.0,"https://static.www.nfl.com/image/upload/f_auto,q_auto/league/f8debemuxxzrosthavuu",BUE133180,53884,32004255-4513-3180-19c0-87196ba1f81a,2021.0,2021.0,
2026,TEN,DL,DE,93.0,ACT,Malik Herring,Al'Malik,Herring,1997-11-09,75,275,Georgia,00-0036682,4259547,96d1c6e6-a450-476e-987b-c1e469c43f1b,33882,15361,56616,HerrMa02,22833,8001,5.0,"https://static.www.nfl.com/image/upload/f_auto,q_auto/league/bic0n2ocrdgl57ygp8lj",HER564752,53887,32004845-5256-4752-3f1a-38971faac140,2021.0,2021.0,
2026,DEN,DB,SAF,26.0,ACT,Devon Key,Devon,Key,1997-10-28,72,208,Western Kentucky,00-0036683,4037559,83b719f1-e6ac-4611-8235-c2f6bd198fa3,,15713,56307,KeyxDe00,22948,8004,5.0,"https://static.www.nfl.com/image/upload/f_auto,q_auto/league/aax1z5qptzbpatde06cf",KEY108787,53888,32004b45-5910-8787-aed2-6e503c194202,2021.0,2021.0,
2026,HOU,DL,DT,91.0,ACT,Naquan Jones,Naquan,Jones,1998-02-05,75,313,Michigan State,00-0036695,4046716,728571c3-6651-4534-ad27-d86d72dc7d16,33833,15243,44363,JoneNa01,22866,7853,5.0,"https://static.www.nfl.com/image/upload/f_auto,q_auto/league/i4edhuakry7za5kzgbov",JON636371,53900,32004a4f-4e63-6371-cfb0-98e8051563bb,2021.0,2021.0,
2026,CLE,DL,DT,92.0,ACT,Sam Kamara,Sam,Kamara,1997-12-21,72,272,Stony Brook,00-0036705,4033855,7b2e9dfa-96c6-4bbf-80c4-094f9683b217,33908,15725,24176,KamaSa00,22941,7844,5.0,"https://static.www.nfl.com/image/private/f_auto,q_auto/league/aakuha494hvtrja3dwjn",KAM329673,53910,32004b41-4d32-9673-e268-ec24780e5f0c,2021.0,2021.0,
2026,DEN,RB,FB,,ACT,Adam Prentice,Adam,Prentice,1997-01-16,72,245,South Carolina,00-0036727,3929914,e5870f5e-f9b2-48a3-97ec-8d12fbc91f3f,33901,15744,35639,PrenAd00,23004,8025,5.0,"https://static.www.nfl.com/image/upload/f_auto,q_auto/league/v7eu5mvg4n0cg3cbrjxn",PRE226147,53932,32005052-4522-6147-2079-055f099032bc,2021.0,2021.0,
2026,DAL,LB,LB,42.0,ACT,Curtis Robinson,Curtis,Robinson,1998-06-02,75,235,Stanford,00-0036728,4044448,4c1b3190-50e2-4918-8e3b-7bb012f8b304,33902,15338,42871,RobiCu00,23003,8020,5.0,"https://static.www.nfl.com/image/upload/f_auto,q_auto/league/t0a61ugsjq7akmobnrh5",ROB384888,53933,3200524f-4238-4888-65bb-bd7a23217dd3,2021.0,2021.0,
2026,LAC,OL,G,74.0,ACT,Kayode Awosika,Kayode,Awosika,1998-10-27,75,312,Buffalo,00-0036736,,,,,,,,,5.0,"https://static.www.nfl.com/image/upload/f_auto,q_auto/league/nrcnc0ypzmitcoud1ei8",AWO426541,53941,32004157-4f42-6541-ac72-1f7296caeb65,2021.0,2021.0,
2026,CLE,TE,TE,89.0,ACT,Jack Stoll,Jack,Stoll,1998-01-28,76,245,Nebraska,00-0036741,4034862,0560d134-d316-4cda-9d48-34d32267af68,33891,15510,42058,StolJa00,22661,7946,5.0,"https://static.www.nfl.com/image/upload/f_auto,q_auto/league/rtgfs8jwzhtmupqxqgmz",STO341471,53946,32005354-4f34-1471-7264-756feb973283,2021.0,2021.0,
2026,DET,TE,TE,89.0,ACT,Brock Wright,Brock,Wright,1998-11-27,77,254,Notre Dame,00-0036754,4242392,8f182089-7730-499e-8f2e-87bda32debfb,33774,15681,60994,WrigBr01,23010,7891,5.0,"https://static.www.nfl.com/image/upload/f_auto,q_auto/league/bd8sqnzheg7zetlhvku5",WRI121125,53959,32005752-4912-1125-aa03-c813d709a6cd,2021.0,2021.0,
2026,LAC,RB,RB,32.0,ACT,Jaret Patterson,Jaret,Patterson,1999-12-23,68,195,Buffalo,00-0036755,4362452,82996e3b-b72d-41ca-8eb1-91e462ceff85,33706,15315,77745,PattJa01,22556,7537,5.0,"https://static.www.nfl.com/image/upload/f_auto,q_auto/league/n1rttxv1rhvjagyjgxvk",PAT456375,53960,32005041-5445-6375-4c14-9b0e9f7438ee,2021.0,2021.0,
2026,PIT,WR,WR,87.0,ACT,Brandon Smith,Brandon,Smith,1998-12-10,74,220,Iowa,00-0036775,4240577,c9ef678b-959b-445b-b32a-81c767c8ad65,33710,15307,61327,SmitBr07,22637,7865,5.0,"https://static.www.nfl.com/image/upload/f_auto,q_auto/league/dsoiib9zpqnrsqcrn3pm",SMI082514,53986,3200534d-4908-2514-6354-091f5928deef,2021.0,2021.0,
2026,PIT,OL,C,62.0,ACT,Ryan McCollum,Ryan,McCollum,1998-03-04,77,300,Texas A&M,00-0036783,,,,,,,,,5.0,"https://static.www.nfl.com/image/upload/f_auto,q_auto/league/xcq2izkd1ulmlwgiefv3",MCC494147,53994,32004d43-4349-4147-d8e2-37cdb0c1dc58,2021.0,2021.0,
2026,NYJ,DL,DT,96.0,ACT,Jack Heflin,Jack,Heflin,1998-03-08,75,304,Iowa,00-0036788,4039485,00ba8fa0-93ee-4e40-823a-d03a2639fce1,33755,15613,44570,HeflJa00,22945,7880,5.0,"https://static.www.nfl.com/image/upload/f_auto,q_auto/league/fpbxakmvdtvwmxmu6rl4",HEF347575,53999,32004845-4634-7575-401b-c8721474fb01,2021.0,2021.0,
2026,CHI,LB,LB,46.0,ACT,Jon Rhattigan,Jon,Rhattigan,1999-02-02,72,236,Army,00-0036802,4258485,5e21c974-4168-4d6d-9b6c-97c16a96fb01,33862,15770,57718,RhatJo00,22956,7957,5.0,"https://static.www.nfl.com/image/upload/f_auto,q_auto/league/im8y1u3b8ptowjxz56en",RHA456205,54014,32005248-4145-6205-2bcd-5fb9865f785c,2021.0,2021.0,
2026,NE,LB,LB,53.0,ACT,Christian Elliss,Christian,Elliss,1999-01-02,74,231,Idaho,00-0036813,4245273,c3ef92f7-29f7-43db-bbef-4e9875d756e9,33778,15673,61853,ElliCh00,23017,7921,5.0,"https://static.www.nfl.com/image/upload/f_auto,q_auto/league/g78euyfj7wtinnylus04",ELL748057,54026,3200454c-4c74-8057-8358-0c0b1c28c8d1,2021.0,2021.0,
2026,MIA,K,K,47.0,ACT,Riley Patterson,Riley,Patterson,1999-09-07,72,190,Memphis,00-0036816,4243371,deac735c-af0a-4f01-ada8-379ef66917ba,33781,15512,57556,PattRi01,22863,7922,5.0,"https://static.www.nfl.com/image/upload/f_auto,q_auto/league/gzvyb1u3dueikfy3otlq",PAT498920,54029,32005041-5449-8920-c215-c757ffb0f19e,2021.0,2021.0,
2026,CAR,TE,TE,81.0,ACT,Feleipe Franks,Feleipe,Franks,1997-12-22,78,228,Arkansas,00-0036825,4034948,79a849be-0552-4da9-89ff-11d20a7a764a,33729,15324,40217,FranFe00,22498,7531,5.0,"https://static.www.nfl.com/image/upload/f_auto,q_auto/league/v5zscuctkdetzfstqouf",FRA593646,54038,32004652-4159-3646-921f-5b52f2f03a61,2021.0,2021.0,
2026,ATL,OL,G,64.0,ACT,Ryan Neuzil,Ryan,Neuzil,1997-07-31,75,305,Appalachian State,00-0036833,,,,,,,,,5.0,"https://static.www.nfl.com/image/upload/f_auto,q_auto/league/zhgrjqtmbyx5lzwaflbr",NEU758774,54046,32004e45-5575-8774-9970-30ba8dbea532,2021.0,2021.0,
2026,MIA,OL,OT,71.0,ACT,Kion Smith,Kion,Smith,1998-10-07,77,300,Fayetteville State University,00-0036839,,,,,,,,,5.0,"https://static.www.nfl.com/image/upload/f_auto,q_auto/league/rawjlqbe9aroo9cqkpfv",SMI462908,54052,3200534d-4946-2908-24d5-8bb4cb21bcdb,2021.0,2021.0,
2026,JAX,WR,WR,81.0,ACT,Austin Trammell,Stephen,Trammell,1998-07-04,70,185,Rice,00-0036841,4244856,c1d52f55-4c65-4b37-8457-f0dc028c85bc,33745,15663,52195,TramAu00,22973,7746,5.0,"https://static.www.nfl.com/image/upload/f_auto,q_auto/league/wycm0dz06421rredzyrq",TRA262930,54054,32005452-4126-2930-1777-1ca2b2e12147,2021.0,2021.0,
2026,NYJ,RB,RB,3.0,ACT,Kene Nwangwu,Kene,Nwangwu,1998-02-09,73,210,Iowa State,00-0036842,4035537,482c1032-765a-48d3-b46e-b47a809dbee4,33507,15579,40547,NwanKe00,22676,7720,5.0,"https://static.www.nfl.com/image/upload/f_auto,q_auto/league/rlnqgz517fsohrndgjrb",NWA456204,53548,32004e57-4145-6204-644d-024f399464aa,2021.0,2021.0,MIN
2026,MIN,DL,DE,,ACT,Isaiahh Loudermilk,Isaiahh,Loudermilk,1997-10-10,79,293,Wisconsin,00-0036843,4035798,ff28a5cc-3780-4f94-8c40-d713ff75cd0d,33544,15347,44416,LoudIs00,22920,7833,5.0,"https://static.www.nfl.com/image/upload/f_auto,q_auto/league/ezdwpy005v0doz6sobcp",LOU563605,53585,32004c4f-5556-3605-510d-c8e7f408c030,2021.0,2021.0,PIT
2026,SF,LB,LB,49.0,ACT,Garret Wallow,Garret,Wallow,1999-01-25,74,230,TCU,00-0036844,4241807,f50c9bb7-2782-4390-a84f-b47e71d6018f,33558,15602,60761,WallGa00,22761,7821,5.0,"https://static.www.nfl.com/image/upload/f_auto,q_auto/league/jf7xnestp0wmq0lbezxs",WAL527275,53599,32005741-4c52-7275-96e8-979862ce6849,2021.0,2021.0,HOU
2026,MIA,WR,WR,4.0,ACT,Tutu Atwell,Chatarius,Atwell,1999-10-07,69,165,Louisville,00-0036849,4360797,7dc49535-f9dd-44b0-94f2-08ac6470130b,33445,15229,77965,AtweTu00,22602,7562,5.0,"https://static.www.nfl.com/image/upload/f_auto,q_auto/league/twlslcaa7c2wblveaafu",ATW460468,53486,32004154-5746-0468-3028-a14cc41f9cf3,2021.0,2021.0,LA
2026,SF,DL,DE,96.0,ACT,Cameron Sample,Cameron,Sample,1999-09-20,75,272,Tulane,00-0036850,4243923,2f1b4df5-a65b-4b13-8a86-81c03259e822,33499,15318,56462,SampCa00,22835,7727,5.0,"https://static.www.nfl.com/image/private/f_auto,q_auto/league/kvkvhvbvcebjkevxjdhd",SAM062951,53540,32005341-4d06-2951-186e-cb95f4914a26,2021.0,2021.0,CIN
2026,CIN,K,K,2.0,ACT,Evan McPherson,Evan,McPherson,1999-07-21,71,185,Florida,00-0036854,4360234,acc143ed-53b2-49c9-81bc-16e6c98ffcae,33537,15383,82583,McPhEv00,22908,7839,5.0,"https://static.www.nfl.com/image/upload/f_auto,q_auto/league/cpvujaqwscupzvbbx7oe",MCP571021,53578,32004d43-5057-1021-94d9-4d594be79c9e,2021.0,2021.0,CIN
2026,TEN,DL,DE,69.0,ACT,Earnest Brown IV,Earnest,Brown,1999-01-08,77,270,Northwestern,00-0036855,4242292,58643249-5d94-48a2-8ea2-13cab4ca2a89,33562,15616,56428,BrowEa00,22723,7817,5.0,"https://static.www.nfl.com/image/upload/f_auto,q_auto/league/nqyyjsk3zyn0t7lttprh",BRO823765,53603,32004252-4f82-3765-be2d-5cc53c3415f5,2021.0,2021.0,LA
2026,TEN,OL,C,61.0,ACT,Trey Hill,Deontrey,Hill,2000-01-23,76,319,Georgia,00-0036856,,,,,,,,,5.0,"https://static.www.nfl.com/image/upload/f_auto,q_auto/league/ngdiunmyoawxtwz3tu7a",HIL623828,53619,32004849-4c62-3828-2b4b-8f177f08ab12,2021.0,2021.0,CIN
2026,IND,OL,C,65.0,ACT,Jimmy Morrissey,James,Morrissey,1998-06-09,76,305,Pittsburgh,00-0036859,,,,,,,,,5.0,"https://static.www.nfl.com/image/upload/f_auto,q_auto/league/d1cei9wk9zuoz5gkvuqd",MOR678529,53659,32004d4f-5267-8529-eed0-324fedfd2f1c,2021.0,2021.0,LV
2026,PIT,WR,WR,15.0,ACT,Ben Skowronek,Bennett,Skowronek,1997-06-27,75,224,Notre Dame; Northwestern,00-0036862,4035656,5521ba64-e615-4d50-b9bf-490498571ac7,33637,15467,27948,SkowBe00,22590,7757,5.0,"https://static.www.nfl.com/image/upload/f_auto,q_auto/league/drojmh3dbpuagobvilzv",SKO738004,53678,3200534b-4f73-8004-e74f-6a0e3fb2f31f,2021.0,2021.0,LA
2026,NE,OL,OT,51.0,ACT,James Hudson,James,Hudson,1999-05-13,77,313,Cincinnati,00-0036866,,,,,,,,,5.0,"https://static.www.nfl.com/image/upload/f_auto,q_auto/league/awncy5wgubdzptt9ici9",HUD394582,53539,32004855-4439-4582-be26-af32eeb2bc71,2021.0,2021.0,CLE
2026,NO,LB,LB,58.0,ACT,Chris Rumph II,Chris,Rumph,1998-10-19,74,244,Duke,00-0036867,4240475,dcbf373f-7336-457f-888f-02596a391d89,33506,15311,56345,RumpCh00,22838,7721,5.0,"https://static.www.nfl.com/image/upload/f_auto,q_auto/league/ayrvlbmyxlvek7afcioc",RUM515532,53547,32005255-4d51-5532-67a7-050f048d78f1,2021.0,2021.0,LAC
2026,TEN,OL,OT,75.0,ACT,Dan Moore Jr.,Dan,Moore,1998-09-28,77,315,Texas A&M,00-0036869,,,,,,,,,5.0,"https://static.www.nfl.com/image/upload/f_auto,q_auto/league/boxltktohmx9eqfrjr9c",MOO788885,53557,32004d4f-4f78-8885-a285-ff2e4eb4db91,2021.0,2021.0,PIT
2026,SF,DB,CB,22.0,ACT,Nate Hobbs,Nate,Hobbs,1999-06-24,73,195,Illinois,00-0036871,4240542,b34aa9fb-3f93-481b-8f68-7330c39e6e20,33555,15387,55948,HobbNa00,22921,7823,5.0,"https://static.www.nfl.com/image/upload/f_auto,q_auto/league/tqngf0urgkjrrqtx0kzl",HOB298253,53596,3200484f-4229-8253-a672-c462bcac7773,2021.0,2021.0,LV
2026,DEN,DB,CB,2.0,ACT,Pat Surtain II,Patrick,Surtain,2000-04-14,74,202,Alabama,00-0036874,4372012,5c753156-6ba2-4e25-9fbd-492c69e06ff0,33397,15403,83119,SurtPa01,22692,7641,5.0,"https://static.www.nfl.com/image/upload/f_auto,q_auto/league/soec8zk3n5jvxvywq1gm",SUR634187,53438,32005355-5263-4187-d85c-9784fc0a886b,2021.0,2021.0,DEN
2026,NE,RB,RB,38.0,ACT,Rhamondre Stevenson,Rhamondre,Stevenson,1998-02-23,72,227,Oklahoma; Cerritos College,00-0036875,4569173,6260e78a-64e2-4f7e-9bf8-39948a17a370,33508,15372,98689,StevRh00,22546,7611,5.0,"https://static.www.nfl.com/image/upload/f_auto,q_auto/league/ed09migntlyy8ntgvcu1",STE703131,53549,32005354-4570-3131-4f2a-53760868c1d8,2021.0,2021.0,NE
2026,TEN,TE,TE,86.0,ACT,Kylen Granson,Kylen,Granson,1998-03-27,75,242,SMU,00-0036876,4039160,bcc0167c-05fd-4b23-981e-60b8784ceb33,33515,15245,40630,GranKy00,22823,7602,5.0,"https://static.www.nfl.com/image/upload/f_auto,q_auto/league/ysbxmdw4da30q3kjb571",GRA367521,53556,32004752-4136-7521-12e0-76f6488826b0,2021.0,2021.0,IND
2026,DEN,QB,QB,4.0,ACT,Sam Ehlinger,Samuel,Ehlinger,1998-09-30,73,222,Texas,00-0036879,4241820,59f4acd0-971a-4470-ab8d-17900a4b128a,33606,15328,60555,EhliSa00,21815,7583,5.0,"https://static.www.nfl.com/image/upload/f_auto,q_auto/league/ntaqj7ts4bvck59gqecf",EHL426541,53647,32004548-4c42-6541-a2ef-ab82d9f8abe9,2021.0,2021.0,IND
2026,DET,OL,OT,58.0,ACT,Penei Sewell,Penei,Sewell,2000-10-09,77,335,Oregon,00-0036880,,,,,,,,,5.0,"https://static.www.nfl.com/image/upload/f_auto,q_auto/league/bfdl9aba5nufevjfckeb",SEW478214,53436,32005345-5747-8214-9180-519633263ceb,2021.0,2021.0,DET
2026,DET,DL,DT,57.0,ACT,Jay Tufele,Jay,Tufele,1999-07-25,75,310,USC,00-0036881,4259647,79a2bcb9-b390-4486-b64a-db81b246bf68,33494,15421,56913,TufeJa00,22774,7731,5.0,"https://static.www.nfl.com/image/upload/f_auto,q_auto/league/w0b0txntjiv6diob9u5k",TUF103822,53535,32005455-4610-3822-e3e9-dc3d8ed22b4d,2021.0,2021.0,JAX
2026,HOU,DL,DT,72.0,ACT,Tommy Togiai,Tommy,Togiai,1999-09-19,74,296,Ohio State,00-0036883,4361366,4a4f2ec4-b750-417c-8fa3-f1ec6386f032,33520,15590,82501,TogiTo00,22780,7711,5.0,"https://static.www.nfl.com/image/upload/f_auto,q_auto/league/vq1st1d5nifz8aze1aix",TOG319136,53561,3200544f-4731-9136-e0d4-c4b70b445fea,2021.0,2021.0,CLE
2026,MIA,DB,CB,21.0,ACT,Marco Wilson,Marco,Wilson,1999-03-03,71,191,Florida,00-0036884,4240595,409f6cf2-cfd2-4712-80a2-9a62e0ad75c4,33524,15313,55592,WilsMa04,22739,7708,5.0,"https://static.www.nfl.com/image/upload/f_auto,q_auto/league/mcmzfcisg5pkfulsp0tr",WIL749995,53565,32005749-4c74-9995-14dd-2c0bb7452094,2021.0,2021.0,ARI
2026,NYJ,DB,CB,30.0,ACT,Tre Brown,Tre,Brown,1997-09-24,70,185,Oklahoma,00-0036885,4241373,0589b224-bfc7-47a5-b89d-ff58ef2dcf21,33525,15477,55677,BrowTr03,22726,7707,5.0,"https://static.www.nfl.com/image/upload/f_auto,q_auto/league/rsa4qgvqzrmqgonwf3co",BRO739157,53566,32004252-4f73-9157-4a37-cb5e8ead60d1,2021.0,2021.0,SEA
2026,SF,TE,TE,89.0,ACT,Luke Farrell,Luke,Farrell,1997-10-14,77,250,Ohio State,00-0036887,4040612,8a1f0e8e-6521-4a94-9934-ad4f76a25fd9,33533,15566,42353,FarrLu00,21795,7842,5.0,"https://static.www.nfl.com/image/upload/f_auto,q_auto/league/sccmpo8xbzdbjasmwcfj",FAR615740,53574,32004641-5261-5740-50b8-305db0b7e238,2021.0,2021.0,JAX
2026,BUF,DB,SAF,3.0,ACT,Damar Hamlin,Damar,Hamlin,1998-03-24,72,200,Pittsburgh,00-0036888,4036060,3a6b8eac-9a76-47e0-b791-b6ee245ae924,33600,15233,43291,HamlDa00,22097,7787,5.0,"https://static.www.nfl.com/image/upload/f_auto,q_auto/league/y3up9bdo5vczbq5zskxo",HAM401130,53641,32004841-4d40-1130-e55c-c458b6bff7bf,2021.0,2021.0,BUF
2026,PIT,TE,TE,88.0,ACT,Pat Freiermuth,Patrick,Freiermuth,1998-10-25,77,258,Penn State,00-0036894,4361411,04f0fefe-9d9d-44f5-94ea-6df2a42df3c6,33443,15267,84085,FreiPa00,22507,7600,5.0,"https://static.www.nfl.com/image/upload/f_auto,q_auto/league/vmwioi77upc9hqwaskfa",FRE439769,53484,32004652-4543-9769-d771-bdf1de25cd8b,2021.0,2021.0,PIT
2026,HOU,QB,QB,10.0,ACT,Davis Mills,Davis,Mills,1998-10-21,76,225,Stanford,00-0036898,4242546,7d51fab7-2d52-4d19-a021-19a123af0d10,33455,15542,52269,MillDa02,22505,7585,5.0,"https://static.www.nfl.com/image/upload/f_auto,q_auto/league/v3bofeusytvkogvqichy",MIL678397,53496,32004d49-4c67-8397-4c7b-81c6636ba80e,2021.0,2021.0,HOU
2026,CIN,WR,WR,1.0,ACT,Ja'Marr Chase,Ja'Marr,Chase,2000-03-01,72,205,LSU,00-0036900,4362628,fa99e984-d63b-4ef4-a164-407f68a7eeaf,33393,15183,84270,ChasJa00,22564,7564,5.0,"https://static.www.nfl.com/image/upload/f_auto,q_auto/league/qya3dtjb5kgofcuj2tuw",CHA694469,53434,32004348-4169-4469-b021-d2c20a7d7cf5,2021.0,2021.0,CIN
2026,LV,DB,CB,,ACT,Eric Stokes,Eric,Stokes,1999-03-01,72,194,Georgia,00-0036901,4259561,35e016e2-c6cd-49c5-b1b5-73f03b81ff4d,33417,15297,55912,StokEr00,22786,7628,5.0,"https://static.www.nfl.com/image/upload/f_auto,q_auto/league/utosvktgajhtqd2px9xp",STO214699,53458,32005354-4f21-4699-ce5b-ed6694ff1e45,2021.0,2021.0,GB
2026,NYJ,DL,DE,46.0,ACT,Joseph Ossai,Joseph,Ossai,2000-04-13,76,253,Texas,00-0036902,4362094,f46bc3a8-dbcc-4d96-8d6e-50034429de29,33457,15507,77205,OssaJo00,22868,7678,5.0,"https://static.www.nfl.com/image/upload/f_auto,q_auto/league/ixgqo1gn6f79bhhoyirq",OSS029663,53498,32004f53-5302-9663-dacb-d6922d4bb6a0,2021.0,2021.0,CIN
2026,CAR,DL,DT,97.0,ACT,Bobby Brown III,Bobby,Brown,2000-08-07,76,332,Texas A&M,00-0036903,4372518,17bb3390-5232-402b-b229-c478b22dd200,33505,15591,82429,BrowBo04,22721,7722,5.0,"https://static.www.nfl.com/image/upload/f_auto,q_auto/league/f3fspidlfqws3asws3gw",BRO802918,53546,32004252-4f80-2918-2bd2-89c8d04d0f41,2021.0,2021.0,LA
2026,CAR,DB,CB,33.0,ACT,Robert Rochell,Robert,Rochell,1998-04-26,74,195,Central Arkansas,00-0036904,4032200,170d9d12-0595-4636-9b42-822ff93a6d94,33518,15443,33693,RochRo00,22848,7712,5.0,"https://static.www.nfl.com/image/upload/f_auto,q_auto/league/oqn1nnmeqppzkymivtfe",ROC174205,53559,3200524f-4317-4205-2ef5-3842925c4c60,2021.0,2021.0,LA
2026,DET,OL,G,79.0,ACT,Larry Borom,Larry,Borom,1999-03-30,77,332,Missouri,00-0036905,,,,,,,,,5.0,"https://static.www.nfl.com/image/upload/f_auto,q_auto/league/n9k0wubk028m5ecfwg8x",BOR519659,53580,3200424f-5251-9659-4669-5f1b59001f4a,2021.0,2021.0,CHI
2026,KC,DL,DT,92.0,ACT,Khyiris Tonga,Khyiris,Tonga,1996-07-07,74,335,BYU,00-0036909,4256074,253afa4e-a404-41e5-82bc-4c41508498f5,33851,15325,52000,TongKh00,22778,7756,5.0,"https://static.www.nfl.com/image/upload/f_auto,q_auto/league/sd2nd0xkekkuf2hrlcjq",TON626509,53679,3200544f-4e62-6509-9c30-e571694eee90,2021.0,2021.0,CHI
2026,PHI,WR,WR,6.0,ACT,DeVonta Smith,DeVonta,Smith,1998-11-14,72,170,Alabama,00-0036912,4241478,3555d07e-57ae-43de-97d5-b1b5bf055f17,33398,15406,61100,SmitDe07,21687,7525,5.0,"https://static.www.nfl.com/image/upload/f_auto,q_auto/league/vj2fz8veorg1k5qthnjm",SMI206016,53439,3200534d-4920-6016-573c-fcc767bafc4d,2021.0,2021.0,PHI
2026,BUF,LB,LB,15.0,ACT,Greg Rousseau,Gregory,Rousseau,2000-04-05,78,266,Miami,00-0036914,4362506,c47a2147-d70d-4874-91b3-8548b26fb3ec,33418,15283,76889,RousGr00,22698,7627,5.0,"https://static.www.nfl.com/image/upload/f_auto,q_auto/league/oljb2xg9fry8gnuqz66k",ROU617685,53459,3200524f-5561-7685-7a57-00bd6b5af7ea,2021.0,2021.0,BUF
2026,CLE,LB,LB,6.0,PUP,Jeremiah Owusu-Koramoah,Jeremiah,Owusu-Koramoah,1999-11-04,74,221,Notre Dame,00-0036915,4258599,513aad03-6d8b-45cd-96ed-ad0d56e942f4,33440,15505,58089,OwusJe00,22696,7651,5.0,"https://static.www.nfl.com/image/private/f_auto,q_auto/league/evmul3yfbefvmy1tc1ns",OWU604524,53481,32004f57-5560-4524-4478-5c5967f00096,2021.0,2021.0,CLE
2026,NE,DL,DT,97.0,ACT,Milton Williams,Milton,Williams,1999-04-06,75,290,Louisiana Tech,00-0036916,4239699,ebabfa18-7713-4002-8ac4-cf30cd4566fc,33461,15291,56682,WillMi08,22744,7696,5.0,"https://static.www.nfl.com/image/upload/f_auto,q_auto/league/pne778olspa9ercg4e56",WIL454157,53502,32005749-4c45-4157-cbf6-f99ade2bc77d,2021.0,2021.0,PHI
2026,TB,RB,RB,1.0,ACT,Kenneth Gainwell,Kenneth,Gainwell,1999-03-14,69,200,Memphis,00-0036919,4371733,e2a5882a-dcc1-4800-889f-3b957b21834f,33538,15222,77737,GainKe00,22562,7567,5.0,"https://static.www.nfl.com/image/upload/f_auto,q_auto/league/f74x1ywy7oo5kq81vblh",GAI606964,53579,32004741-4960-6964-7702-692656fad861,2021.0,2021.0,PHI
2026,TEN,RB,RB,35.0,ACT,Michael Carter,Michael,Carter,1999-05-07,68,201,North Carolina,00-0036924,4240657,7f119181-4c9f-4a9f-bccc-357277b64a8d,33495,15273,57337,CartMi03,22553,7607,5.0,"https://static.www.nfl.com/image/upload/f_auto,q_auto/league/e1y7zhd7w3xbthodfa3m",CAR716520,53536,32004341-5271-6520-cf4c-d6916bc87e00,2021.0,2021.0,NYJ
2026,DET,DL,DE,92.0,ACT,Payton Turner,Payton,Turner,1999-01-07,78,270,Houston,00-0036926,4240269,91e004b5-8a40-45cc-8246-a34faca1ee64,33416,15435,56624,TurnPa02,22772,7629,5.0,"https://static.www.nfl.com/image/upload/f_auto,q_auto/league/lh1skysdf0gyqhkasque",TUR646253,53457,32005455-5264-6253-7d03-4daa88bd4dd4,2021.0,2021.0,NO
2026,NO,LB,LB,20.0,ACT,Pete Werner,Pete,Werner,1999-06-05,75,242,Ohio State,00-0036927,4241993,09bdc469-0d82-4bce-8d49-810a44a550da,33448,15600,58093,WernPe00,22753,7647,5.0,"https://static.www.nfl.com/image/upload/f_auto,q_auto/league/nqs87jnlklns7tm7w5jj",WER545065,53489,32005745-5254-5065-73d0-7fd60f2aedaa,2021.0,2021.0,NO
2026,NYJ,OL,OT,,ACT,Landon Young,Landon,Young,1997-08-21,79,321,Kentucky,00-0036930,,,,,,,,,5.0,"https://static.www.nfl.com/image/upload/f_auto,q_auto/league/xdlyslqtyq9dgyvhj9sw",YOU358650,53635,3200594f-5535-8650-3d56-03854ce012ea,2021.0,2021.0,NO
2026,GB,LB,LB,1.0,ACT,Micah Parsons,Micah,Parsons,1999-05-26,75,250,Penn State,00-0036932,4361423,b4eab0bf-9e1f-43f8-912f-d33ac517bc46,33400,15182,81360,ParsMi00,22695,7640,5.0,"https://static.www.nfl.com/image/upload/f_auto,q_auto/league/igbkpnpsezgrvngnf5ck",PAR753418,53441,32005041-5275-3418-9a2d-9826287ee445,2021.0,2021.0,DAL
2026,AZ,LB,LB,25.0,ACT,Zaven Collins,Zaven,Collins,1999-05-19,76,270,Tulsa,00-0036933,4244606,61fda7fc-a8d7-435f-9397-5657662cd6b2,33404,15288,77190,CollZa00,22697,7637,5.0,"https://static.www.nfl.com/image/upload/f_auto,q_auto/league/kyzjrpamx2gfuumvpxai",COL712276,53445,3200434f-4c71-2276-ee5d-d6185f3c66ad,2021.0,2021.0,ARI
2026,CAR,LB,LB,5.0,ACT,Jaelan Phillips,Jaelan,Phillips,1999-05-28,77,266,Miami,00-0036934,4242975,2e0122de-812b-44fa-8bf9-084695be95e3,33406,15263,56902,PhilJa02,22699,7635,5.0,"https://static.www.nfl.com/image/upload/f_auto,q_auto/league/etpp0zmoctw8uweix07f",PHI254734,53447,32005048-4925-4734-953b-176f711c1e6f,2021.0,2021.0,MIA
2026,NYG,DB,CB,21.0,ACT,Paulson Adebo,Saiid,Adebo,1999-07-03,73,192,Stanford,00-0036937,4242547,054cf859-2cf7-4621-a98e-b440e66508a5,33464,15399,52280,AdebPa00,22704,7669,5.0,"https://static.www.nfl.com/image/upload/f_auto,q_auto/league/syndlzqvjmmeplufohl8",ADE042937,53505,32004144-4504-2937-5d43-1392b15dc292,2021.0,2021.0,NO
2026,WAS,LB,LB,98.0,ACT,Odafe Oweh,Odafe,Oweh,1998-12-15,77,251,Penn State,00-0036940,4361422,232b1ab6-7a50-48a3-b213-681e782d6daa,33419,15305,82161,OwehJa00,22867,7626,5.0,"https://static.www.nfl.com/image/upload/f_auto,q_auto/league/xjfiyufnofknncgkmbyy",OWE012098,53460,32004f57-4501-2098-d88c-b6118c47c2f5,2021.0,2021.0,BAL
2026,NYJ,DB,SAF,8.0,ACT,Andre Cisco,Andre,Cisco,2000-03-23,72,210,Syracuse,00-0036941,4361939,250da6c8-2222-4438-9800-60d7bbb449d7,33453,15199,76641,CiscAn00,22740,7698,5.0,"https://static.www.nfl.com/image/upload/f_auto,q_auto/league/sdk8jvmv30mvetujj7bs",CIS207645,53494,32004349-5320-7645-d990-4be4e62d11a3,2021.0,2021.0,JAX
2026,SF,DL,DT,92.0,ACT,Osa Odighizuwa,Osawanu,Odighizuwa,1998-08-13,74,294,UCLA,00-0036942,4035840,5bc24739-494e-4d0c-beae-e15231743bcf,33463,15284,42754,OdigOs00,22873,7695,5.0,"https://static.www.nfl.com/image/upload/f_auto,q_auto/league/xjx8vxlafv4i0hmvtrje",ODI118654,53504,32004f44-4911-8654-a883-7963338320c8,2021.0,2021.0,DAL
2026,DEN,LS,LS,48.0,ACT,Mitchell Fraboni,Mitchell,Fraboni,1996-10-28,74,223,Arizona State,00-0036943,,,,,,,,,4.0,"https://static.www.nfl.com/image/upload/f_auto,q_auto/league/csvbeqtitr9ixpgdt0fu",FRA004231,53291,32004652-4100-4231-4488-c66c402fc93f,2022.0,2022.0,
2026,CAR,DB,CB,8.0,ACT,Jaycee Horn,Jaycee,Horn,1999-11-26,73,200,South Carolina,00-0036944,4362847,90b71985-5235-4d5a-b95a-405129be496f,33396,15209,83375,HornJa00,22694,7642,5.0,"https://static.www.nfl.com/image/upload/f_auto,q_auto/league/lvqdczrm0ebvb8m3n5fu",HOR123595,53437,3200484f-5212-3595-eabf-6f6f3cdddc40,2021.0,2021.0,CAR
2026,KC,QB,QB,,ACT,Justin Fields,Justin,Fields,1999-03-05,75,227,Ohio State,00-0036945,4362887,cf15be8f-9117-4531-a517-2b9c7cb3e9e1,33399,15416,82118,FielJu00,22492,7591,5.0,"https://static.www.nfl.com/image/upload/f_auto,q_auto/league/fbteankooq2c33yquq2j",FIE769504,53440,32004649-4576-9504-963d-c33127e80752,2021.0,2021.0,CHI
2026,PHI,DL,DT,77.0,ACT,Ta'Quon Graham,Ta'Quon,Graham,1998-12-01,76,294,Texas,00-0036948,4262197,f5510376-f94b-470c-94ce-88098635c4ff,33536,15236,56868,GrahTa00,22822,7840,5.0,"https://static.www.nfl.com/image/upload/f_auto,q_auto/league/guxpxgrm0ulryqybspna",GRA243423,53577,32004752-4124-3423-e1fe-b9074b8c2c6c,2021.0,2021.0,ATL
2026,DEN,LB,LB,0.0,ACT,Jonathon Cooper,Jonathon,Cooper,1998-01-08,76,257,Ohio State,00-0036952,4040608,74ee9029-96c6-4a9b-bd20-1b2ba18c14b5,33627,15481,43021,CoopJo02,22746,7765,5.0,"https://static.www.nfl.com/image/upload/f_auto,q_auto/league/rzjdnsaz0sfs9v4xetov",COO617139,53668,3200434f-4f61-7139-8fe8-37197ea670fa,2021.0,2021.0,DEN
2026,CLE,OL,G,78.0,ACT,Teven Jenkins,Teven,Jenkins,1998-03-03,78,320,Oklahoma State,00-0036953,,,,,,,,,5.0,"https://static.www.nfl.com/image/upload/f_auto,q_auto/league/i0oiehuaelpnrtrlfmfl",JEN431338,53468,32004a45-4e43-1338-2486-cd0aff9cba87,2021.0,2021.0,CHI
2026,DET,DL,DT,95.0,ACT,Levi Onwuzurike,Levi,Onwuzurike,1998-03-02,75,304,Washington,00-0036954,4039020,0670801f-0ef3-46b6-ad6b-62475db6b787,33429,15195,43679,OnwuLe00,22869,7661,5.0,"https://static.www.nfl.com/image/upload/f_auto,q_auto/league/tcn8qpvseaumyfvt8ty3",ONW663851,53470,32004f4e-5766-3851-849b-723ab5947059,2021.0,2021.0,DET
2026,MIA,WR,WR,86.0,ACT,Terrace Marshall Jr.,Terrace,Marshall,2000-06-09,74,200,LSU,00-0036955,4362630,69388223-d1e7-46c3-9106-e10edb7073e9,33447,15214,84271,MarsTe00,22685,7565,5.0,"https://static.www.nfl.com/image/upload/f_auto,q_auto/league/a2yarai1371wellve3nq",MAR482288,53488,32004d41-5248-2288-c0d9-2d0813ce7c88,2021.0,2021.0,CAR
2026,ATL,DB,CB,41.0,ACT,Darren Hall,Darren,Hall,2000-05-02,72,190,San Diego State,00-0036956,4261606,e2aa4576-83a6-4b81-ab95-49126a0cf1d4,33496,15474,60742,HallDa03,22829,7730,5.0,"https://static.www.nfl.com/image/upload/f_auto,q_auto/league/btpudohpy5mnzimqn2xm",HAL251071,53537,32004841-4c25-1071-f00b-bb48b41590b9,2021.0,2021.0,ATL
2026,DEN,WR,WR,83.0,ACT,Michael Bandy,Michael,Bandy,1997-12-05,70,190,San Diego,00-0036959,4034704,ec7af934-a7f3-40f5-9fc0-210022dd6180,33928,15786,91824,BandMi00,23099,8076,5.0,"https://static.www.nfl.com/image/upload/f_auto,q_auto/league/chfu1cqtulkawqq1mulx",BAN237409,53244,32004241-4e23-7409-2b74-cd1f834aa884,2021.0,2021.0,
2026,CAR,DB,SAF,7.0,ACT,Tre'von Moehrig,Tre'von,Moehrig,1999-06-16,74,202,TCU,00-0036962,4362487,c8f74b89-065c-4857-be4e-4fcf897a5bc0,33431,15340,77847,MoehTr00,22688,7659,5.0,"https://static.www.nfl.com/image/upload/f_auto,q_auto/league/cyprwi2vzj1a3oitgseo",MOE643641,53472,32004d4f-4564-3641-45c8-b595868c0420,2021.0,2021.0,LV
2026,DET,WR,WR,14.0,ACT,Amon-Ra St. Brown,Amon-Ra,St. Brown,1999-10-24,72,202,USC,00-0036963,4374302,26ef0447-29b8-4dd1-9831-dcbf8132bb74,33500,15332,84470,StxxAm00,22587,7547,5.0,"https://static.www.nfl.com/image/upload/f_auto,q_auto/league/fd8nwhm6pvxfyzphzl6i",STB415291,53541,32005354-4241-5291-a564-57e98d35161d,2021.0,2021.0,DET
2026,DET,LB,LB,55.0,ACT,Derrick Barnes,Derrick,Barnes,1999-05-29,72,240,Purdue,00-0036964,4260409,16c53e66-de15-43da-931c-bf3a3e056505,33501,15489,58120,BarnDe02,22710,7726,5.0,"https://static.www.nfl.com/image/upload/f_auto,q_auto/league/jksvb5xfttcodlgvlyjo",BAR270415,53542,32004241-5227-0415-c343-163ac0ff5d48,2021.0,2021.0,DET
2026,PHI,LB,LB,57.0,ACT,Joe Tryon-Shoyinka,Joe,Tryon-Shoyinka,1999-04-30,77,259,Washington,00-0036967,4243333,933edc6a-9617-4957-8f64-62a11bc43e6c,33420,15585,58272,TryoJo00,22775,7625,5.0,"https://static.www.nfl.com/image/upload/f_auto,q_auto/league/it6wkxysejicc83azqkd",TRY409291,53461,32005452-5940-9291-23cc-7e463c7acd2e,2021.0,2021.0,TB
2026,ATL,TE,TE,8.0,ACT,Kyle Pitts,Kyle,Pitts,2000-10-06,78,250,Florida,00-0036970,4360248,1f3deb24-9ff8-4769-8f42-825eff7742f6,33392,15265,83964,PittKy00,22508,7553,5.0,"https://static.www.nfl.com/image/upload/f_auto,q_auto/league/tbec213me3pszzszecqo",PIT516805,53433,32005049-5451-6805-5aec-d4afcbd52e25,2021.0,2021.0,ATL
2026,JAX,QB,QB,16.0,ACT,Trevor Lawrence,William,Lawrence,1999-10-06,78,220,Clemson,00-0036971,4360310,aaa8b42c-4d87-45f6-bfd2-e31cfed9a736,33389,15357,77632,LawrTr00,22490,7523,5.0,"https://static.www.nfl.com/image/upload/f_auto,q_auto/league/d75srntioly7fq0z8vip",LAW514099,53430,32004c41-5751-4099-56fc-f565c8d26c06,2021.0,2021.0,JAX
2026,SF,QB,QB,10.0,ACT,Mac Jones,Michael,Jones,1998-09-05,75,220,Alabama,00-0036972,4241464,1fd00ec3-b758-46d2-a2c1-cca521ea8a54,33403,15402,60323,JoneMa05,22496,7527,5.0,"https://static.www.nfl.com/image/upload/f_auto,q_auto/league/v5sg1z9qvdpjeapblndz",JON586540,53444,32004a4f-4e58-6540-bb7f-c07b995d57a4,2021.0,2021.0,NE
2026,NO,RB,RB,3.0,ACT,Travis Etienne,Travis,Etienne,1999-01-26,70,215,Clemson,00-0036973,4239996,970693f0-0af4-4627-ac0c-bf519f7433ee,33413,15385,57185,EtieTr00,21696,7543,5.0,"https://static.www.nfl.com/image/upload/f_auto,q_auto/league/gc0iljgj34piecyfueyd",ETI426541,53454,32004554-4942-6541-8c54-a69299f0a040,2021.0,2021.0,JAX
2026,CLE,DB,CB,7.0,ACT,Tyson Campbell,Tyson,Campbell,2000-03-17,73,195,Georgia,00-0036974,4379397,a887ad59-0e4b-4a9a-a7e4-cfd9f42fe7fb,33421,15359,83217,CampTy01,22731,7667,5.0,"https://static.www.nfl.com/image/upload/f_auto,q_auto/league/qhtmkkoqakioplm2vfrw",CAM668992,53462,32004341-4d66-8992-591f-77156a42c890,2021.0,2021.0,JAX
2026,JAX,OL,OT,72.0,ACT,Walker Little,Walker,Little,1999-04-01,79,325,Stanford,00-0036975,,,,,,,,,5.0,"https://static.www.nfl.com/image/upload/f_auto,q_auto/league/rcvi4hvhzassjkeya7z9",LIT741587,53474,32004c49-5474-1587-dfff-71780dbf1ffe,2021.0,2021.0,JAX
2026,BUF,OL,OT,79.0,ACT,Spencer Brown,Spencer,Brown,1998-02-28,80,311,Northern Iowa,00-0036976,,,,,,,,,5.0,"https://static.www.nfl.com/image/upload/f_auto,q_auto/league/q2lsfuxunzzgso9rtldu",BRO690310,53522,32004252-4f69-0310-bf53-14b54a182555,2021.0,2021.0,BUF
2026,LAC,OL,G,72.0,ACT,Ben Cleveland,Benjamin,Cleveland,1998-08-25,78,357,Georgia,00-0036977,,,,,,,,,5.0,"https://static.www.nfl.com/image/upload/f_auto,q_auto/league/y36gxknbgsy3gt9wwzbl",CLE668992,53523,3200434c-4566-8992-a761-c9e0d86e0668,2021.0,2021.0,BAL
2026,NE,OL,G,75.0,ACT,Alijah Vera-Tucker,Solomon,Vera-Tucker,1999-06-17,77,308,USC,00-0036979,,,,,,,,,5.0,"https://static.www.nfl.com/image/upload/f_auto,q_auto/league/ybjzt1nrjtnflpjhnirs",VER027685,53443,32005645-5202-7685-ef25-bd9d5bb57329,2021.0,2021.0,NYJ
2026,PHI,WR,WR,19.0,ACT,Elijah Moore,Elijah,Moore,2000-03-27,70,178,Mississippi,00-0036980,4372414,b1935e20-6bd6-4863-8d7e-702ec403491f,33422,15280,84302,MoorEl00,22592,7596,5.0,"https://static.www.nfl.com/image/upload/f_auto,q_auto/league/hglegw8qqnvb8fghc8cq",MOO279723,53463,32004d4f-4f27-9723-3c75-0e082bc200c9,2021.0,2021.0,NYJ
2026,NE,DL,DT,90.0,ACT,Christian Barmore,Christian,Barmore,1999-07-28,77,315,Alabama,00-0036981,4372030,39017237-0575-4984-b784-954a79c2bba2,33426,15395,82198,BarmCh00,22709,7664,5.0,"https://static.www.nfl.com/image/upload/f_auto,q_auto/league/r2qnczxwkpqhk8is5jkv",BAR221986,53467,32004241-5222-1986-2e4d-591c93c5c3cf,2021.0,2021.0,NE
2026,NYG,DL,DE,57.0,ACT,Chauncey Golston,Chauncey,Golston,1998-02-10,77,277,Iowa,00-0036982,4036132,b7f8bf4e-a1e5-443e-8deb-3916c817a1a8,33472,15321,42718,GolsCh00,22820,7693,5.0,"https://static.www.nfl.com/image/upload/f_auto,q_auto/league/sxmy7rxufyanqn2mpsba",GOL699429,53513,3200474f-4c69-9429-32f5-7aaacc30c4d1,2021.0,2021.0,DAL
2026,CLE,OL,G,53.0,ACT,Kendrick Green,Kendrick,Green,1998-12-22,76,315,Illinois,00-0036983,,,,,,,,,5.0,"https://static.www.nfl.com/image/upload/f_auto,q_auto/league/b8rtjagcsjnnwczsin7u",GRE298269,53516,32004752-4529-8269-4ea7-3aa53f8dbd0d,2021.0,2021.0,PIT
2026,JAX,OL,OT,73.0,ACT,Robert Hainsey,Robert,Hainsey,1998-08-12,76,306,Notre Dame,00-0036985,,,,,,,,,5.0,"https://static.www.nfl.com/image/upload/f_auto,q_auto/league/gaphcunqg5idsedj7rjv",HAI619935,53524,32004841-4961-9935-6113-d4e0f935c505,2021.0,2021.0,TB
2026,NYJ,DB,CB,26.0,ACT,Nahshon Wright,Nahshon,Wright,1998-09-23,76,190,Oregon State,00-0036986,4570470,884b6094-1ebd-4b72-b957-ad33a3ab984f,33487,15549,100412,WrigNa00,22733,7687,5.0,"https://static.www.nfl.com/image/upload/f_auto,q_auto/league/muwpbl5yr0o4yvkcxtu3",WRI575740,53528,32005752-4957-5740-9eb8-6dfd95c71177,2021.0,2021.0,DAL
2026,NYJ,DB,CB,21.0,ACT,Brandon Stephens,Timothy,Stephens,1997-12-29,73,215,SMU; UCLA,00-0036987,4035824,c30da9e4-f0d5-472f-9c20-45f2bc7eaa54,33492,15644,45644,StepBr01,17691,7685,5.0,"https://static.www.nfl.com/image/upload/f_auto,q_auto/league/xvwpf9u0s2yj7ldppaen",STE356284,53533,32005354-4535-6284-a974-7b8553e53cd0,2021.0,2021.0,BAL
2026,BUF,WR,WR,5.0,ACT,Josh Palmer,Joshua,Palmer,1999-09-22,73,210,Tennessee,00-0036988,4242433,857fcc59-10e8-4194-bd7d-41bc5f72a47f,33465,15447,62979,PalmJo00,22613,7670,5.0,"https://static.www.nfl.com/image/upload/f_auto,q_auto/league/woswdfrtxnsfgzsjvsxx",PAL451625,53506,32005041-4c45-1625-eb93-c2c9b11c4006,2021.0,2021.0,LAC
2026,LV,DL,DE,51.0,ACT,Malcolm Koonce,Malcolm,Koonce,1998-06-06,74,243,Buffalo,00-0036989,4239719,83436be9-f646-4cb6-94e0-99a939298e3f,33467,15303,55015,KoonMa00,22896,7676,5.0,"https://static.www.nfl.com/image/upload/f_auto,q_auto/league/cujkqhjibrywjodwgfyp",KOO195832,53508,32004b4f-4f19-5832-4741-b46b13efc6b2,2021.0,2021.0,LV
2026,ATL,LB,LB,0.0,ACT,Divine Deablo,Divine,Deablo,1998-08-17,75,223,Virginia Tech,00-0036990,4037626,f50ae8f1-aebd-4e3d-bbf9-f92921044e72,33468,15472,42208,DeabDi00,22767,7677,5.0,"https://static.www.nfl.com/image/upload/f_auto,q_auto/league/btw2sohcblkqvpsrctio",DEA016067,53509,32004445-4101-6067-e931-261a8c6e804e,2021.0,2021.0,LV
2026,LAC,DB,CB,2.0,ACT,Elijah Molden,Elijah,Molden,1999-01-30,70,191,Washington,00-0036992,4243328,0224c851-7e91-4e93-9bf8-89a8d72c55ef,33488,15530,56290,MoldEl00,22887,7682,5.0,"https://static.www.nfl.com/image/upload/f_auto,q_auto/league/yxq6pkgcvnln5riyonff",MOL133930,53529,32004d4f-4c13-3930-d65b-e9f65d0cbd65,2021.0,2021.0,TEN
2026,SEA,LB,LB,13.0,ACT,Ernest Jones,Ernest,Jones,1999-11-22,74,233,South Carolina,00-0036994,4362851,42c12021-abf6-40fa-b989-7ea52d0e7070,33491,15228,81399,JoneEr01,22865,7672,5.0,"https://static.www.nfl.com/image/upload/f_auto,q_auto/league/zn0pz6okty7vbj5ryryt",JON293997,53532,32004a4f-4e29-3997-86e4-8e62c948066a,2021.0,2021.0,LA
2026,AZ,LB,LB,5.0,ACT,Baron Browning,Baron,Browning,1999-02-19,75,255,Ohio State,00-0036995,4241987,faf72326-5e36-4bdd-9843-5d2a6b4ee6b4,33493,15422,58095,BrowBa01,22727,7681,5.0,"https://static.www.nfl.com/image/upload/f_auto,q_auto/league/nd86rlr1op1wgkbpfcxv",BRO806290,53534,32004252-4f80-6290-9866-45f3dae63918,2021.0,2021.0,DEN
2026,NYG,DB,CB,20.0,ACT,Greg Newsome II,Greg,Newsome,2000-05-18,72,192,Northwestern,00-0036996,4361266,2303e1eb-fa31-4cfe-b93d-7c2e1b683baa,33414,15275,83341,NewsGr00,22877,7630,5.0,"https://static.www.nfl.com/image/upload/f_auto,q_auto/league/zyfy3onrys9i6ounvai8",NEW673012,53455,32004e45-5767-3012-fb28-d7fdd1b7e482,2021.0,2021.0,CLE
2026,DAL,RB,RB,33.0,ACT,Javonte Williams,Javonte,Williams,2000-04-25,70,220,North Carolina,00-0036997,4361579,889dcdc5-3d88-45df-9677-5ad7ff87c011,33423,15306,77803,WillJa10,22558,7588,5.0,"https://static.www.nfl.com/image/upload/f_auto,q_auto/league/hwzske22c4wrlf27qrih",WIL351486,53464,32005749-4c35-1486-bb3e-8b9e35992111,2021.0,2021.0,DEN
2026,NYG,DB,SAF,8.0,ACT,Jevon Holland,Jevon,Holland,2000-03-03,73,207,Oregon,00-0036998,4373809,30915dd4-f19f-48cd-8425-f2cf29246b66,33424,15196,83873,HollJe02,22841,7666,5.0,"https://static.www.nfl.com/image/upload/f_auto,q_auto/league/zuvtkp7vhs3iqvpj9nen",HOL131928,53465,3200484f-4c13-1928-b996-94eefba2d73c,2021.0,2021.0,MIA
2026,DEN,OL,C,77.0,ACT,Quinn Meinerz,Quinn,Meinerz,1998-11-15,75,320,Wisconsin-Whitewater,00-0037001,,,,,,,,,5.0,"https://static.www.nfl.com/image/upload/f_auto,q_auto/league/wataecqih21xww0giu06",MEI296635,53527,32004d45-4929-6635-31d1-e2d93d19a986,2021.0,2021.0,DEN
2026,PHI,OL,G,69.0,ACT,Landon Dickerson,Landon,Dickerson,1998-09-30,78,333,Alabama,00-0037002,,,,,,,,,5.0,"https://static.www.nfl.com/image/upload/f_auto,q_auto/league/xmdowvfxum5huo9ahemm",DIC281359,53466,32004449-4328-1359-550c-3144f603cda4,2021.0,2021.0,PHI
2026,SEA,LB,LB,44.0,ACT,Chazz Surratt,Chazz,Surratt,1997-02-16,74,233,North Carolina,00-0037003,4037521,0c9102ea-9fe8-4900-9d33-8eab299cf9ce,33466,15276,40313,SurrCh00,22784,7673,5.0,"https://static.www.nfl.com/image/upload/f_auto,q_auto/league/wvgrytpf6ymlzcmxcnch",SUR448995,53507,32005355-5244-8995-3b9b-f6b486d5e327,2021.0,2021.0,MIN
2026,JAX,TE,TE,84.0,ACT,Hunter Long,Hunter,Long,1998-08-19,77,243,Boston College,00-0037004,4239944,ebc576d0-a98b-4f82-aaf9-901a3911487d,33469,15246,60859,LongHu00,22509,7535,5.0,"https://static.www.nfl.com/image/upload/f_auto,q_auto/league/n1kvmijdfpyv1dwlwqa6",LON317078,53510,32004c4f-4e31-7078-2c2a-6aecda5dccae,2021.0,2021.0,MIA
2026,CAR,TE,TE,82.0,ACT,Tommy Tremble,Tommy,Tremble,2000-06-02,76,250,Notre Dame,00-0037005,4372780,cbee2fd3-e5f2-4316-bffd-531f1873f032,33471,15371,84025,TremTo00,22662,7694,5.0,"https://static.www.nfl.com/image/upload/f_auto,q_auto/league/j0atbeflgj05pldxfon6",TRE718453,53512,32005452-4571-8453-70e3-0b6033f56aec,2021.0,2021.0,CAR
2026,CAR,LB,LB,91.0,ACT,Patrick Jones II,Patrick,Jones,1998-09-29,76,264,Pittsburgh,00-0037007,4036063,74013f08-f920-4de7-9740-cc461d84beec,33478,15232,43974,JonePa00,22890,7674,5.0,"https://static.www.nfl.com/image/upload/f_auto,q_auto/league/yj0r18rgx7oishozdalv",JON826250,53519,32004a4f-4e82-6250-ea6a-1df1567c082f,2021.0,2021.0,MIN
2026,PHI,DB,CB,38.0,ACT,Ambry Thomas,Ambry,Thomas,1999-09-09,72,190,Michigan,00-0037008,4258209,7da672ef-7d6f-4162-b3ee-7faa37b0ed95,33490,15176,56058,ThomAm00,22782,7686,5.0,"https://static.www.nfl.com/image/upload/f_auto,q_auto/league/amjpcxjbfudtvtargzfa",THO021217,53531,32005448-4f02-1217-3985-ccf716f6a559,2021.0,2021.0,SF
2026,LAC,OL,OT,70.0,ACT,Rashawn Slater,Rashawn,Slater,1999-03-26,76,315,Northwestern,00-0037009,,,,,,,,,5.0,"https://static.www.nfl.com/image/upload/f_auto,q_auto/league/o3c6u8ug6sw7mpdeojqk",SLA441272,53442,3200534c-4144-1272-10c5-fd1a6fe0f889,2021.0,2021.0,LAC
2026,LAC,QB,QB,5.0,ACT,Trey Lance,Trey,Lance,2000-05-09,76,226,North Dakota State,00-0037012,4383351,676a508c-c65f-404a-a2b0-f861a4bfd072,33391,15198,91399,LancTr00,22493,7610,5.0,"https://static.www.nfl.com/image/upload/f_auto,q_auto/league/gu6ewpdscaswlet6pbq0",LAN016787,53432,32004c41-4e01-6787-f7d5-ee3cea053121,2021.0,2021.0,SF
2026,NO,QB,QB,4.0,ACT,Zach Wilson,Zachary,Wilson,1999-08-03,74,214,BYU,00-0037013,4361259,17bb63b1-1b0e-48e1-baf7-55cd314d0e62,33390,15330,82096,WilsZa00,22495,7538,5.0,"https://static.www.nfl.com/image/upload/f_auto,q_auto/league/i17xpbsar7evcypbhtel",WIL827119,53431,32005749-4c82-7119-d27e-724ec33f130b,2021.0,2021.0,NYJ
2026,CHI,TE,TE,86.0,ACT,Nikola Kalinic,Nikola,Kalinic,1997-01-21,76,248,York (Canada),00-0037031,4916349,6aed0540-7ec8-11ec-8905-19cf1c3e187f,33950,15869,156095,KaliNi00,23415,8107,4.0,"https://static.www.nfl.com/image/upload/f_auto,q_auto/league/fyvri4pofkob6yclq4kz",KAL340075,49287,32004b41-4c34-0075-e38c-bdc711042337,2022.0,2022.0,
2026,BUF,DB,CB,23.0,ACT,Dee Alford,DeAundre,Alford,1997-11-05,71,180,Tusculum College,00-0037034,4401823,8584c710-7259-11ec-80bb-7f28873a7ba2,33945,15839,110542,AlfoDe00,23274,8104,4.0,"https://static.www.nfl.com/image/upload/f_auto,q_auto/league/ekj8kwdcwmajijqt1ce2",FOR111115,52272,3200464f-5211-1115-b3a3-c74caf0d3064,2022.0,2022.0,
2026,TB,DL,DT,60.0,ACT,Haggai Ndubuisi,Haggai,Ndubuisi,2000-10-15,79,298,,00-0037041,5033343,24c5de40-c01b-11ec-9c0b-736677fe34f9,,16267,156132,ChisHa00,23590,8415,3.0,"https://static.www.nfl.com/image/upload/f_auto,q_auto/league/jalumajq4tyslz16v8j0",NDU172357,54452,32004e44-5517-2357-7dae-2e3982bae7a6,2023.0,2023.0,
2026,ATL,DL,DE,91.0,ACT,Elijah Garcia,Elijah,Garcia,1998-03-11,77,302,Rice,00-0037051,4039170,32e18540-d206-11ec-ab20-b37737d70cc4,,16414,44498,GarcEl00,23948,8736,4.0,"https://static.www.nfl.com/image/upload/f_auto,q_auto/league/mdhtfrrfmfeop2secu2c",GAR070519,54744,32004741-5207-0519-5208-9791c3b6f091,2022.0,2022.0,
2026,TEN,WR,WR,89.0,ACT,Lance McCutcheon,Lance,McCutcheon,1999-02-28,75,202,Montana State,00-0037055,4247812,fb2a4c20-d207-11ec-ab20-b37737d70cc4,34330,16406,61478,McCuLa01,23966,8745,4.0,"https://static.www.nfl.com/image/upload/f_auto,q_auto/league/zy0zbm17y7btaqiquhjz",MCC821675,54748,32004d43-4382-1675-6916-02eb4ccaee11,2022.0,2022.0,
2026,LA,LB,LB,96.0,ACT,Keir Thomas,Keir,Thomas,1998-01-25,74,260,Florida State,00-0037057,4038843,60ffacb0-d209-11ec-ab20-b37737d70cc4,,16416,42509,ThomKe04,23954,8739,4.0,"https://static.www.nfl.com/image/upload/f_auto,q_auto/league/wtzpz7bs64wypd4sgrya",THO266349,54750,32005448-4f26-6349-aec0-af203ab75a36,2022.0,2022.0,
2026,PHI,DL,DT,90.0,ACT,Jordan Davis,Jordan,Davis,2000-01-12,78,336,Georgia,00-0037073,4381558,6528c7dc-2a02-4577-9246-b590be05eeeb,33968,15930,94854,DaviJo03,23515,8269,4.0,"https://static.www.nfl.com/image/upload/f_auto,q_auto/league/tcepyh61e1ct4vhdeaer",DAV487265,54478,32004441-5648-7265-ac02-99b487d4f3e4,2022.0,2022.0,PHI
2026,LV,LB,LB,7.0,ACT,Quay Walker,Jaquavian,Walker,2000-05-08,76,240,Georgia,00-0037074,4379416,f05149f9-c13f-4af8-858f-ad1e380961cd,33977,16131,82547,WalkQu00,23444,8266,4.0,"https://static.www.nfl.com/image/upload/f_auto,q_auto/league/dkqnq4ccxwrr7u34aqrz",WAL293485,54487,32005741-4c29-3485-e96f-d2f0f1223e1d,2022.0,2022.0,GB
2026,GB,DL,DT,95.0,ACT,Devonte Wyatt,Devonte,Wyatt,1998-03-31,75,304,Georgia,00-0037075,4361791,5250f409-d4d7-48ac-adf4-35c3561ffad1,33983,16068,82268,WyatDe00,23376,8270,4.0,"https://static.www.nfl.com/image/upload/f_auto,q_auto/league/p1oupvtm9kcm0wpuhape",WYA279831,54493,32005759-4127-9831-2d20-bf805b3c7879,2022.0,2022.0,GB
2026,GB,OL,OT,75.0,ACT,Sean Rhyan,Sean,Rhyan,2000-09-15,77,320,UCLA,00-0037076,,,,,,,,,4.0,"https://static.www.nfl.com/image/upload/f_auto,q_auto/league/qkl36vd0ozvjal6lisw9",RHY207645,54557,32005248-5920-7645-8b92-d9da8819216a,2022.0,2022.0,GB
2026,DAL,QB,QB,13.0,ACT,Sam Howell,Sam,Howell,2000-09-16,73,220,North Carolina,00-0037077,4426875,7d85e9c2-f464-4654-9200-acfcffd7dfaf,34100,15825,97599,HoweSa00,23185,8162,4.0,"https://static.www.nfl.com/image/upload/f_auto,q_auto/league/umfyh2tmtggjep6nt44c",HOW692969,54609,3200484f-5769-2969-b928-41cea02da32b,2022.0,2022.0,WAS
2026,MIA,TE,TE,87.0,ACT,Cole Turner,Nicolas,Turner,2000-03-16,78,240,Nevada,00-0037078,4361438,fc78ba73-7ef3-4dda-9a06-b5101f7ff7b1,34105,15923,84330,TurnCo00,22515,8214,4.0,"https://static.www.nfl.com/image/upload/f_auto,q_auto/league/etikvhuu6qxktyrwthid",TUR239242,54614,32005455-5223-9242-1b2c-c892afe4722e,2022.0,2022.0,WAS
2026,PHI,DB,CB,2.0,ACT,Riq Woolen,Tariq,Woolen,1999-05-02,76,210,Texas-San Antonio,00-0037079,4245185,d31bfd09-b348-4b2b-ae39-7307f2c12ef8,34109,15906,61790,WoolTa00,23428,8374,4.0,"https://static.www.nfl.com/image/upload/f_auto,q_auto/league/rup4lbocfzdeohfrzfq9",WOO713124,54618,3200574f-4f71-3124-55f0-e6f0816e959a,2022.0,2022.0,SEA
2026,KC,DL,DE,57.0,ACT,Tyreke Smith,Tyreke,Smith,2000-02-14,75,255,Ohio State,00-0037080,4361340,a7bc7c40-dd11-4aaf-bfdb-664b245eb415,34114,15999,83513,SmitTy03,23379,8336,4.0,"https://static.www.nfl.com/image/upload/f_auto,q_auto/league/ax8zb9twn9ku6g0ozmmv",SMI766470,54623,3200534d-4976-6470-1b88-87c8583e4086,2022.0,2022.0,SEA
2026,CHI,OL,OT,70.0,ACT,Braxton Jones,Braxton,Jones,1999-03-27,77,303,Southern Utah State,00-0037081,,,,,,,,,4.0,"https://static.www.nfl.com/image/upload/f_auto,q_auto/league/mjifvwkjowxkcdn61opd",JON103812,54633,32004a4f-4e10-3812-6017-fb2a329c4c5b,2022.0,2022.0,CHI
2026,HOU,DL,DE,97.0,ACT,Dominique Robinson,Dominique,Robinson,1998-07-02,77,275,Miami (Ohio),00-0037082,4244300,0642a1f6-70cc-4540-8fb4-d45d85513b33,34130,16092,61436,RobiDo00,23385,8391,4.0,"https://static.www.nfl.com/image/upload/f_auto,q_auto/league/ces5sntijczc3q0pabay",ROB404567,54639,3200524f-4240-4567-d940-a5c388777ffe,2022.0,2022.0,CHI
2026,NYJ,LB,LB,52.0,ACT,Kingsley Enagbare,Kingsley,Enagbare,2000-01-18,76,258,South Carolina,00-0037083,4362840,6a4c3e31-0fcc-47c6-9022-bdc26b083009,34135,15879,82409,EnagKi00,23392,8382,4.0,"https://static.www.nfl.com/image/upload/f_auto,q_auto/league/ty3h4h6l190fjiwmczlt",ENA040912,54644,3200454e-4104-0912-811c-67db1204d680,2022.0,2022.0,GB
2026,DEN,RB,RB,28.0,ACT,Tyler Badie,Tyler,Badie,1999-02-07,68,197,Missouri,00-0037085,4362748,e62678b9-9816-420f-bf86-398e7fea7063,34152,15893,83714,BadiTy00,23231,8208,4.0,"https://static.www.nfl.com/image/upload/f_auto,q_auto/league/ger5eiktec0vzmrxjnaw",BAD685229,54661,32004241-4468-5229-8c1d-59265ee103fc,2022.0,2022.0,BAL
2026,PHI,TE,TE,81.0,ACT,Grant Calcaterra,Grant,Calcaterra,1998-12-04,76,240,SMU; Oklahoma,00-0037086,4241374,f6988cfa-2dcf-490b-ac80-9af8e4292efa,34154,16039,60997,CalcGr00,23486,8177,4.0,"https://static.www.nfl.com/image/upload/f_auto,q_auto/league/xzfqqlmavruytirlmg3n",CAL069215,54663,32004341-4c06-9215-cbbd-0f05f10e4bfa,2022.0,2022.0,PHI
2026,CAR,OL,G,65.0,ACT,Ja'Tyre Carter,Ja'Tyre,Carter,1999-01-15,75,311,Southern,00-0037089,,,,,,,,,4.0,"https://static.www.nfl.com/image/upload/f_auto,q_auto/league/cxsihmay85rgzyckkfxw",CAR663013,54691,32004341-5266-3013-5b76-1ba44a51a3aa,2022.0,2022.0,CHI
2026,GB,DB,CB,16.0,ACT,Bo Melton,Miles,Melton,1999-05-18,71,189,Rutgers,00-0037091,4259305,36953df8-fbc3-4505-b5b3-dec8433620dc,34185,15935,61610,MeltBo00,23482,8204,4.0,"https://static.www.nfl.com/image/upload/f_auto,q_auto/league/yt6xe5fxszt0byq1uszm",MEL575431,54694,32004d45-4c57-5431-1061-b314a42762bf,2022.0,2022.0,SEA
2026,WAS,OL,G,75.0,ACT,Chris Paul,Chris,Paul,1998-11-19,76,324,Tulsa,00-0037092,,,,,,,,,4.0,"https://static.www.nfl.com/image/upload/f_auto,q_auto/league/mr885ffyaer4nyo820dq",PAU076683,54695,32005041-5507-6683-511f-990ce345703c,2022.0,2022.0,WAS
2026,LV,WR,WR,81.0,ACT,Dareke Young,Dareke,Young,1999-06-04,74,224,Lenoir Rhyne,00-0037093,4401805,2da144c9-7845-4199-bcc1-48405c14d436,34189,15922,111900,YounDa02,23624,8527,4.0,"https://static.www.nfl.com/image/upload/f_auto,q_auto/league/umjr6zhpksws2vpfo0qe",YOU169842,54698,3200594f-5516-9842-1172-589382099327,2022.0,2022.0,SEA
2026,GB,DL,DT,,ACT,Jonathan Ford,Jonathan,Ford,1998-09-29,77,338,Miami,00-0037094,4259762,fcb29e07-4978-4271-8ce0-53f4fcbd9517,34190,15824,56705,FordJo00,23518,8344,4.0,"https://static.www.nfl.com/image/upload/f_auto,q_auto/league/jxuuhxzzlpfhtm20j9qb",FOR256596,54699,3200464f-5225-6596-8618-ffea8d51b3cf,2022.0,2022.0,GB
2026,CHI,DB,SAF,22.0,ACT,Elijah Hicks,Elijah,Hicks,1999-10-16,71,204,California,00-0037096,4242402,85ad179c-3812-4070-a6eb-28f33b9b2d0d,34210,16296,55584,HickEl00,23633,8509,4.0,"https://static.www.nfl.com/image/upload/f_auto,q_auto/league/uxf5ugo9enwnd8vyxwyv",HIC441890,54719,32004849-4344-1890-2244-3e3ca04c5508,2022.0,2022.0,CHI
2026,PHI,WR,WR,,ACT,Samori Toure,Samori,Toure,1998-03-24,73,196,Nebraska,00-0037098,4027873,02c808d8-6074-43db-b0d9-f69fab78f6d9,34214,15917,25276,TourSa00,23634,8235,4.0,"https://static.www.nfl.com/image/upload/f_auto,q_auto/league/k6s7xiugz2wgqjc7zsny",TOU392758,54723,3200544f-5539-2758-4e4c-bbaa2bb8b9f5,2022.0,2022.0,GB
2026,CHI,DB,DB,33.0,ACT,Jaylon Jones,Jaylon,Jones,1997-10-14,71,190,Mississippi,00-0037106,4047655,d2e097f0-ce07-11ec-9598-03840dd5f387,,16423,49374,JoneJa12,23665,8702,4.0,"https://static.www.nfl.com/image/upload/f_auto,q_auto/league/xzmtw9ip1b8psz4u9nd0",JON449715,54778,32004a4f-4e44-9715-dc83-f5eb77c43e5c,2022.0,2022.0,
2026,CHI,LB,LB,57.0,ACT,Jack Sanborn,Jack,Sanborn,2000-07-29,74,234,Wisconsin,00-0037109,4372576,506e9f50-ce08-11ec-9598-03840dd5f387,34370,15914,82566,SanbJa00,23544,8363,4.0,"https://static.www.nfl.com/image/upload/f_auto,q_auto/league/zlvowg4wze6yjwccibk2",SAN047762,54781,32005341-4e04-7762-4775-97edb77192d7,2022.0,2022.0,
2026,SF,TE,TE,88.0,ACT,Jake Tonges,Jake,Tonges,1999-07-08,76,240,California,00-0037112,4259147,8d9236c0-ce09-11ec-9598-03840dd5f387,34374,16418,60864,TongJa00,23662,8698,4.0,"https://static.www.nfl.com/image/upload/f_auto,q_auto/league/uztcdowl4wig2uhy1qxh",TON644321,54784,3200544f-4e64-4321-5756-c03d2476b6de,2022.0,2022.0,
2026,ATL,RB,RB,25.0,ACT,Tyler Goodson,Tyler,Goodson,2000-11-10,69,197,Iowa,00-0037120,4429676,3fec8370-ca72-11ec-a83a-8732d3d5a7e3,34261,15990,101659,GoodTy00,23341,8207,4.0,"https://static.www.nfl.com/image/upload/f_auto,q_auto/league/fvuevf0apxtfjwdj7l0e",GOO586750,54798,3200474f-4f58-6750-ad87-11b65bf232e0,2022.0,2022.0,
2026,CHI,DB,CB,39.0,ACT,Josh Blackwell,Josh,Blackwell,1999-04-05,71,180,Duke,00-0037129,4240459,c218af10-ce17-11ec-bebb-4fec1e38b0e5,,16451,55589,BlacJo00,23656,8714,4.0,"https://static.www.nfl.com/image/upload/f_auto,q_auto/league/cigs4edcf8auxzzv5klc",BLA350385,54807,3200424c-4135-0385-1bfd-b61dfb5f22f3,2022.0,2022.0,
2026,HOU,DB,SAF,6.0,ACT,Reed Blankenship,Reed,Blankenship,1999-03-02,73,203,Middle Tennessee State,00-0037130,4243956,f67efd90-ce17-11ec-bebb-4fec1e38b0e5,34376,15919,56065,BlanRe00,23599,8406,4.0,"https://static.www.nfl.com/image/upload/f_auto,q_auto/league/fot7g8gs7nv4ecavlisf",BLA735451,54808,3200424c-4173-5451-f5c6-520ce2fbefa3,2022.0,2022.0,
2026,PHI,WR,WR,18.0,ACT,Britain Covey,Britain,Covey,1997-03-18,68,173,Utah,00-0037132,3926231,75774350-ce18-11ec-bebb-4fec1e38b0e5,34378,16337,32933,CoveBr00,23302,8414,4.0,"https://static.www.nfl.com/image/upload/f_auto,q_auto/league/ccxa0mqgouhyluizjbwt",COV404041,54810,3200434f-5640-4041-7900-8506d07905c3,2022.0,2022.0,
2026,SEA,DB,CB,29.0,ACT,Josh Jobe,Joshua,Jobe,1998-04-09,71,190,Alabama,00-0037137,4372020,56d7af50-ce1a-11ec-bebb-4fec1e38b0e5,34383,16152,83122,JobeJo00,23557,8275,4.0,"https://static.www.nfl.com/image/upload/f_auto,q_auto/league/tfksoqwgf4axolfjv6zi",JOB207645,54815,32004a4f-4220-7645-a3a9-4ea63cef951c,2022.0,2022.0,
2026,IND,OL,G,66.0,ACT,Josh Sills,Joshua,Sills,1998-01-26,78,325,Oklahoma State; West Virginia,00-0037138,,,,,,,,,4.0,"https://static.www.nfl.com/image/upload/f_auto,q_auto/league/u2trgk1hg9fpvyhycs5c",SIL611360,54816,32005349-4c61-1360-f196-39c64c352d6c,2022.0,2022.0,
2026,AZ,DB,SAF,32.0,ACT,Joey Blount,Joey,Blount,1998-11-16,73,195,Virginia,00-0037141,4240824,6604be40-cd99-11ec-b94f-57e6927758e6,34388,16453,62771,BlouJo00,23600,8683,4.0,"https://static.www.nfl.com/image/upload/f_auto,q_auto/league/hij1v5bnlk5wecmnefkd",BLO578781,54819,3200424c-4f57-8781-bfd2-074996ef6b46,2022.0,2022.0,
2026,TEN,DB,SAF,38.0,ACT,Tony Adams,Tony,Adams,1999-01-24,71,203,Illinois,00-0037155,4240532,8774aba0-d3be-11ec-96a0-c3471a31202c,34355,16431,55953,AdamTo03,23960,8860,4.0,"https://static.www.nfl.com/image/upload/f_auto,q_auto/league/lajc14lel9fjm8p6flnc",ADA679550,54833,32004144-4167-9550-1d54-314c28732948,2022.0,2022.0,
2026,SEA,WR,WR,,ACT,Irvin Charles,Irvin,Charles,1997-04-13,76,219,"Indiana PA,  University of; Penn State",00-0037156,3929636,f8578e10-d3bd-11ec-96a0-c3471a31202c,34356,16430,28304,CharIr00,23962,8861,4.0,"https://static.www.nfl.com/image/upload/f_auto,q_auto/league/heeyyjyf5prqas5tmwvk",CHA559017,54834,32004348-4155-9017-807b-e2f00a489961,2022.0,2022.0,
2026,AZ,RB,RB,20.0,ACT,Bam Knight,Zonovan,Knight,2001-04-11,71,209,N.C. State,00-0037157,4427728,53df5e30-d3bd-11ec-96a0-c3471a31202c,34357,16105,97432,KnigZo00,23847,8122,4.0,"https://static.www.nfl.com/image/upload/f_auto,q_auto/league/mjxnlzlnnwlfqayeybut",KNI764772,54835,32004b4e-4976-4772-52fc-5e9b627ab7bb,2022.0,2022.0,
2026,MIN,LB,LB,52.0,ACT,Josh Ross,Josh,Ross,1999-10-31,72,229,Michigan,00-0037184,4258198,82546a90-c980-11ec-a1a0-57a82b503f37,34404,16189,57971,RossJo01,23784,8285,4.0,"https://static.www.nfl.com/image/upload/f_auto,q_auto/league/sdqheoyuxkcsxnptfyu6",ROS616463,54862,3200524f-5361-6463-ca66-56f9292ac1df,2022.0,2022.0,
2026,IND,DB,CB,1.0,ACT,Sauce Gardner,Ahmad,Gardner,2001-08-31,75,190,Cincinnati,00-0037190,4427250,9c32f8cb-807a-4864-bc0b-b846d279606d,33959,15926,100903,GardSa00,23337,8290,4.0,"https://static.www.nfl.com/image/upload/f_auto,q_auto/league/tzp7ta7zvziaahtuxhlc",GAR152629,54469,32004741-5215-2629-6c74-87ce99a3689f,2022.0,2022.0,NYJ
2026,LA,DB,CB,22.0,ACT,Trent McDuffie,Trent,McDuffie,2000-09-13,71,193,Washington,00-0037191,4426405,358bda61-ccb6-443a-a51c-3b14b3cadf22,33976,16003,72191,McDuTr00,23365,8364,4.0,"https://static.www.nfl.com/image/upload/f_auto,q_auto/league/nkb7xmyxy4uxe4qhablh",MCD824296,54486,32004d43-4482-4296-793c-79be74c0e9fd,2022.0,2022.0,KC
2026,KC,DL,DE,56.0,ACT,George Karlaftis,Yoros,Karlaftis,2001-04-03,76,263,Purdue,00-0037192,4426659,afb1f463-400e-4bdb-9028-717a563ba6f4,33985,15806,98319,KarlGe00,23259,8385,4.0,"https://static.www.nfl.com/image/upload/f_auto,q_auto/league/hxs6hihwuusxydnr8skh",KAR303382,54495,32004b41-5230-3382-e405-41205d323076,2022.0,2022.0,KC
2026,CIN,DB,SAF,6.0,ACT,Bryan Cook,Bryan,Cook,1999-09-07,73,210,Cincinnati; Howard,00-0037193,4247726,21a56bce-7c06-44d7-b641-99f499111739,34018,16184,55940,CookBr02,23424,8294,4.0,"https://static.www.nfl.com/image/upload/f_auto,q_auto/league/ge8j9sel1xacfl2plnol",COO016900,54527,3200434f-4f01-6900-8a81-c01952fe3f0f,2022.0,2022.0,KC
2026,GB,OL,G,70.0,ACT,Darian Kinnard,Darian,Kinnard,1999-12-29,77,322,Kentucky,00-0037194,,,,,,,,,4.0,"https://static.www.nfl.com/image/upload/f_auto,q_auto/league/zb5y9bkkhojda6ljs8sn",KIN720128,54610,32004b49-4e72-0128-6203-4ab65ad6ed51,2022.0,2022.0,KC
2026,LA,DB,CB,35.0,ACT,Jaylen Watson,Jaylen,Watson,1998-09-17,74,197,Washington State; Ventura,00-0037195,4697639,938beb66-29b3-4bf5-ac8e-1b36d21fdcde,34199,16074,131960,WatsJa02,23427,8373,4.0,"https://static.www.nfl.com/image/upload/f_auto,q_auto/league/vxmoq9pwno4z14gldecd",WAT411506,54708,32005741-5441-1506-d620-e1195b6dd067,2022.0,2022.0,KC
2026,CAR,OL,OT,63.0,ACT,Rasheed Walker,Rasheed,Walker,2000-02-13,78,325,Penn State,00-0037196,,,,,,,,,4.0,"https://static.www.nfl.com/image/upload/f_auto,q_auto/league/txizso7r4uhuocg4uhks",WAL308460,54714,32005741-4c30-8460-fec4-8041f42b9950,2022.0,2022.0,GB
2026,DET,RB,RB,10.0,ACT,Isiah Pacheco,Isiah,Pacheco,1999-03-02,70,216,Rutgers,00-0037197,4361529,3a25c037-fa30-4740-b742-ec8e4f1a2a25,34207,16104,83747,PachIs00,23371,8205,4.0,"https://static.www.nfl.com/image/upload/f_auto,q_auto/league/tqshteijt4xhgk2ei9sx",PAC576791,54716,32005041-4357-6791-9031-d5a8938af2e4,2022.0,2022.0,KC
2026,CAR,DL,DT,93.0,ACT,LaBryan Ray,LaBryan,Ray,1997-12-05,76,290,Alabama,00-0037203,4241473,b3407bc0-cfe9-11ec-8762-8dfa2bbad12c,34427,16219,56501,RayxLa02,23527,8274,4.0,"https://static.www.nfl.com/image/upload/f_auto,q_auto/league/sa3cqqnsfpbh8hbn6ga3",RAY370566,54872,32005241-5937-0566-d50a-656421064d2d,2022.0,2022.0,
2026,NE,DB,SAF,41.0,ACT,Brenden Schooler,Brenden,Schooler,1997-05-30,73,210,Texas; Arizona; Oregon,00-0037205,4047941,711a03f0-cfea-11ec-8762-8dfa2bbad12c,,16469,28253,SchoBr00,23939,8726,4.0,"https://static.www.nfl.com/image/upload/f_auto,q_auto/league/lawgvaccr2r2susesv1g",SCH469730,54874,32005343-4846-9730-87cd-10bdd7cd6cc3,2022.0,2022.0,
2026,KC,OL,G,66.0,ACT,Mike Caliendo,Mike,Caliendo,1997-10-21,76,300,Western Michigan,00-0037207,,,,,,,,,4.0,"https://static.www.nfl.com/image/upload/f_auto,q_auto/league/xfghkpipwwva7x4vs6xk",CAL446522,54876,32004341-4c44-6522-1a56-ed303c87635a,2022.0,2022.0,
2026,KC,LB,LB,43.0,ACT,Jack Cochrane,Jack,Cochrane,1999-02-09,75,236,South Dakota,00-0037208,4249766,6971dfd0-ce0d-11ec-8f7c-f5226825ea6a,34432,16325,63345,CochJa00,23687,8710,4.0,"https://static.www.nfl.com/image/upload/f_auto,q_auto/league/oh1dnddhxhzozoatq0z9",COC365102,54877,3200434f-4336-5102-400d-a6028e7ae2da,2022.0,2022.0,
2026,LAC,K,K,11.0,ACT,Cameron Dicker,Cameron,Dicker,2000-05-06,73,216,Texas,00-0037224,4362081,ac5dd0b0-d060-11ec-b677-29e0f2526162,34344,16226,77069,DickCa00,23567,8259,4.0,"https://static.www.nfl.com/image/upload/f_auto,q_auto/league/vd4nd1hoax82j7fi2bx0",DIC147658,54900,32004449-4314-7658-769e-ef70b4b4ddb7,2022.0,2022.0,
2026,PIT,RB,RB,30.0,ACT,Jaylen Warren,Derrell,Warren,1998-11-01,68,215,Oklahoma State,00-0037228,4569987,7e397190-ca24-11ec-9f1c-b7114d38a85b,34447,15984,98692,WarrJa01,23479,8228,4.0,"https://static.www.nfl.com/image/upload/f_auto,q_auto/league/f3txbqdarbabqtq4sx98",WAR659612,54905,32005741-5265-9612-2e68-f9e5f43ac527,2022.0,2022.0,
2026,CAR,OL,OT,79.0,ACT,Ikem Ekwonu,Ikemefuna,Ekwonu,2000-10-31,76,320,N.C. State,00-0037229,,,,,,,,,4.0,"https://static.www.nfl.com/image/upload/f_auto,q_auto/league/fcta66ia7jfaml7vssru",EKW415291,54471,3200454b-5741-5291-c575-71e78a1d7951,2022.0,2022.0,CAR
2026,NO,WR,WR,81.0,ACT,Kevin Austin Jr.,Kevin,Austin,2000-03-30,74,200,Notre Dame,00-0037231,4372758,3173c5c0-cbb6-11ec-88c8-199e5defa0d2,34242,16026,84345,AustKe00,23840,8200,4.0,"https://static.www.nfl.com/image/upload/f_auto,q_auto/league/fh2yaqaxkornxeb7d9ie",AUS749254,54911,32004155-5374-9254-94ca-870bbdf22344,2022.0,2022.0,
2026,JAX,DL,DE,44.0,ACT,Travon Walker,Yury,Walker,2000-12-18,77,272,Georgia,00-0037235,4426349,23664980-63a6-4a63-b662-807fcd886f6f,33956,16066,98940,WalkTr03,23316,8265,4.0,"https://static.www.nfl.com/image/upload/f_auto,q_auto/league/dg4shgrhcxlmhrdaifiu",WAL335860,54466,32005741-4c33-5860-fba3-6bbb26e956a0,2022.0,2022.0,JAX
2026,DET,DL,DE,97.0,ACT,Aidan Hutchinson,Aidan,Hutchinson,2000-08-09,79,268,Michigan,00-0037236,4372099,f2083e8e-df1e-4365-a5d1-235887841f42,33957,15832,82330,HutcAi00,23257,8289,4.0,"https://static.www.nfl.com/image/upload/f_auto,q_auto/league/mnv2cpjveex9rtrkkaly",HUT099869,54467,32004855-5409-9869-e552-bb07ce41f012,2022.0,2022.0,DET
2026,HOU,DB,CB,24.0,ACT,Derek Stingley Jr.,Derek,Stingley,2001-06-20,73,195,LSU,00-0037237,4426434,825de16d-4843-4c6d-80c2-da7c3191c542,33958,15899,98253,StinDe00,23334,8308,4.0,"https://static.www.nfl.com/image/upload/f_auto,q_auto/league/wkzinciyrrmsqdlda8lj",STI601420,54468,32005354-4960-1420-a38e-b73a2b4cd5a6,2022.0,2022.0,HOU
2026,ATL,WR,WR,5.0,ACT,Drake London,Drake,London,2001-07-24,76,215,USC,00-0037238,4426502,5053f9ae-15d9-4730-833d-484886b6f890,33963,15868,86519,LondDr00,23151,8112,4.0,"https://static.www.nfl.com/image/upload/f_auto,q_auto/league/np91pvk7mczra1iyjkmo",LON013463,54473,32004c4f-4e01-3463-a3e9-f95e800c8bba,2022.0,2022.0,ATL
2026,NO,WR,WR,12.0,ACT,Chris Olave,Chris,Olave,2000-06-27,72,187,Ohio State,00-0037239,4361370,2375d572-a36c-4365-bb3f-87e156526e2f,33966,15895,84355,OlavCh00,22565,8144,4.0,"https://static.www.nfl.com/image/upload/f_auto,q_auto/league/vrrmyvpvujynckag9jop",OLA659325,54476,32004f4c-4165-9325-c259-01a521202e2f,2022.0,2022.0,NO
2026,DET,WR,WR,1.0,ACT,Jameson Williams,Jameson,Williams,2001-03-26,73,180,Alabama; Ohio State,00-0037240,4426388,590adb00-5598-47ad-b6d4-16a6c5519847,33967,15849,101701,WillJa11,23234,8148,4.0,"https://static.www.nfl.com/image/upload/f_auto,q_auto/league/gpjarmglg1jhwq5wr1uu",WIL344909,54477,32005749-4c34-4909-bc5e-bde59d1a8826,2022.0,2022.0,DET
2026,LAC,OL,OT,75.0,ACT,Trevor Penning,Trevor,Penning,1999-05-15,79,325,Northern Iowa,00-0037241,,,,,,,,,4.0,"https://static.www.nfl.com/image/upload/f_auto,q_auto/league/ph1yzzisvtcuhbjb4uct",PEN368721,54484,32005045-4e36-8721-c716-03d03a853c33,2022.0,2022.0,NO
2026,KC,DB,CB,,ACT,Kaiir Elam,Kaiir,Elam,2001-05-05,73,191,Florida,00-0037242,4567399,17820ab6-c787-4c44-942e-6952c7a3ca4a,33978,15835,98693,ElamKa00,23320,8296,4.0,"https://static.www.nfl.com/image/upload/f_auto,q_auto/league/ye7stldje2waxyyjukvw",ELA550002,54488,3200454c-4155-0002-a198-92eda6859fa9,2022.0,2022.0,BUF
2026,DAL,OL,OT,73.0,ACT,Tyler Smith,Tyler,Smith,2001-04-03,77,332,Tulsa,00-0037243,,,,,,,,,4.0,"https://static.www.nfl.com/image/upload/f_auto,q_auto/league/hem9gdkwxuowfcvomvfx",SMI765890,54489,3200534d-4976-5890-507b-4d662371e33a,2022.0,2022.0,DAL
2026,CAR,LB,LB,55.0,ACT,Devin Lloyd,Devin,Lloyd,1998-09-30,75,235,Utah,00-0037244,4243256,95490459-68e2-4c72-bb60-eae1aab0ecb3,33982,16006,58238,LloyDe00,23437,8329,4.0,"https://static.www.nfl.com/image/upload/f_auto,q_auto/league/f4iyy3k80fzfzsgavxon",LLO339464,54492,32004c4c-4f33-9464-66e8-761a50bda0c2,2022.0,2022.0,JAX
2026,HOU,DB,SAF,5.0,ACT,Jalen Pitre,Jalen,Pitre,1999-06-03,72,200,Baylor,00-0037246,4241223,7ec32a97-e677-487c-a000-74a26de95931,33992,16073,57737,PitrJa00,23422,8314,4.0,"https://static.www.nfl.com/image/upload/f_auto,q_auto/league/nq8a3zanbbjoihquklor",PIT083599,54502,32005049-5408-3599-b04a-4c2328e5af83,2022.0,2022.0,HOU
2026,DAL,WR,WR,3.0,ACT,George Pickens,George,Pickens,2001-03-04,75,200,Georgia,00-0037247,4426354,018e8f25-54e5-44f1-967a-7ff237f1c52f,34007,15853,99229,PickGe00,23153,8137,4.0,"https://static.www.nfl.com/image/upload/f_auto,q_auto/league/cbpyykoguf7rsxezqzvk",PIC576156,54517,32005049-4357-6156-653f-e3c2b6d1b9bc,2022.0,2022.0,PIT
2026,BUF,RB,RB,4.0,ACT,James Cook,James,Cook,1999-09-25,71,190,Georgia,00-0037248,4379399,ce5de0e5-9f76-42ee-b93a-3ef88af9b0a7,34019,15876,83666,CookJa01,23247,8138,4.0,"https://static.www.nfl.com/image/upload/f_auto,q_auto/league/anjbznqb9i21wzcgrtbs",COO151970,54528,3200434f-4f15-1970-d2e5-e575c819187c,2022.0,2022.0,BUF
2026,DEN,LB,LB,15.0,ACT,Nik Bonitto,Nik,Bonitto,1999-09-26,75,240,Oklahoma,00-0037249,4360259,784f8433-0379-46bc-b9ed-6c5a1783513d,34020,16090,77196,BoniNi00,23290,8280,4.0,"https://static.www.nfl.com/image/upload/f_auto,q_auto/league/y1ptokk7b6jovbe2gtss",BON490179,54529,3200424f-4e49-0179-eaad-5763d16ae6ae,2022.0,2022.0,DEN
2026,NO,DB,CB,47.0,ACT,Martin Emerson,Martin,Emerson,2000-09-27,74,200,Mississippi State,00-0037250,4429568,a1173ed5-eca1-4c81-beaf-3460d22f6cf1,34024,16137,97872,EmerMa00,23322,8390,4.0,"https://static.www.nfl.com/image/upload/f_auto,q_auto/league/va7yfx0xoniri3fuxr0u",EME404215,54533,3200454d-4540-4215-97fb-3728b8869883,2022.0,2022.0,CLE
2026,CLE,DL,DE,91.0,ACT,Alex Wright,Alexander,Wright,2000-09-05,77,267,UAB,00-0037251,4570119,1e3d482b-e619-4245-bc4e-b347b47dfeba,34034,16190,98318,WrigAl01,23308,8376,4.0,"https://static.www.nfl.com/image/upload/f_auto,q_auto/league/rwvd1sputd9x1dziyznz",WRI062922,54543,32005752-4906-2922-b5b0-18513ba02e8e,2022.0,2022.0,CLE
2026,MIA,TE,TE,85.0,ACT,Greg Dulcich,Gregory,Dulcich,2000-03-26,76,245,UCLA,00-0037252,4367209,b9e4a022-d15c-4cef-9879-170277f17207,34036,15891,84068,DulcGr00,23310,8172,4.0,"https://static.www.nfl.com/image/upload/f_auto,q_auto/league/kirfnwuge3eam1s0ycne",DUL269681,54545,32004455-4c26-9681-69d0-93e30ab63839,2022.0,2022.0,DEN
2026,NE,DB,CB,25.0,ACT,Marcus Jones,Marcus,Jones,1998-10-22,68,188,Houston; Troy,00-0037253,4241720,aec385c3-426d-41ff-927e-450ef2b23f04,34041,15983,55717,JoneMa06,23421,8359,4.0,"https://static.www.nfl.com/image/upload/f_auto,q_auto/league/bwy0az1y2vgvirna4bye",JON587578,54550,32004a4f-4e58-7578-6b87-c99102b3d30d,2022.0,2022.0,NE
2026,BUF,LB,LB,8.0,ACT,Terrel Bernard,Terrel,Bernard,1999-05-07,73,224,Baylor,00-0037254,4259166,5978e634-af6b-4317-bcc3-1ad024421d13,34045,16187,57739,BernTe00,23447,8311,4.0,"https://static.www.nfl.com/image/upload/f_auto,q_auto/league/ryvz6uol9kymdgslc0rh",BER236424,54554,32004245-5223-6424-136f-901f81674ee9,2022.0,2022.0,BUF
2026,NYJ,OL,G,64.0,ACT,Dylan Parham,Dylan,Parham,1999-08-24,75,311,Memphis,00-0037255,,,,,,,,,4.0,"https://static.www.nfl.com/image/upload/f_auto,q_auto/league/wcuxehe604u11ay7hbpm",PAR061324,54555,32005041-5206-1324-7c3a-da01e660f29f,2022.0,2022.0,LV
2026,WAS,RB,RB,1.0,ACT,Rachaad White,Rachaad,White,1999-01-12,72,214,Arizona State; Mt. San Antonio; Kearney State,00-0037256,4697815,4d3f2f57-215c-4cb4-bf75-a7ecdcdded70,34047,15802,131633,WhitRa01,23217,8136,4.0,"https://static.www.nfl.com/image/upload/f_auto,q_auto/league/sxugbms8ketvgmilnlu3",WHI393110,54556,32005748-4939-3110-903e-6b6c868dd3ab,2022.0,2022.0,TB
2026,PHI,RB,RB,39.0,ACT,Dameon Pierce,Dameon,Pierce,2000-02-19,70,218,Florida,00-0037258,4360238,5d4ef6da-a6b5-4d9c-adc0-28dfdbe9315e,34063,15875,83659,PierDa01,23223,8129,4.0,"https://static.www.nfl.com/image/upload/f_auto,q_auto/league/lifrupicniyrosy1vj9c",PIE245478,54572,32005049-4524-5478-115c-8ae11dbeefa6,2022.0,2022.0,HOU
2026,NYG,LB,LB,41.0,ACT,Micah McFadden,Micah,McFadden,2000-01-03,74,232,Indiana,00-0037259,4371961,7642bafd-0974-46f5-9516-fe0c46fedb97,34102,16186,81246,McFaMi01,23541,8396,4.0,"https://static.www.nfl.com/image/upload/f_auto,q_auto/league/a5tbqialvnrvrvntreuj",MCF189074,54611,32004d43-4618-9074-1d3b-5835bc5ff315,2022.0,2022.0,NYG
2026,WAS,DL,DT,,ACT,DJ Davidson,DeVonta,Davidson,1999-09-19,77,320,Arizona State,00-0037260,4242899,f2829cb9-5719-447c-848a-db04af5cee02,34103,15937,56523,DaviDJ00,23514,8262,4.0,"https://static.www.nfl.com/image/upload/f_auto,q_auto/league/qnrdocqxvfswgpfdskkp",DAV056115,54612,32004441-5605-6115-9c7c-7f852f624e18,2022.0,2022.0,NYG
2026,BUF,WR,WR,10.0,ACT,Khalil Shakir,Khalil,Shakir,2000-02-03,72,190,Boise State,00-0037261,4373678,0ce9ddce-bdf6-469c-8a32-9cf0ed3714a4,34104,15892,84140,ShakKh00,23227,8134,4.0,"https://static.www.nfl.com/image/upload/f_auto,q_auto/league/otadttbhvkmavhsonnqm",SHA107427,54613,32005348-4110-7427-f34a-bb0aa1d8e556,2022.0,2022.0,BUF
2026,LV,DL,DT,99.0,ACT,Thomas Booker,Earl,Booker,1999-11-11,75,301,Stanford,00-0037262,4360749,5605cc4e-a0ed-4525-9dc1-5d439544793a,34106,16124,82168,BookTh00,23512,8380,4.0,"https://static.www.nfl.com/image/upload/f_auto,q_auto/league/mial4vlgplowh3uxrnmk",BOO053215,54615,3200424f-4f05-3215-dd8a-6e430613f1b9,2022.0,2022.0,HOU
2026,AZ,RB,RB,22.0,ACT,Tyler Allgeier,Tyler,Allgeier,2000-04-15,70,220,BYU,00-0037263,4373626,f4529909-1a02-4f4b-a1f3-315cad100683,34107,15976,83639,AllgTy00,23250,8132,4.0,"https://static.www.nfl.com/image/upload/f_auto,q_auto/league/buwaomfsz4y6orgb0cyg",ALL702582,54616,3200414c-4c70-2582-4cca-1a2070c9a090,2022.0,2022.0,ATL
2026,KC,OL,OT,73.0,ACT,Matt Waletzko,Matthew,Waletzko,1999-12-15,80,305,North Dakota,00-0037266,,,,,,,,,4.0,"https://static.www.nfl.com/image/upload/f_auto,q_auto/league/avcb9gc4ywdssifilxun",WAL062140,54620,32005741-4c06-2140-fce3-61ae5ec8a242,2022.0,2022.0,DAL
2026,WAS,RB,RB,34.0,ACT,Jerome Ford,Jerome,Ford,1999-09-12,70,210,Cincinnati; Alabama,00-0037267,4372019,cdc61676-6592-43f9-a4a6-d29ce52ac8f4,34112,15989,83601,FordJe00,23205,8143,4.0,"https://static.www.nfl.com/image/private/f_auto,q_auto/league/djggmwo5v8osoboiseo2",FOR234027,54621,3200464f-5223-4027-cb9f-9f2ae803ccd5,2022.0,2022.0,CLE
2026,TB,DB,CB,27.0,ACT,Zyon McCollum,Zyon,McCollum,1999-05-03,74,199,Sam Houston State,00-0037268,4250392,76d1f310-5877-42d1-99b2-b9ab4b8d826b,34113,15943,66769,McCoZy02,23432,8384,4.0,"https://static.www.nfl.com/image/upload/f_auto,q_auto/league/pkpopwwr1bwjvpxwqs94",MCC496223,54622,32004d43-4349-6223-dfc9-cd33beb7fa6f,2022.0,2022.0,TB
2026,MIN,DL,DT,93.0,ACT,Eric Johnson,Eric,Johnson,1998-07-16,76,320,Missouri State,00-0037269,4050971,9282c55b-7075-4ad1-b6a6-50b45f787382,34115,16182,33698,JohnEr01,23603,8473,4.0,"https://static.www.nfl.com/image/upload/f_auto,q_auto/league/fsvxbdkpnaondae99zbl",JOH227083,54624,32004a4f-4822-7083-8c6a-4071956ca3b3,2022.0,2022.0,IND
2026,DAL,DL,DT,91.0,ACT,Otito Ogbonnia,Otito,Ogbonnia,2000-08-25,76,320,UCLA,00-0037270,4367210,a99f605d-e128-4d9f-96b7-1e7c6d222303,34116,16191,82450,OgboOt00,23455,8331,4.0,"https://static.www.nfl.com/image/upload/f_auto,q_auto/league/ktcgvykjyamzn8vj2vt1",OGB573735,54625,32004f47-4257-3735-a031-5296cebb42ec,2022.0,2022.0,LAC
2026,CHI,LB,LB,48.0,ACT,D'Marco Jackson,D'Marco,Jackson,1998-07-20,73,233,Appalachian State,00-0037271,4241007,64326335-69b6-4dff-9e02-42b8e2a5bd8d,34117,16215,57691,JackDM00,23446,8367,4.0,"https://static.www.nfl.com/image/upload/f_auto,q_auto/league/bwbialh78nao9svr8jqn",JAC133001,54626,32004a41-4313-3001-24a4-1923581d0f43,2022.0,2022.0,NO
2026,PIT,DL,DT,93.0,ACT,Esezi Otomewo,Esezi,Otomewo,1999-03-09,77,282,Minnesota,00-0037274,4240759,e1e303e9-062e-429c-a52b-23f88d9dc725,34121,16201,55221,OtomEs00,23394,8342,4.0,"https://static.www.nfl.com/image/upload/f_auto,q_auto/league/a0mfh8bdgpmqoiqt65ze",OTO207645,54630,32004f54-4f20-7645-aebd-58df974e1ca7,2022.0,2022.0,MIN
2026,DAL,DB,CB,26.0,ACT,DaRon Bland,DaRon,Bland,1999-07-12,72,197,Fresno State,00-0037275,4248911,5c2a334e-5fe6-4434-ac23-6b252356c48b,34123,16273,56158,BlanDa00,23605,8476,4.0,"https://static.www.nfl.com/image/upload/f_auto,q_auto/league/cl7cnkp2mm58j8o086nm",BLA662271,54632,3200424c-4166-2271-c6f7-23b05759f9e1,2022.0,2022.0,DAL
2026,NO,RB,RB,32.0,ACT,Ty Chandler,Tykevious,Chandler,1998-05-12,71,204,North Carolina,00-0037276,4242431,a0833a94-60ce-4a3a-a32a-d067fe7b253d,34125,15979,62942,ChanTy01,21852,8230,4.0,"https://static.www.nfl.com/image/upload/f_auto,q_auto/league/i3urodji7vrb11n4pl06",CHA336645,54634,32004348-4133-6645-66e1-215e9c59ff5f,2022.0,2022.0,MIN
2026,AZ,TE,TE,47.0,ACT,Teagan Quitoriano,Teagan,Quitoriano,2000-03-15,78,259,Oregon State,00-0037277,4374045,06cb6aff-c81e-4553-95ba-467187f408d4,34126,16034,84036,QuitTe00,23355,8227,4.0,"https://static.www.nfl.com/image/upload/f_auto,q_auto/league/ecx86iiwr69wkwupjvzk",QUI815277,54635,32005155-4981-5277-f216-e0cb1124852e,2022.0,2022.0,HOU
2026,DEN,OL,C,60.0,ACT,Luke Wattenberg,Luke,Wattenberg,1997-09-10,77,300,Washington,00-0037278,,,,,,,,,4.0,"https://static.www.nfl.com/image/upload/f_auto,q_auto/league/sedgtg4ekxez8itnkm2d",WAT622924,54636,32005741-5462-2924-7a08-38e55cf9dafc,2022.0,2022.0,DEN
2026,MIA,DL,DT,91.0,ACT,Matthew Butler,Matthew,Butler,1999-06-10,75,305,Tennessee,00-0037280,4242457,c63b9843-a11b-4b5f-8d7e-5a67bf55aa5c,34131,16125,62931,ButlMa02,23513,8332,4.0,"https://static.www.nfl.com/image/upload/f_auto,q_auto/league/nsv9pnp9s8oaxaepftzk",BUT490520,54640,32004255-5449-0520-967e-567796450b28,2022.0,2022.0,LV
2026,DET,LB,LB,11.0,ACT,Damone Clark,Damone,Clark,2000-06-28,74,245,LSU,00-0037281,4362636,9976d1c8-b52f-4eba-8f95-7ee288c7b730,34132,16017,81282,ClarDa02,23442,8309,4.0,"https://static.www.nfl.com/image/upload/f_auto,q_auto/league/gmsr31hk1blgplqqkzml",CLA239010,54641,3200434c-4123-9010-bfbd-6f575fb561ea,2022.0,2022.0,DAL
2026,CAR,TE,TE,85.0,ACT,James Mitchell,James,Mitchell,1999-08-11,76,249,Virginia Tech,00-0037282,4361988,f461da0c-f764-414c-9e0d-2f02e22a68d8,34133,16035,77885,MitcJa00,22524,8170,4.0,"https://static.www.nfl.com/image/upload/f_auto,q_auto/league/ragin6kbjyfeffii1hrl",MIT332595,54642,32004d49-5433-2595-1036-880278848904,2022.0,2022.0,DET
2026,NO,DL,DT,95.0,ACT,John Ridgeway,John,Ridgeway,1999-05-07,77,321,Arkansas; Illinois State,00-0037283,4248047,e79ac942-5ee3-467e-bb5a-534726a2bdaa,34134,16128,66694,RidgJo00,23528,8306,4.0,"https://static.www.nfl.com/image/upload/f_auto,q_auto/league/irpvoorgwwezk7qxrp0m",RID334254,54643,32005249-4433-4254-703d-fca6e7bb2ee9,2022.0,2022.0,DAL
2026,KC,P,P,14.0,ACT,Matt Araiza,Matt,Araiza,2000-05-16,74,200,San Diego State,00-0037284,4361496,55c491d6-7721-45b4-968c-284448bf8c12,,16149,82642,AraiMa00,23281,8486,2.0,"https://static.www.nfl.com/image/upload/f_auto,q_auto/league/q4wjyhw18fj0omjkzql4",ARA317575,54645,32004152-4131-7575-504d-a8b693e6a7b6,2024.0,2024.0,BUF
2026,SF,OL,OT,76.0,ACT,Vederian Lowe,Vederian,Lowe,1999-04-17,78,320,Illinois,00-0037287,,,,,,,,,4.0,"https://static.www.nfl.com/image/upload/f_auto,q_auto/league/a72w3jazmnecd5nepevf",LOW394481,54649,32004c4f-5739-4481-d1d4-6711a6aecbb4,2022.0,2022.0,MIN
2026,BUF,DB,CB,47.0,ACT,Christian Benford,Christian,Benford,2000-09-21,73,205,Villanova,00-0037288,4379778,7c1aa6c9-6548-4192-b8aa-3749cab84b84,34141,16275,79181,BenfCh00,23607,8487,4.0,"https://static.www.nfl.com/image/upload/f_auto,q_auto/league/nltmhbxql5thc91mk1xy",BEN036336,54650,32004245-4e03-6336-12b7-d48d86b2de58,2022.0,2022.0,BUF
2026,DET,LB,LB,44.0,ACT,Malcolm Rodriguez,Malcolm,Rodriguez,1999-03-29,71,230,Oklahoma State,00-0037289,4241411,654b6b85-44e3-4a6e-a7ff-ebcdaa49fe51,34144,16052,60731,RodrMa00,23542,8334,4.0,"https://static.www.nfl.com/image/upload/f_auto,q_auto/league/ofwspc5nzlzqdvxqvpxc",ROD688025,54653,3200524f-4468-8025-e312-d977094cdc1f,2022.0,2022.0,DET
2026,LV,WR,WR,9.0,ACT,Jalen Nailor,Jalen,Nailor,1999-03-02,72,190,Michigan State,00-0037291,4382466,3f9e3634-54d7-46a4-bf26-67274500c907,34147,16025,84292,NailJa00,23368,8180,4.0,"https://static.www.nfl.com/image/upload/f_auto,q_auto/league/sdsx2pttiiwbfpyuuwiz",NAI067484,54656,32004e41-4906-7484-dbfb-80032db5a1ba,2022.0,2022.0,MIN
2026,IND,TE,TE,85.0,ACT,Andrew Ogletree,Andrew,Ogletree,1998-07-28,77,260,Youngstown State,00-0037292,4722908,59f460a8-b5af-40e6-840c-429762b278b3,34148,16277,138351,OgleAn00,23608,8489,4.0,"https://static.www.nfl.com/image/upload/f_auto,q_auto/league/gw6pbughf5gdn2sm189f",OGL659589,54657,32004f47-4c65-9589-92c7-47c2c9086ad6,2022.0,2022.0,IND
2026,DEN,DL,DT,94.0,ACT,Jordan Jackson,Jordan,Jackson,1998-01-30,77,294,Air Force,00-0037294,4261090,bf53f47f-0ee5-4391-9087-bfcae6014bde,34150,15905,56957,JackJo06,23520,8370,4.0,"https://static.www.nfl.com/image/upload/f_auto,q_auto/league/mygiulff7wmcrv8menhg",JAC277405,54659,32004a41-4327-7405-7338-34e0e3962b29,2022.0,2022.0,NO
2026,MIA,OL,G,69.0,ACT,Jamaree Salyer,Jamaree,Salyer,2000-07-13,76,325,Georgia,00-0037295,,,,,,,,,4.0,"https://static.www.nfl.com/image/upload/f_auto,q_auto/league/u3uyixtjb60xtwwth40a",SAL810806,54660,32005341-4c81-0806-8b3f-dafba9b9dbf5,2022.0,2022.0,LAC
2026,DET,OL,C,64.0,ACT,Cade Mays,Cade,Mays,1999-04-26,78,325,Tennessee,00-0037297,,,,,,,,,4.0,"https://static.www.nfl.com/image/upload/f_auto,q_auto/league/lvwir8l56pkjixweaca4",MAY714011,54664,32004d41-5971-4011-5dbe-c433b4d05a42,2022.0,2022.0,CAR
2026,NYG,DL,DT,99.0,ACT,Sam Roberts,Sam,Roberts,1998-04-14,77,300,NW Missouri State University,00-0037298,4077786,231a38f6-18a4-4875-9b86-bdb26d2d26c4,34156,16278,156069,RobeSa00,23610,8492,4.0,"https://static.www.nfl.com/image/upload/f_auto,q_auto/league/lpeonw4s0htacobg1qa4",ROB240088,54665,3200524f-4224-0088-b0b9-2cc054ba717d,2022.0,2022.0,NE
2026,DEN,WR,WR,,ACT,Mike Woods,Miuchael,Woods,2000-03-19,73,204,Oklahoma; Arkansas,00-0037300,4360174,70c462de-b1b5-4c07-8ba2-eb33f3075893,34158,16030,84117,WoodMi00,23468,8202,4.0,"https://static.www.nfl.com/image/private/f_auto,q_auto/league/qlps63mn8jfsvqgf7cub",WOO545683,54667,3200574f-4f54-5683-661d-2c7b56b7d9fb,2022.0,2022.0,CLE
2026,MIN,DB,DB,26.0,ACT,Theo Jackson,Thedarrius,Jackson,1998-10-02,73,205,Tennessee,00-0037301,4242436,8dd6946e-a36c-4b5e-9182-2fb1726ab554,34164,16279,62919,JackTh00,23611,8496,4.0,"https://static.www.nfl.com/image/upload/f_auto,q_auto/league/g9hb4dnu5xp63p5wjvrw",JAC576663,54669,32004a41-4357-6663-cb92-851bb551532a,2022.0,2022.0,TEN
2026,TEN,OL,OT,76.0,ACT,Austin Deculus,Austin,Deculus,1999-03-12,77,321,LSU,00-0037302,,,,,,,,,4.0,"https://static.www.nfl.com/image/upload/f_auto,q_auto/league/mfiu08h46jezawozpma8",DEC713964,54670,32004445-4371-3964-2fc8-58ad6c573272,2022.0,2022.0,HOU
2026,DEN,DL,DE,91.0,ACT,Matt Henningsen,Matt,Henningsen,1999-07-09,75,291,Wisconsin,00-0037303,4242358,38d9a47a-c3e3-4355-9995-c12782832728,34161,15915,56484,HennMa01,23612,8495,4.0,"https://static.www.nfl.com/image/upload/f_auto,q_auto/league/rvb3an0xk8hsda8xytra",HEN588886,54671,32004845-4e58-8886-15fe-0b7cdc21b57b,2022.0,2022.0,DEN
2026,LV,RB,FB,34.0,ACT,Connor Heyward,Connor,Heyward,1999-01-22,72,230,Michigan State,00-0037304,4241961,62e96d7c-e4dd-4a90-8c3a-8017eb69120d,34163,15916,57301,HeywCo00,23487,8181,4.0,"https://static.www.nfl.com/image/upload/f_auto,q_auto/league/b9bnasge2v2dtctdtqnf",HEY274236,54673,32004845-5927-4236-2cd3-ccab57204d8c,2022.0,2022.0,PIT
2026,IND,OL,OT,67.0,ACT,Luke Tenuta,Luke,Tenuta,1999-09-01,80,315,Virginia Tech,00-0037305,,,,,,,,,4.0,"https://static.www.nfl.com/image/upload/f_auto,q_auto/league/htkfluzqkowhqfidor30",TEN675714,54674,32005445-4e67-5714-49e8-18b876a064eb,2022.0,2022.0,BUF
2026,CIN,DB,CB,26.0,ACT,Ja'Sir Taylor,Ja'Sir,Taylor,1999-01-08,70,185,Wake Forest,00-0037307,4240434,e446d2e4-2ef3-42f9-88a8-ac17dd745c2d,34170,16181,55426,TaylJa04,23615,8481,4.0,"https://static.www.nfl.com/image/upload/f_auto,q_auto/league/usnlevporxzqj27zhgwu",TAY336112,54679,32005441-5933-6112-1646-dede62ea9c84,2022.0,2022.0,LAC
2026,DAL,DL,DE,53.0,ACT,James Houston,James,Houston,1998-11-16,73,241,Jackson State University,00-0037310,4240608,6f9be289-1bfa-46b8-b246-57adb586c641,34173,16281,57810,HousJa01,23617,8494,4.0,"https://static.www.nfl.com/image/upload/f_auto,q_auto/league/wrqp1yxxj1diweafto22",HOU460710,54682,3200484f-5546-0710-2211-95488cd5c2bb,2022.0,2022.0,DET
2026,TB,TE,TE,41.0,ACT,Ko Kieft,Ko,Kieft,1998-01-20,77,265,Minnesota,00-0037311,4034779,f96b8338-4ffb-4612-8c29-58dc3b12db69,34174,16282,41372,KiefKo00,23618,8484,4.0,"https://static.www.nfl.com/image/upload/f_auto,q_auto/league/ibtxauqcq4tjq4xsgf6a",KIE106484,54683,32004b49-4510-6484-951d-66586a88866f,2022.0,2022.0,TB
2026,PHI,LB,LB,59.0,ACT,Chance Campbell,Chance,Campbell,1999-10-08,74,232,Mississippi,00-0037312,4372051,abcd55e3-48da-4d45-8252-2131153e2906,34175,16260,81295,CampCh02,23536,8369,4.0,"https://static.www.nfl.com/image/upload/f_auto,q_auto/league/kgrcvyoj0medjywaud0o",CAM214668,54684,32004341-4d21-4668-7130-d64cff5809a1,2022.0,2022.0,TEN
2026,JAX,DB,CB,1.0,ACT,Montaric Brown,Montaric,Brown,1999-08-24,72,190,Arkansas,00-0037313,4242149,ce4e14db-c509-4a67-9898-ecf64b5ef795,34178,16154,55797,BrowMo00,23548,8305,4.0,"https://static.www.nfl.com/image/upload/f_auto,q_auto/league/hvnfc3mqxut3v0mufgg5",BRO565972,54687,32004252-4f56-5972-2e0a-45f2ccf2023c,2022.0,2022.0,JAX
2026,MIA,LB,LB,53.0,ACT,Cameron Goode,Cameron,Goode,1998-04-15,75,245,California,00-0037315,4035857,505c57f9-9912-467f-8572-4266536ef680,34180,16283,38410,GoodCa00,23619,8526,4.0,"https://static.www.nfl.com/image/upload/f_auto,q_auto/league/y9nbijy8p3twagggyodh",GOO086516,54689,3200474f-4f08-6516-3a38-7f8486d00ff9,2022.0,2022.0,MIA
2026,LAC,DB,CB,33.0,ACT,Deane Leonard,Deane,Leonard,1999-11-20,72,195,Mississippi,00-0037320,4690171,8df3606f-0c82-41e1-818f-1761b7bee65a,,16288,124140,LeonDe00,23626,8519,4.0,"https://static.www.nfl.com/image/upload/f_auto,q_auto/league/jk2a21dqnjr8ssq5s0tv",LEO454412,54701,32004c45-4f45-4412-b920-3b8a143d7076,2022.0,2022.0,LAC
2026,TB,DB,CB,26.0,ACT,Chase Lucas,Chase,Lucas,1997-03-04,71,184,Arizona State,00-0037321,4047846,5dda70c3-9fba-4e08-b855-b7c175d9d281,34193,15939,42833,LucaCh01,23560,8264,4.0,"https://static.www.nfl.com/image/upload/f_auto,q_auto/league/ftkp0eabjmqrbftyddyo",LUC052326,54702,32004c55-4305-2326-cf66-8cd5e58ec23e,2022.0,2022.0,DET
2026,SEA,DB,SAF,24.0,ACT,Rodney Thomas,Rodney,Thomas,1998-06-26,73,196,Yale,00-0037323,4248455,f3bceab4-444c-44aa-ba89-3df6bbc78eba,34195,16290,108389,ThomRo07,23627,8517,4.0,"https://static.www.nfl.com/image/upload/f_auto,q_auto/league/rmch7ilcol08gczhpwp6",THO359931,54704,32005448-4f35-9931-a171-67505fb32097,2022.0,2022.0,IND
2026,KC,QB,QB,19.0,ACT,Chris Oladokun,Chris,Oladokun,1997-09-03,73,213,South Dakota State,00-0037324,4044111,7078cdfc-032b-4f85-8b4b-720f926ba1cb,34197,16291,40364,OladCh00,23629,8413,4.0,"https://static.www.nfl.com/image/upload/f_auto,q_auto/league/qnyw1gqkqfll2lxppzlv",OLA166115,54706,32004f4c-4116-6115-589e-83a6fa13f48d,2022.0,2022.0,PIT
2026,BAL,QB,QB,11.0,ACT,Skylar Thompson,Skylar,Thompson,1997-06-04,74,219,Kansas State,00-0037327,4036419,5ba2c367-a293-4d83-9268-a0e392ebca1a,34203,15974,60417,ThomSk00,23477,8206,4.0,"https://static.www.nfl.com/image/upload/f_auto,q_auto/league/kjzk0fsbhfjrt0kffh46",THO688036,54712,32005448-4f68-8036-e585-25fef5e651b9,2022.0,2022.0,MIA
2026,CHI,RB,RB,38.0,ACT,Brittain Brown,Brittain,Brown,1997-10-10,73,205,UCLA,00-0037329,4036032,387c8819-5892-4528-ac33-0ec72b24cc2f,34206,16294,40399,BrowBr06,23632,8423,4.0,"https://static.www.nfl.com/image/upload/f_auto,q_auto/league/zpugbbzvxbpemoif9txa",BRO277743,54715,32004252-4f27-7743-fcbe-008b65b9b8ef,2022.0,2022.0,LV
2026,NE,LB,LB,42.0,ACT,Jesse Luketa,Jesse,Luketa,1999-01-15,75,260,Penn State,00-0037330,4361419,0def3077-a774-45d7-aa2d-2a6d42f5a54b,34212,15960,81361,LukeJe00,23391,8322,4.0,"https://static.www.nfl.com/image/upload/f_auto,q_auto/league/ulrqjbgiw7ukufjd1yez",LUK662948,54721,32004c55-4b66-2948-8ef4-cc7583bab190,2022.0,2022.0,ARI
2026,SEA,DB,SAF,23.0,ACT,D'Anthony Bell,D'Anthony,Bell,1996-10-17,73,211,University of West Florida,00-0037332,4608386,8b181df0-d30a-11ec-8b77-45b1765fd110,34475,16523,111578,BellDA03,23910,8795,4.0,"https://static.www.nfl.com/image/upload/f_auto,q_auto/league/ckont3gxmlaebwbbkplr",BEL269769,54915,32004245-4c26-9769-4c00-4395bf50c775,2022.0,2022.0,
2026,PIT,OL,C,67.0,ACT,Brock Hoffman,Brock,Hoffman,1999-07-02,76,302,Virginia Tech; Coastal Carolina,00-0037336,,,,,,,,,4.0,"https://static.www.nfl.com/image/upload/f_auto,q_auto/league/yzgyme4uziotnwqbfn7x",HOF323482,54919,3200484f-4632-3482-13c2-2a55c5fef879,2022.0,2022.0,
2026,NO,TE,TE,84.0,ACT,Zaire Mitchell-Paden,Zaire,Mitchell-Paden,1999-08-20,77,257,Florida Atlantic,00-0037340,4876006,,,16530,145197,MitcZa00,,,4.0,"https://static.www.nfl.com/image/upload/f_auto,q_auto/league/koebkhaljopitnuvfgbb",MIT781005,54923,32004d49-5478-1005-fb4b-79ee2b0c17a2,2022.0,2022.0,
2026,NYG,TE,TE,48.0,ACT,Tanner Conner,Tanner,Conner,1998-03-20,75,232,Idaho State,00-0037348,4047422,4f2ecf70-d3b2-11ec-96a0-c3471a31202c,34513,16338,22777,ConnTa00,23737,8849,4.0,"https://static.www.nfl.com/image/upload/f_auto,q_auto/league/ndhpqkxblrd3vcbcfadw",CON474977,54931,3200434f-4e47-4977-61d5-70937df6e5f5,2022.0,2022.0,
2026,KC,DB,CB,26.0,ACT,Kader Kohou,Kader,Kohou,1998-11-28,70,195,East Texas A&M,00-0037353,4291489,97debc10-d3b9-11ec-96a0-c3471a31202c,34529,16330,156070,KohoKa00,23726,8857,4.0,"https://static.www.nfl.com/image/upload/f_auto,q_auto/league/ngmustpsoeobxhntvpsf",KOH461435,54936,32004b4f-4846-1435-3190-0e6a8cdde7a0,2022.0,2022.0,
2026,GB,DL,DE,53.0,ACT,Arron Mosby,Arron,Mosby,1999-04-13,75,250,Fresno State,00-0037364,4242996,573375f0-ca1f-11ec-aeb5-1b91b32ddede,,16509,55908,MosbAr00,23776,8569,4.0,"https://static.www.nfl.com/image/upload/f_auto,q_auto/league/sub2rfbfzebhuxzlt2jd",MOS008081,54949,32004d4f-5300-8081-aad8-2b0095b8cdc4,2022.0,2022.0,
2026,NE,OL,OT,61.0,ACT,Sebastian Gutierrez,Sebastian,Gutierrez,1998-07-06,77,308,Minot State University,00-0037381,,,,,,,,,4.0,"https://static.www.nfl.com/image/upload/f_auto,q_auto/league/rvagoeee57wgqn5vabpq",GUT373646,54966,32004755-5437-3646-16df-3cc620b8fc48,2022.0,2022.0,
2026,DEN,DB,CB,29.0,ACT,Ja'Quan McMillian,Ja'Quan,McMillian,2000-06-04,70,183,East Carolina,00-0037384,4567462,62fb07e0-d253-11ec-b16e-cf7159baf83d,34574,16477,100931,McMiJa00,23367,8752,4.0,"https://static.www.nfl.com/image/upload/f_auto,q_auto/league/kpgabuesfqci0swbrkem",MCM604014,54969,32004d43-4d60-4014-636e-033cb359aa32,2022.0,2022.0,
2026,DET,OL,G,62.0,ACT,Michael Niese,Michael,Niese,1998-01-13,77,300,Temple,00-0037385,,,,,,,,,4.0,"https://static.www.nfl.com/image/upload/f_auto,q_auto/league/piami1hctdga4ojgkcpq",NIE744064,54970,32004e49-4574-4064-49f7-9089d0e1714f,2022.0,2022.0,
2026,BUF,WR,WR,87.0,ACT,Jalen Virgil,Jalen,Virgil,1998-07-13,73,210,Appalachian State; UMass Amherst,00-0037387,4036448,aa8d3730-d254-11ec-b16e-cf7159baf83d,34579,16332,41991,VirgJa00,23642,8416,4.0,"https://static.www.nfl.com/image/upload/f_auto,q_auto/league/i9ebia0j5dp78tpgcmpx",VIR259235,54972,32005649-5225-9235-8e5a-b6a7fbe4b64c,2022.0,2022.0,
2026,CHI,DB,CB,37.0,ACT,Dallis Flowers,Dallis,Flowers,1997-06-04,73,196,Pittsburg State (KS),00-0037395,4917592,3a886c50-d3a0-11ec-96a0-c3471a31202c,34503,16547,156091,FlowDa00,23677,8833,4.0,"https://static.www.nfl.com/image/upload/f_auto,q_auto/league/ejoqt02yk1eubbibnxre",FLO320115,54980,3200464c-4f32-0115-6211-30fcc43a9886,2022.0,2022.0,
2026,MIN,OL,OT,72.0,ACT,Ryan Van Demark,Ryan,Van Demark,1998-03-22,78,307,Connecticut,00-0037404,,,,,,,,,4.0,"https://static.www.nfl.com/image/upload/f_auto,q_auto/league/ofqc3dzngumitn9vx8ug",VAN358786,54989,32005641-4e35-8786-8134-e52f551c2fe2,2022.0,2022.0,
2026,PIT,LS,LS,57.0,ACT,Cal Adomitis,Callen,Adomitis,1998-07-09,74,238,Pittsburgh,00-0037412,,,,,,,,,4.0,"https://static.www.nfl.com/image/upload/f_auto,q_auto/league/hi1jz8g2dtq0l6efegra",ADO207645,54997,32004144-4f20-7645-b843-7a0947c8068c,2022.0,2022.0,
2026,NE,OL,C,77.0,ACT,Ben Brown,Timothy,Brown,1998-05-19,77,312,Mississippi,00-0037413,,,,,,,,,4.0,"https://static.www.nfl.com/image/upload/f_auto,q_auto/league/imfnoemmtvdrjtdh7auo",BRO268400,54998,32004252-4f26-8400-a074-e05dc53a590f,2022.0,2022.0,
2026,DET,OL,OT,77.0,ACT,Devin Cochran,Andrew,Cochran,1998-07-17,79,310,Georgia Tech,00-0037414,,,,,,,,,4.0,"https://static.www.nfl.com/image/upload/f_auto,q_auto/league/zbafhmvcymtqv6j3bves",COC112236,54999,3200434f-4311-2236-7121-ee2139cd5202,2022.0,2022.0,
2026,CIN,WR,WR,19.0,ACT,Kendric Pryor,Kendric,Pryor,1998-01-06,71,189,Wisconsin,00-0037422,4035776,73f7ecc0-d2ee-11ec-96a0-c3471a31202c,34476,16519,40408,PryoKe00,23996,8783,4.0,"https://static.www.nfl.com/image/upload/f_auto,q_auto/league/edqjtpuwrzqqbwtne9a5",PRY454541,55007,32005052-5945-4541-ee77-b97156739109,2022.0,2022.0,
2026,BUF,OL,OT,70.0,ACT,Alec Anderson,Alec,Anderson,1999-10-03,77,305,UCLA,00-0037428,,,,,,,,,4.0,"https://static.www.nfl.com/image/upload/f_auto,q_auto/league/zmxbsuvvy2qtzfvrqcac",AND037350,55013,3200414e-4403-7350-a2bc-767713a88532,2022.0,2022.0,
2026,NYJ,DL,DE,57.0,ACT,Kingsley Jonathan,Chukwuemeka,Jonathan,1998-04-28,76,260,Syracuse,00-0037431,4240405,09db6210-d2ec-11ec-96a0-c3471a31202c,,16499,56856,JonaKi00,23896,8776,4.0,"https://static.www.nfl.com/image/upload/f_auto,q_auto/league/bqknndwhdjnpkzp9h59r",JON024084,55016,32004a4f-4e02-4084-905e-1310874b820e,2022.0,2022.0,
2026,LA,LB,LB,,ACT,Tomon Fox,Tomon,Fox,1998-03-16,74,245,North Carolina,00-0037447,4037520,9880c110-d3bc-11ec-96a0-c3471a31202c,,16562,42486,FoxxTo00,24000,8854,4.0,"https://static.www.nfl.com/image/upload/f_auto,q_auto/league/lccvchowchcmx5ymg67u",FOX718674,55032,3200464f-5871-8674-6e49-2a3d0e25ce8b,2022.0,2022.0,
2026,HOU,LB,LB,35.0,ACT,Jake Hansen,Jake,Hansen,1998-06-19,73,230,Illinois,00-0037457,4033812,4d83cae0-c967-11ec-89b7-476565ea032f,34598,15314,43645,HansJa01,23538,8349,4.0,"https://static.www.nfl.com/image/upload/f_auto,q_auto/league/x63vwyjtybkdrulfmr2j",HAN576361,55043,32004841-4e57-6361-59e4-2dd889e0de91,2022.0,2022.0,
2026,LV,DB,DB,27.0,ACT,Tristin McCollum,Tristin,McCollum,1999-05-03,75,195,Sam Houston State,00-0037461,4250393,151a3910-c966-11ec-9af6-61153bad5574,,16545,66771,McCoTr00,23602,8542,4.0,"https://static.www.nfl.com/image/upload/f_auto,q_auto/league/lob4yulcbxvkweblc0dg",MCC495185,55047,32004d43-4349-5185-16e1-ac82a2fc5651,2022.0,2022.0,
2026,NYG,DB,SAF,43.0,ACT,Raheem Layne,Raheem,Layne,1999-07-02,71,192,Indiana,00-0037468,4258237,71325ae0-ca2c-11ec-a896-a541b322f383,,16314,55960,LaynRa00,23750,8578,4.0,"https://static.www.nfl.com/image/upload/f_auto,q_auto/league/gb6jlranah8r9odgtmhd",LAY553130,55054,32004c41-5955-3130-c4cb-17782af043c8,2022.0,2022.0,
2026,PHI,TE,TE,87.0,ACT,Stone Smartt,Stone,Smartt,1998-10-04,76,226,Old Dominion,00-0037475,4250764,6ee105f0-ca2e-11ec-be96-e90abdfa0fef,34637,16321,60492,SmarSt00,23644,8583,4.0,"https://static.www.nfl.com/image/upload/f_auto,q_auto/league/fdmnvrjgz8cqnxjtukzd",SMA808525,55061,3200534d-4180-8525-cede-38f1c8c069ec,2022.0,2022.0,
2026,PIT,OL,OT,60.0,ACT,Dylan Cook,Dylan,Cook,1998-01-11,78,305,Montana; Northern Montana State University,00-0037480,,,,,,,,,4.0,"https://static.www.nfl.com/image/upload/f_auto,q_auto/league/iok20w4kxwuzicm3mnar",COO070016,55068,3200434f-4f07-0016-f5c0-0f1cc8bb7592,2022.0,2022.0,
2026,NE,DB,SAF,33.0,ACT,Mike Brown,Michael,Brown,1999-04-07,73,218,Miami (Ohio),00-0037493,4244310,d64354b0-c956-11ec-b1d2-d334745b4f4f,34232,16300,56054,BrowMi02,23661,8532,4.0,"https://static.www.nfl.com/image/upload/f_auto,q_auto/league/ztb9tdt5ihd7gmjyspbz",BRO564946,55081,32004252-4f56-4946-6dec-36a737b329e4,2022.0,2022.0,
2026,NO,P,P,17.0,ACT,Ryan Wright,Ryan,Wright,2000-06-01,75,245,Tulane,00-0037500,4361823,4800e2e0-c95a-11ec-b1d2-d334745b4f4f,,16306,77591,WrigRy00,23671,8528,4.0,"https://static.www.nfl.com/image/upload/f_auto,q_auto/league/n7t34xvfvc2pxgtcwnlw",WRI649809,55088,32005752-4964-9809-84ff-393d1a4d4491,2022.0,2022.0,
2026,LV,DB,SAF,20.0,ACT,Isaiah Pola-Mao,Isaiah,Pola-Mao,1999-06-30,75,204,USC,00-0037512,4259632,03dc3660-d3a9-11ec-96a0-c3471a31202c,34556,16202,60781,PolaIs00,23934,8838,4.0,"https://static.www.nfl.com/image/upload/f_auto,q_auto/league/iv2fsbkqbciaglpqrlbd",POL045247,55100,3200504f-4c04-5247-89ab-94b9194abd7b,2022.0,2022.0,
2026,WAS,DB,SAF,,ACT,Qwuantrezz Knight,Qwuantrezz,Knight,1997-10-10,72,199,UCLA; Kent State; Maryland,00-0037522,,,,,,,,,4.0,"https://static.www.nfl.com/image/private/f_auto,q_auto/league/pgfgevbxcblzaejce2pv",KNI617685,55110,32004b4e-4961-7685-598b-fd1f6e0fb28b,2022.0,2022.0,
2026,MIN,RB,RB,27.0,ACT,Jordan Mason,Jordan,Mason,1999-05-24,71,230,Georgia Tech,00-0037525,4360569,af9f7390-ca80-11ec-97ae-e1573849d1a6,34320,16163,62946,MasoJo00,23364,8408,4.0,"https://static.www.nfl.com/image/upload/f_auto,q_auto/league/ixykwytfrfz1cdxlhj5w",MAS125056,55113,32004d41-5312-5056-fafb-b3b690e395a1,2022.0,2022.0,
2026,NYJ,LB,LB,41.0,ACT,Marcelino McCrary-Ball,Marcelino,McCrary-Ball,1999-03-23,72,214,Indiana,00-0037526,4045299,40b40970-ca83-11ec-97ae-e1573849d1a6,,16394,51112,McCrMa01,23871,8618,4.0,"https://static.www.nfl.com/image/upload/f_auto,q_auto/league/q0ik6bvofk4zrgsartd2",MCC661804,55114,32004d43-4366-1804-33a5-7fdeaa9353cd,2022.0,2022.0,
2026,LV,LB,LB,50.0,ACT,Segun Olubi,Segun,Olubi,1999-11-01,74,220,San Diego State,00-0037527,4260703,77586110-ca83-11ec-97ae-e1573849d1a6,34322,16395,128312,OlubSe00,23660,8620,4.0,"https://static.www.nfl.com/image/upload/f_auto,q_auto/league/llpctz5sjgveunckp3pe",OLU118654,55115,32004f4c-5511-8654-e618-818cbfa5d0c2,2022.0,2022.0,
2026,DEN,TE,TE,,ACT,Lucas Krull,Lucas,Krull,1998-07-11,78,260,Pittsburgh,00-0037539,4360231,767b4820-cc9f-11ec-952e-a10f2c98fc4d,34654,16259,83962,KrulLu00,23650,8249,4.0,"https://static.www.nfl.com/image/upload/f_auto,q_auto/league/eolvpkk5jjmipuqmf5v6",KRU507134,55127,32004b52-5550-7134-95a7-3950c4ae4b6b,2022.0,2022.0,
2026,CHI,LB,LB,45.0,ACT,Nephi Sewell,Nephi,Sewell,1998-12-19,72,228,Utah,00-0037544,4241611,3f84c3c0-cc9d-11ec-952e-a10f2c98fc4d,34716,16196,56107,SeweNe00,23348,8328,4.0,"https://static.www.nfl.com/image/upload/f_auto,q_auto/league/hxphcudtmtcfbazd36kn",SEW440460,55132,32005345-5744-0460-78e0-ad2f28ed6cef,2022.0,2022.0,
2026,SEA,WR,WR,22.0,ACT,Rashid Shaheed,Rashid,Shaheed,1998-08-31,72,180,Weber State,00-0037545,4032473,e1ecc660-cc9f-11ec-952e-a10f2c98fc4d,34659,16560,63707,ShahRa00,23729,8676,4.0,"https://static.www.nfl.com/image/upload/f_auto,q_auto/league/ynsy489xqmiwt5q9whty",SHA089447,55133,32005348-4108-9447-3491-eb73ad07ef30,2022.0,2022.0,
2026,GB,P,P,19.0,ACT,Daniel Whelan,Daniel,Whelan,1999-02-10,77,216,UC Davis,00-0037547,4248789,cd141ff0-cc9e-11ec-952e-a10f2c98fc4d,,16598,57639,WhelDa00,23768,8674,3.0,"https://static.www.nfl.com/image/upload/f_auto,q_auto/league/lqnpsqdo5gpoxxirr9b6",WHE755365,55135,32005748-4575-5365-e941-5af46ce1f2d1,2023.0,2023.0,
2026,MIA,DB,CB,22.0,ACT,Darrell Baker Jr.,Darrell,Baker,1998-03-27,73,190,Georgia Southern,00-0037549,4036660,e92e4840-cb41-11ec-a667-6354702e3fca,34302,16385,43542,BakeDa02,23681,8666,4.0,"https://static.www.nfl.com/image/upload/f_auto,q_auto/league/e536r65rabmkj6idcwpb",BAK785445,55137,32004241-4b78-5445-4d43-3ee85cdf8080,2022.0,2022.0,
2026,LA,RB,RB,20.0,ACT,Ronnie Rivers,Ronnie,Rivers,1999-01-31,69,198,Fresno State,00-0037557,4243003,246db560-cb4e-11ec-a667-6354702e3fca,34310,16108,57208,RiveRo01,22547,8195,4.0,"https://static.www.nfl.com/image/upload/f_auto,q_auto/league/ykza0uhrd73htnmjwbrk",RIV673384,55145,32005249-5667-3384-6c78-b7eef7619467,2022.0,2022.0,
2026,DAL,DB,SAF,14.0,ACT,Markquese Bell,Markquese,Bell,1999-01-06,75,205,Florida A&M,00-0037561,4241921,546a44e0-d314-11ec-8b77-45b1765fd110,,16142,56033,BellMa01,23547,8399,4.0,"https://static.www.nfl.com/image/upload/f_auto,q_auto/league/tltiuomelvkre4tsp25s",BEL508906,55149,32004245-4c50-8906-cda2-e5c5f66a61bd,2022.0,2022.0,
2026,DAL,RB,RB,43.0,ACT,Malik Davis,Malik,Davis,1998-11-26,71,202,Florida,00-0037563,4240603,7caf1f90-d30d-11ec-8b77-45b1765fd110,34610,15828,57196,DaviMa02,23880,8800,4.0,"https://static.www.nfl.com/image/upload/f_auto,q_auto/league/mdjhv8xuitxkn7oefwty",DAV533325,55151,32004441-5653-3325-351e-1ba69c909b9a,2022.0,2022.0,
2026,TB,WR,WR,89.0,ACT,Dennis Houston,Dennis,Houston,1999-04-24,73,190,Western Illinois,00-0037570,4572786,2fb00370-d30e-11ec-8b77-45b1765fd110,34592,16356,61295,HousDe01,23725,8801,4.0,"https://static.www.nfl.com/image/upload/f_auto,q_auto/league/nq77jbtjvci25d4uyzsn",HOU444022,55158,3200484f-5544-4022-c14e-f5c0289837cf,2022.0,2022.0,
2026,IND,DB,SAF,33.0,ACT,Juanyeh Thomas,Juanyeh,Thomas,2000-06-24,75,217,Georgia Tech,00-0037578,4360590,8a8dfad0-d314-11ec-8b77-45b1765fd110,34595,16145,76655,ThomJu03,23327,8397,4.0,"https://static.www.nfl.com/image/upload/f_auto,q_auto/league/ftxdnkfoymrgcc96zlnt",THO265117,55166,32005448-4f26-5117-754c-f755f2a31494,2022.0,2022.0,
2026,TEN,DL,DT,94.0,ACT,Timmy Horne,Timothy,Horne,1997-10-25,76,323,Kansas State,00-0037585,4045701,16b730e0-cc7f-11ec-8d55-87af3a9174bd,,16494,43918,HornTi00,23861,8654,4.0,"https://static.www.nfl.com/image/upload/f_auto,q_auto/league/tgtw0t2gjcsejvro76ts",HOR341124,55173,3200484f-5234-1124-e6c0-2c7a6ea3af65,2022.0,2022.0,
2026,LA,LB,LB,53.0,ACT,Nate Landman,Nate,Landman,1998-11-19,75,235,Colorado,00-0037587,4243181,7fe2ddd0-cc7f-11ec-8d55-87af3a9174bd,34291,15904,57788,LandNa01,23539,8659,4.0,"https://static.www.nfl.com/image/upload/f_auto,q_auto/league/s9kvdztegpkmihjpwj0q",LAN108404,55175,32004c41-4e10-8404-7773-9eee03d2b855,2022.0,2022.0,
2026,CLE,DB,CB,11.0,ACT,Tre Avery,Tre,Avery,1997-02-26,71,185,Rutgers,00-0037593,4259300,bb6a7db0-133b-11ed-9919-531ded80fd4f,34449,16575,56146,AverTr01,24001,8925,4.0,"https://static.www.nfl.com/image/upload/f_auto,q_auto/league/malahw9czftvuse45ebp",AVE669655,55181,32004156-4566-9655-96b4-fbb3818be672,2022.0,2022.0,
2026,TEN,RB,RB,36.0,ACT,Julius Chestnut,Julius,Chestnut,2000-10-26,71,228,Sacred Heart University,00-0037594,4367567,873860f0-cca2-11ec-9e80-cff885fdbae7,34451,15921,109239,ChesJu00,23586,8254,4.0,"https://static.www.nfl.com/image/upload/f_auto,q_auto/league/glst6wabuuvbrssmidng",CHE603251,55182,32004348-4560-3251-9278-3d0ccaa1d9cb,2022.0,2022.0,
2026,AZ,LB,LB,50.0,ACT,Jack Gibbens,Jack,Gibbens,1998-11-24,76,245,Minnesota; Abilene Christian,00-0037596,4249739,aa030100-cca0-11ec-80d0-652593cc1bb6,34454,16576,57662,GibbJa00,24003,8680,4.0,"https://static.www.nfl.com/image/upload/f_auto,q_auto/league/yrjlzoh5qps1evqxpcks",GIB027551,55184,32004749-4202-7551-796e-53bccf3bf6b8,2022.0,2022.0,
2026,NYJ,OL,G,65.0,ACT,Xavier Newman-Johnson,Xavier,Newman-Johnson,1999-08-04,74,297,Baylor,00-0037601,,,,,,,,,4.0,"https://static.www.nfl.com/image/upload/f_auto,q_auto/league/ltlojovue9gzntpaubjn",NEW501295,55189,32004e45-5750-1295-56ca-e2e2aa6b55de,2022.0,2022.0,
2026,SF,DL,DT,91.0,ACT,Sam Okuayinonu,Sam,Okuayinonu,1998-05-01,73,269,Maryland,00-0037602,4569497,59271dc0-c95d-11ec-b1d2-d334745b4f4f,,16581,101425,OkuaSa00,23683,8540,4.0,"https://static.www.nfl.com/image/upload/f_auto,q_auto/league/bz3qx6p6ua5e7e5kuukk",OKU096406,55190,32004f4b-5509-6406-9914-99a25cfb1ae8,2022.0,2022.0,
2026,NE,OL,G,67.0,ACT,Andrew Rupcich,Andrew,Rupcich,1999-04-01,78,325,Culver-Stockton College,00-0037605,,,,,,,,,4.0,"https://static.www.nfl.com/image/upload/f_auto,q_auto/league/jkbyyccmhaxdkuxsqpmn",RUP103822,55193,32005255-5010-3822-b2f3-444644b86e76,2022.0,2022.0,
2026,NYG,LB,LB,5.0,ACT,Kayvon Thibodeaux,Kayvon,Thibodeaux,2000-12-15,77,258,Oregon,00-0037611,4426326,47b9a4ca-aad6-41a0-a1b1-d6b2091f0296,33960,15854,98444,ThibKa00,23260,8355,4.0,"https://static.www.nfl.com/image/upload/f_auto,q_auto/league/dbu5kzu0gwuszwd81dcz",THI172866,54470,32005448-4917-2866-684f-218d97d743dd,2022.0,2022.0,NYG
2026,NYG,OL,OT,73.0,ACT,Evan Neal,Evan,Neal,2000-09-19,79,340,Alabama,00-0037612,,,,,,,,,4.0,"https://static.www.nfl.com/image/upload/f_auto,q_auto/league/drzi3cw9xrgubz2eet2t",NEA162928,54472,32004e45-4116-2928-ef52-cc385312d2f6,2022.0,2022.0,NYG
2026,CAR,WR,WR,13.0,ACT,John Metchie III,John,Metchie,2000-07-18,71,187,Alabama,00-0037614,4567096,2995df34-ee81-4320-be1e-1c497b83c927,33999,16069,97400,MetcJo00,23160,8147,4.0,"https://static.www.nfl.com/image/upload/f_auto,q_auto/league/u7ir1sy2vrpidvwpndqd",MET373452,54509,32004d45-5437-3452-4786-13bd57b6dd0c,2022.0,2022.0,HOU
2026,LV,LB,LB,17.0,ACT,Nakobe Dean,Nakobe,Dean,2000-12-13,71,231,Georgia,00-0037615,4426340,119e79fa-0453-4253-9b3d-9a8ef03a48ec,34039,15931,99018,DeanNa00,23309,8267,4.0,"https://static.www.nfl.com/image/upload/f_auto,q_auto/league/ivady9pej8rcuwf1lf3h",DEA441776,54548,32004445-4144-1776-3253-6360a938918f,2022.0,2022.0,PHI
2026,WAS,DB,SAF,25.0,ACT,Nick Cross,Nicolas,Cross,2001-09-10,72,212,Maryland,00-0037616,4426403,2804d41d-19c7-41ff-a1ea-a208fc0fad35,34052,16139,97514,CrosNi00,23305,8392,4.0,"https://static.www.nfl.com/image/upload/f_auto,q_auto/league/kpyjflkuqsthoic5pcrm",CRO453765,54561,32004352-4f45-3765-23e6-2cd9c4c4be6b,2022.0,2022.0,IND
2026,SF,OL,OT,,ACT,Zach Thomas,Zachary,Thomas,1998-05-26,77,308,San Diego State,00-0037618,,,,,,,,,4.0,"https://static.www.nfl.com/image/upload/f_auto,q_auto/league/xavwevdxxjoneavs1mxl",THO410700,54651,32005448-4f41-0700-de26-4c02b0aacfb3,2022.0,2022.0,CHI
2026,ATL,OL,OT,74.0,ACT,Andrew Stueber,Andrew,Stueber,1999-07-01,79,320,Michigan,00-0037620,,,,,,,,,4.0,"https://static.www.nfl.com/image/upload/f_auto,q_auto/league/rap8q8mkdtzgq9erggm9",STU494387,54710,32005354-5549-4387-a5a3-e4b30b6368d8,2022.0,2022.0,NE
2026,HOU,LB,LB,33.0,ACT,Jacob Hummel,Jacob,Hummel,1999-01-04,73,229,Iowa State,00-0037633,4241250,0c7ceb00-d207-11ec-ab20-b37737d70cc4,34342,16270,57879,HummJa00,23646,8733,4.0,"https://static.www.nfl.com/image/upload/f_auto,q_auto/league/yeqyn79axqsyvi7iqcpl",HUM243174,55212,32004855-4d24-3174-5f1c-e6d317cf4f4b,2022.0,2022.0,
2026,CLE,DL,DE,61.0,ACT,Benton Whitley,Benton,Whitley,1999-02-12,76,260,Holy Cross,00-0037638,4247722,08aa57d0-d20a-11ec-ab20-b37737d70cc4,34332,16409,54444,WhitBe00,23955,8746,4.0,"https://static.www.nfl.com/image/upload/f_auto,q_auto/league/rzqvkmm6qv9ijywiqdwo",WHI664905,55217,32005748-4966-4905-2560-36bcd3e2e369,2022.0,2022.0,
2026,HOU,DB,CB,20.0,ACT,Ja'Marcus Ingram,Ja'Marcus,Ingram,1997-09-02,74,190,Buffalo; Texas Tech,00-0037661,4240059,dac14b40-d555-11ec-addb-6dd6dcd40f21,,16342,55738,IngrJa00,24034,8901,4.0,"https://static.www.nfl.com/image/upload/f_auto,q_auto/league/d0p0jgugnjuez8uwejbl",ING545433,55240,3200494e-4754-5433-6702-5b4c59aca3a8,2022.0,2022.0,
2026,TEN,DL,DE,11.0,ACT,Jermaine Johnson II,Jermaine,Johnson,1999-01-08,77,254,Florida State,00-0037663,4567962,ca361691-b2ce-410f-9d96-2d18b8b48b4b,33981,15805,99015,JohnJe07,23382,8398,4.0,"https://static.www.nfl.com/image/upload/f_auto,q_auto/league/kihqeivcgubenrrjopew",JOH789955,54491,32004a4f-4878-9955-894a-a70b7162607a,2022.0,2022.0,NYJ
2026,IND,WR,WR,14.0,ACT,Alec Pierce,Alec,Pierce,2000-05-02,75,211,Cincinnati,00-0037664,4360078,a67ee8f8-e9de-4fb9-90b6-edca2f83f6d8,34008,16022,78038,PierAl00,23232,8142,4.0,"https://static.www.nfl.com/image/upload/f_auto,q_auto/league/zeghrjc8rir3r3zi6det",PIE185673,54518,32005049-4518-5673-88cc-339d3b35d4c9,2022.0,2022.0,IND
2026,DAL,DL,DE,54.0,ACT,Sam Williams,Samuel,Williams,1999-03-31,76,261,Mississippi,00-0037665,4567242,49ee26a1-4c2a-4980-ad86-b9553ef220bd,34011,16091,99106,WillSa00,23532,8368,4.0,"https://static.www.nfl.com/image/upload/f_auto,q_auto/league/vspx1wxdwmektj1pjd6c",WIL515041,54521,32005749-4c51-5041-55e2-aa34560a7119,2022.0,2022.0,DAL
2026,MIA,WR,WR,1.0,ACT,Jalen Tolbert,Jalen,Tolbert,1999-02-27,73,195,South Alabama,00-0037666,4249417,c6fb9f3a-f8ff-4224-a5f6-4d2d09501c9c,34044,16010,61637,TolbJa00,22597,8117,4.0,"https://static.www.nfl.com/image/upload/f_auto,q_auto/league/pif5ffxlibkfp90k1sj4",TOL148914,54553,3200544f-4c14-8914-de91-cd54d59de2a2,2022.0,2022.0,DAL
2026,DET,DB,SAF,31.0,ACT,Kerby Joseph,Kerby,Joseph,2000-11-14,72,210,Illinois,00-0037667,4360383,2e49dfd3-44e3-4554-a81c-de2f53460cc7,34053,16071,83239,JoseKe03,23359,8348,4.0,"https://static.www.nfl.com/image/upload/f_auto,q_auto/league/oeybnj8im7exzevs0jkh",JOS223092,54562,32004a4f-5322-3092-7893-b61e9a57cf3b,2022.0,2022.0,DET
2026,MIA,LS,LS,46.0,ACT,Tucker Addington,Tucker,Addington,1997-07-16,74,230,Sam Houston State,00-0037686,,,,,,,,,4.0,"https://static.www.nfl.com/image/private/f_auto,q_auto/league/cksjjfvjnvpwcs60giyw",ADD477723,54137,32004144-4447-7723-b52f-c3f0998f4e43,2022.0,2022.0,
2026,DAL,K,K,17.0,ACT,Brandon Aubrey,Brandon,Aubrey,1995-03-14,75,218,Notre Dame,00-0037692,3953687,110e6fe0-1c34-11ee-8294-af17faac15de,40819,17649,156112,AubrBr00,24902,11533,3.0,"https://static.www.nfl.com/image/upload/f_auto,q_auto/league/ynyyootbeabm5sx4ejgt",AUB415291,54401,32004155-4241-5291-a962-44bbbaa0d32a,2023.0,2023.0,
2026,CHI,WR,WR,13.0,ACT,Maurice Alexander,Maurice,Alexander,1997-01-10,70,173,Florida International,00-0037708,3914307,8261c380-132b-11ed-86b5-f9dfd114f830,34712,16641,33465,AlexMa02,24073,8921,4.0,"https://static.www.nfl.com/image/upload/f_auto,q_auto/league/pazurakagfrtauxfbi8v",ALE514921,54428,3200414c-4551-4921-1759-b577ec18fab0,2022.0,2022.0,
2026,NE,DL,DT,98.0,ACT,Jeremiah Pharms Jr.,Jeremiah,Pharms,1996-10-16,75,300,Friends U.,00-0037711,5081728,bf39d6f0-078f-11ed-963b-2b593f9846d8,,16635,156117,PharJe00,24063,8914,4.0,"https://static.www.nfl.com/image/upload/f_auto,q_auto/league/bhm6towuahy7ztd8zkna",PHA415666,54432,32005048-4141-5666-95e6-9b0926d3d507,2022.0,2022.0,
2026,NYJ,WR,WR,5.0,ACT,Garrett Wilson,Garrett,Wilson,2000-07-22,72,183,Ohio State,00-0037740,4569618,68d72fe0-79b2-4fdb-afd5-6c79676e77f3,33965,15829,97405,WilsGa00,23122,8146,4.0,"https://static.www.nfl.com/image/upload/f_auto,q_auto/league/kbijsheobhwej7lh8mvf",WIL691962,54475,32005749-4c69-1962-4085-d9c826d8709c,2022.0,2022.0,NYJ
2026,ATL,WR,WR,4.0,ACT,Jahan Dotson,Jahan,Dotson,2000-03-22,71,184,Penn State,00-0037741,4361409,d4a7917d-f327-431b-9b87-83af341c3e21,33971,15850,84375,DotsJa00,23155,8119,4.0,"https://static.www.nfl.com/image/upload/f_auto,q_auto/league/dbtou5ln1kwjutixywie",DOT282798,54481,3200444f-5428-2798-d9f2-9e8608edcb8a,2022.0,2022.0,WAS
2026,WAS,WR,WR,13.0,ACT,Treylon Burks,Treylon,Burks,2000-03-23,74,225,Arkansas,00-0037742,4567156,45763342-0208-46ab-a5d2-6c6e4ff66b66,33973,15896,99218,BurkTr00,23119,8135,4.0,"https://static.www.nfl.com/image/upload/f_auto,q_auto/league/dkgspszcaouw7lkpjmio",BUR321327,54483,32004255-5232-1327-f36e-987913d19348,2022.0,2022.0,TEN
2026,CIN,DB,DB,23.0,ACT,Daxton Hill,Daxton,Hill,2000-09-29,72,195,Michigan,00-0037743,4426422,46b69ef9-920c-4645-abf7-139738e3fd9c,33986,15941,97519,HillDa04,23346,8286,4.0,"https://static.www.nfl.com/image/upload/f_auto,q_auto/league/onw9ijbhtrdvjqpi0toh",HIL164994,54496,32004849-4c16-4994-7b99-e93ebbf2d838,2022.0,2022.0,CIN
2026,AZ,TE,TE,85.0,ACT,Trey McBride,Trey,McBride,1999-11-22,76,246,Colorado State,00-0037744,4361307,734d54cc-c869-4e2f-a60f-c59c493f5110,34010,15902,75916,McBrTr01,23251,8130,4.0,"https://static.www.nfl.com/image/upload/f_auto,q_auto/league/vd7av3vdfs6q7ncjogac",MCB743360,54520,32004d43-4274-3360-cc50-43990383247d,2022.0,2022.0,ARI
2026,SEA,WR,WR,33.0,ACT,Velus Jones Jr.,Velus,Jones,1997-05-11,72,204,Tennessee; USC,00-0037745,4035693,318b263d-8910-4e46-afe3-5860092ab260,34027,15846,40573,JoneVe00,23481,8223,4.0,"https://static.www.nfl.com/image/upload/f_auto,q_auto/league/fchis2k7zzpqg9sv1ya1",JON826251,54536,32004a4f-4e82-6251-6347-ca9076d159e9,2022.0,2022.0,CHI
2026,ATL,RB,RB,15.0,ACT,Brian Robinson,Brian,Robinson,1999-03-22,73,225,Alabama,00-0037746,4241474,795f636e-6f7f-4bc7-a346-2862272abead,34054,15907,57120,RobiBr01,23190,8154,4.0,"https://static.www.nfl.com/image/upload/f_auto,q_auto/league/n1xhex1ytisxcbcggqu7",ROB736177,54563,3200524f-4273-6177-6c0d-d79eb9d007d1,2022.0,2022.0,WAS
2026,NYJ,OL,G,77.0,ACT,Marquis Hayes,Marquis,Hayes,1999-02-14,77,318,Oklahoma,00-0037748,,,,,,,,,4.0,"https://static.www.nfl.com/image/private/f_auto,q_auto/league/yvwrtyodxsqbsduru5o6",HAY323815,54722,32004841-5932-3815-9ea9-e4ca926aef08,2022.0,2022.0,ARI
2026,DEN,DB,SAF,,ACT,Tycen Anderson,Tycen,Anderson,1999-06-13,74,210,Toledo,00-0037752,4257240,662f5408-2213-40d8-92d7-0b8eede2d35f,34122,16141,55351,AndeTy00,23429,8377,4.0,"https://static.www.nfl.com/image/upload/f_auto,q_auto/league/j3dvzorwxkvvf7ljykzu",AND524004,54631,3200414e-4452-4004-7bac-78ca1684b30d,2022.0,2022.0,CIN
2026,IND,DB,CB,26.0,ACT,Cam Taylor-Britt,Cam,Taylor-Britt,1999-10-15,71,200,Nebraska,00-0037753,4361196,91239ce4-36fc-4d69-9b9d-3ceec94caaa9,34016,16147,83326,TaylCa01,23417,8341,4.0,"https://static.www.nfl.com/image/upload/f_auto,q_auto/league/m6dqiwllhwoc2rd5gns1",TAY812541,54525,32005441-5981-2541-8e25-9068e8a2d286,2022.0,2022.0,CIN
2026,NYJ,TE,TE,86.0,ACT,Jelani Woods,Jelani,Woods,1998-10-09,79,253,Virginia,00-0037755,4241410,321af8f8-b4de-4ed2-a86f-7f97a85a13d4,34029,15821,60509,WoodJe01,23490,8219,4.0,"https://static.www.nfl.com/image/upload/f_auto,q_auto/league/jpipxh1d5vzrwaug8djv",WOO500422,54538,3200574f-4f50-0422-b6bf-870b499f48cd,2022.0,2022.0,IND
2026,BAL,DL,DT,98.0,ACT,Travis Jones,Travis,Jones,1999-10-15,76,341,Connecticut,00-0037756,4362139,5ef5ab81-46ed-4092-9434-b7011f772bc4,34032,16123,76914,JoneTr00,23522,8400,4.0,"https://static.www.nfl.com/image/upload/f_auto,q_auto/league/wm1f5uddgq3xmivgmrkz",JON768782,54541,32004a4f-4e76-8782-163c-8d9db29f5ca9,2022.0,2022.0,BAL
2026,IND,OL,OT,79.0,ACT,Bernhard Raimann,Bernhard,Raimann,1997-09-23,78,303,Central Michigan,00-0037757,,,,,,,,,4.0,"https://static.www.nfl.com/image/upload/f_auto,q_auto/league/cis1c2tzux68l6ca07hp",RAI432239,54542,32005241-4943-2239-8f3e-a0d59931430f,2022.0,2022.0,IND
2026,TEN,DB,CB,18.0,ACT,Cordale Flott,Cordale,Flott,2001-08-24,73,175,LSU,00-0037758,4429607,3adb2e85-ff63-4644-8ca9-a10651e53c04,34037,16158,98834,FlotCo00,23328,8310,4.0,"https://static.www.nfl.com/image/upload/f_auto,q_auto/league/dk8b5dpa5fflut1j4ynl",FLO224635,54546,3200464c-4f22-4635-a9c1-7923c6eb212a,2022.0,2022.0,NYG
2026,DEN,LB,LB,92.0,ACT,Dondrea Tillman,Dondrea,Tillman,1998-04-30,76,247,"Indiana PA,  University of",00-0037799,5216101,7bae5c30-2d76-11ef-965b-a7cea7da527b,,18416,156124,TillDo00,25846,12427,2.0,"https://static.www.nfl.com/image/upload/f_auto,q_auto/league/gb1dadvtgeeixkcqjwgv",TIL405708,53824,32005449-4c40-5708-d97a-d1c8eae90773,2024.0,2024.0,
2026,DAL,WR,WR,9.0,ACT,KaVontae Turpin,KaVontae,Turpin,1996-08-02,69,153,TCU,00-0037801,3676833,2dfd63d0-0e8a-11ed-a8f4-191ad3c6932a,34709,13894,47658,TurpKa00,24068,8917,4.0,"https://static.www.nfl.com/image/upload/f_auto,q_auto/league/cgjwzierootp8gjem5oe",TUR785436,53117,32005455-5278-5436-f08f-3e4ec71654f2,2022.0,2022.0,
2026,AZ,DL,DT,90.0,ACT,Zachary Carter,Zachary,Carter,1999-04-07,76,290,Florida,00-0037804,4240619,78c3e7d0-594e-4bf0-8c17-d6cc2d3e0bf2,34051,16198,56349,CartZa00,23375,8295,4.0,"https://static.www.nfl.com/image/upload/f_auto,q_auto/league/f64doat4n78solyaa7xv",CAR786801,54560,32004341-5278-6801-508d-115b8e175a05,2022.0,2022.0,CIN
2026,NYJ,TE,TE,89.0,ACT,Jeremy Ruckert,Jeremy,Ruckert,2000-08-11,77,250,Ohio State,00-0037805,4361372,28f3732b-0910-4d09-9fd4-e43b821dc5bb,34057,15996,84029,RuckJe00,22521,8145,4.0,"https://static.www.nfl.com/image/upload/f_auto,q_auto/league/jnwpnpbukmzrsuutpufx",RUC675714,54566,32005255-4367-5714-abff-3837157fa528,2022.0,2022.0,NYJ
2026,NYG,OL,G,75.0,ACT,Joshua Ezeudu,Jamuike-Tomisin,Ezeudu,1999-09-19,76,310,North Carolina,00-0037807,,,,,,,,,4.0,"https://static.www.nfl.com/image/upload/f_auto,q_auto/league/p7b21zmpoxp6hxr3uxnf",EZE426541,54532,3200455a-4542-6541-4b5c-8ae0c567f895,2022.0,2022.0,NYG
2026,ATL,LB,LB,50.0,ACT,DeAngelo Malone,DeAngelo,Malone,1999-07-12,75,235,Western Kentucky,00-0037808,4243457,18f1a22d-08c6-441e-8a7b-e8d02a047b81,34038,16094,56941,MaloDe00,23388,8372,4.0,"https://static.www.nfl.com/image/upload/f_auto,q_auto/league/yywbozwgj0uqnexmdaex",MAL647494,54547,32004d41-4c64-7494-8610-7b97b8dcaab5,2022.0,2022.0,ATL
2026,WAS,TE,TE,85.0,ACT,Chig Okonkwo,Chigoziem,Okonkwo,1999-09-08,75,238,Maryland,00-0037809,4360635,14e11f9b-58c8-437f-abc0-a4e4df9a7c47,34099,16042,84000,OkonCh00,23489,8210,4.0,"https://static.www.nfl.com/image/upload/f_auto,q_auto/league/omm5z5iq6dlmidqz1sgz",OKO283611,54608,32004f4b-4f28-3611-fc64-d952b8d6cb17,2022.0,2022.0,TEN
2026,ATL,LB,LB,44.0,ACT,Troy Andersen,Troy,Andersen,1999-04-23,76,245,Montana State,00-0037810,4247807,60ef79af-d62b-4e4b-a1f9-1b0a0dfe0cad,34015,15911,57317,AndeTr00,23534,8388,4.0,"https://static.www.nfl.com/image/upload/f_auto,q_auto/league/hazptxokp1zuwvuvdasb",AND032919,54523,3200414e-4403-2919-d53c-a916ee67b720,2022.0,2022.0,ATL
2026,NE,LB,LB,49.0,ACT,Chad Muma,Chad,Muma,1999-08-18,75,239,Wyoming,00-0037811,4361707,9cf316c7-3850-4dc6-b094-2ed11737ebdb,34026,15903,75818,MumaCh00,23438,8371,4.0,"https://static.www.nfl.com/image/upload/f_auto,q_auto/league/wwf5gmaohjdyvpigwu5e",MUM069215,54535,32004d55-4d06-9215-fcf3-825af014060d,2022.0,2022.0,JAX
2026,SEA,OL,OT,72.0,ACT,Abraham Lucas,Abraham,Lucas,1998-10-15,78,322,Washington State,00-0037812,,,,,,,,,4.0,"https://static.www.nfl.com/image/upload/f_auto,q_auto/league/aamlxw3fhqra37ablds8",LUC027057,54537,32004c55-4302-7057-e67b-e5e8accdbf7f,2022.0,2022.0,SEA
2026,ATL,LB,LB,55.0,ACT,Channing Tindall,Channing,Tindall,2000-03-28,74,236,Georgia,00-0037813,4379414,ba1414b9-f50f-4dac-b721-010a28f7c1a2,34058,15883,82548,TindCh00,23445,8272,4.0,"https://static.www.nfl.com/image/upload/f_auto,q_auto/league/iop376y4dj0sxvhznh3f",TIN074983,54567,32005449-4e07-4983-b163-e2096b42985b,2022.0,2022.0,MIA
2026,CAR,OL,C,77.0,ACT,Luke Fortner,Luke,Fortner,1998-05-15,76,300,Kentucky,00-0037814,,,,,,,,,4.0,"https://static.www.nfl.com/image/upload/f_auto,q_auto/league/kvv7na6p5zwlcmtoji7q",FOR713383,54530,3200464f-5271-3383-dcdf-69c7a1e12725,2022.0,2022.0,JAX
2026,ATL,DL,DE,99.0,ACT,Cameron Thomas,Cameron,Thomas,2000-07-01,76,265,San Diego State,00-0037815,4361510,5e7e828d-d375-4608-bf63-3726c492fc44,34043,15873,82387,ThomCa03,23329,8383,4.0,"https://static.www.nfl.com/image/upload/f_auto,q_auto/league/pjqi76adcm3i9xkbbepg",THO063745,54552,32005448-4f06-3745-1011-bed0041e27a2,2022.0,2022.0,ARI
2026,NE,WR,WR,87.0,ACT,Romeo Doubs,Romeo,Doubs,2000-04-13,74,204,Nevada,00-0037816,4361432,5f559fde-3a5f-4df6-99a2-cd1a4b103c68,34088,16027,84329,DoubRo00,23167,8121,4.0,"https://static.www.nfl.com/image/upload/f_auto,q_auto/league/ov2llp1bfetznmngqybi",DOU043165,54597,3200444f-5504-3165-5639-a63528da6f6e,2022.0,2022.0,GB
2026,GB,OL,G,50.0,ACT,Zach Tom,Zach,Tom,1999-03-26,76,304,Wake Forest,00-0037817,,,,,,,,,4.0,"https://static.www.nfl.com/image/upload/f_auto,q_auto/league/ed0itvu56lxrfabusaux",TOM131680,54605,3200544f-4d13-1680-d84b-a813971a836d,2022.0,2022.0,GB
2026,CLE,OL,G,77.0,ACT,Zion Johnson,Zion,Johnson,1999-11-18,75,316,Boston College; Davidson,00-0037818,,,,,,,,,4.0,"https://static.www.nfl.com/image/upload/f_auto,q_auto/league/wjgcg8pqadn0mtzoumhj",JOH789880,54482,32004a4f-4878-9880-ba7d-3f2f57808705,2022.0,2022.0,LAC
2026,WAS,LB,LB,54.0,ACT,Leo Chenal,Leo,Chenal,2000-10-26,75,250,Wisconsin,00-0037819,4426901,c7929fb3-5437-42cc-a3c2-10b73ebb1fa0,34059,15913,101463,ChenLe00,23296,8362,4.0,"https://static.www.nfl.com/image/upload/f_auto,q_auto/league/x09uj5ta65jfceysfi2v",CHE215722,54568,32004348-4521-5722-54f9-454a4bab0b83,2022.0,2022.0,KC
2026,SEA,OL,OT,5.0,ACT,Charles Cross,Charles,Cross,2000-11-25,77,317,Mississippi State,00-0037821,,,,,,,,,4.0,"https://static.www.nfl.com/image/upload/f_auto,q_auto/league/unfc89gx8anfyuzom0dv",CRO398747,54474,32004352-4f39-8747-10cd-e041e76a72ff,2022.0,2022.0,SEA
2026,ATL,LB,LB,45.0,ACT,Christian Harris,Christian,Harris,2001-01-16,74,232,Alabama,00-0037823,4567099,54bd7952-4bec-4b5a-beb0-d65421408293,34031,16130,98996,HarrCh06,23344,8278,4.0,"https://static.www.nfl.com/image/upload/f_auto,q_auto/league/vu59vuwhkncfc8gtsjq4",HAR349887,54540,32004841-5234-9887-7149-d178bdfff431,2022.0,2022.0,HOU
2026,LV,OL,C,65.0,ACT,Tyler Linderbaum,Tyler,Linderbaum,2000-04-07,74,305,Iowa,00-0037825,,,,,,,,,4.0,"https://static.www.nfl.com/image/upload/f_auto,q_auto/league/ojvsyozouivghvkbw5qk",LIN177976,54490,32004c49-4e17-7976-f831-6fbe52def617,2022.0,2022.0,BAL
2026,WAS,DL,DE,93.0,ACT,Drake Jackson,Drake,Jackson,2001-04-12,76,273,USC,00-0037826,4569511,a134b125-37fb-4192-9ee2-f8a6f4da48bb,34017,15820,70839,JackDr01,23258,8351,4.0,"https://static.www.nfl.com/image/upload/f_auto,q_auto/league/z0rbarktd2j64zhoav02",JAC142755,54526,32004a41-4314-2755-8963-72263ab16ddf,2022.0,2022.0,SF
2026,PHI,WR,WR,82.0,ACT,Danny Gray,Danny,Gray,1999-04-01,72,200,SMU,00-0037828,4689546,7ec60efe-5dd3-43c3-b76f-f0d00589fdc3,34061,15804,121926,GrayDa02,23573,8176,4.0,"https://static.www.nfl.com/image/upload/f_auto,q_auto/league/rvbywyacbtvt4qcjjtbs",GRA634809,54570,32004752-4163-4809-531b-babc7b7cfc27,2022.0,2022.0,SF
2026,LV,OL,G,70.0,ACT,Spencer Burford,Spencer,Burford,2000-07-19,76,300,Texas-San Antonio,00-0037829,,,,,,,,,4.0,"https://static.www.nfl.com/image/upload/f_auto,q_auto/league/rizdurffvnwd66ait3pt",BUR054996,54599,32004255-5205-4996-13f9-5da6af74dbe3,2022.0,2022.0,SF
2026,NYJ,DB,CB,39.0,ACT,Samuel Womack,Samuel,Womack,1999-07-07,70,189,Toledo,00-0037830,4280416,75c1ed8d-4f05-43c1-b398-f212984b6b8b,34128,16274,65771,WomaSa00,23606,8478,4.0,"https://static.www.nfl.com/image/upload/f_auto,q_auto/league/qjqal4jl2itgnfzbliys",WOM575781,54637,3200574f-4d57-5781-f3e0-5ebe948d2726,2022.0,2022.0,SF
2026,SF,OL,OT,63.0,ACT,Nick Zakelj,Nicholas,Zakelj,1999-06-22,78,316,Fordham,00-0037831,,,,,,,,,4.0,"https://static.www.nfl.com/image/upload/f_auto,q_auto/league/ef2vqxfsntkcn8butiei",ZAK415291,54652,32005a41-4b41-5291-1379-49d89d7d5d61,2022.0,2022.0,SF
2026,CLE,DL,DT,93.0,ACT,Kalia Davis,Kalia,Davis,1998-10-02,74,310,UCF,00-0037832,4243541,d6b2b573-e7da-42ad-950a-cb0f21710e0d,34176,16185,55389,DaviKa01,23577,8375,4.0,"https://static.www.nfl.com/image/upload/f_auto,q_auto/league/bqad9jqdvg5tis5i3vgu",DAV499582,54685,32004441-5649-9582-57b7-60e9bb6e636d,2022.0,2022.0,SF
2026,PHI,DB,CB,41.0,ACT,Tariq Castro-Fields,Tariq,Castro-Fields,1999-01-14,73,197,Penn State,00-0037833,4259590,2eb34969-3de2-454f-a822-bf1908dabcaa,34177,15959,55689,CastTa00,23550,8321,4.0,"https://static.www.nfl.com/image/upload/f_auto,q_auto/league/sauvxksfrf2vm2nhsjjd",CAS813723,54686,32004341-5381-3723-4278-00f731f5952b,2022.0,2022.0,SF
2026,SF,QB,QB,13.0,ACT,Brock Purdy,Brock,Purdy,1999-12-27,73,220,Iowa State,00-0037834,4361741,d5aef708-ad61-4ab8-a637-62ff96e92040,34218,15834,77672,PurdBr00,23241,8183,4.0,"https://static.www.nfl.com/image/upload/f_auto,q_auto/league/xykdxnvxpf9pobxvkjfj",PUR243289,54727,32005055-5224-3289-b108-8aab5e23b748,2022.0,2022.0,SF
2026,TB,OL,OT,67.0,ACT,Luke Goedeke,Luke,Goedeke,1998-11-21,77,312,Central Michigan,00-0037835,,,,,,,,,4.0,"https://static.www.nfl.com/image/upload/f_auto,q_auto/league/umds1rrsxq5kja5kt08g",GOE594395,54522,3200474f-4559-4395-107c-2bd9a4a78094,2022.0,2022.0,TB
2026,NYG,WR,WR,82.0,ACT,Calvin Austin III,Calvin,Austin,1999-03-24,69,162,Memphis,00-0037837,4243389,a95271f7-6dae-4b43-94fd-3ff04b15d4c4,34094,15874,61418,AustCa00,22566,8125,4.0,"https://static.www.nfl.com/image/private/f_auto,q_auto/league/qlt6ztqcbu0uzad6aavt",AUS738004,54603,32004155-5373-8004-5ff3-52f1c2b4fb0b,2022.0,2022.0,PIT
2026,NYG,TE,TE,9.0,ACT,Isaiah Likely,Isaiah,Likely,2000-04-18,76,241,Coastal Carolina,00-0037838,4361050,f9279edb-cfa7-4f7d-91df-b81cbf3e133e,34095,16033,83955,LikeIs00,23256,8131,4.0,"https://static.www.nfl.com/image/upload/f_auto,q_auto/league/ssrjtyvnyfflobmi0mb8",LIK088990,54604,32004c49-4b08-8990-7695-dc4768035012,2022.0,2022.0,BAL
2026,DAL,DB,CB,2.0,ACT,Cobie Durant,Decobie,Durant,1998-02-09,71,182,South Carolina State,00-0037839,4384549,26ec1dc1-dece-43bd-b588-db61f046b88c,,16157,79126,DuraDe01,23552,8381,4.0,"https://static.www.nfl.com/image/upload/f_auto,q_auto/league/vkte59jemwhdeuobis0e",DUR101849,54607,32004455-5210-1849-241d-bd57a0845029,2022.0,2022.0,LA
2026,LA,RB,RB,23.0,ACT,Kyren Williams,Kyren,Williams,2000-08-26,69,207,Notre Dame,00-0037840,4430737,19d44771-8f1d-4127-9b7d-230da137f15d,34120,15807,97118,WillKy02,23212,8150,4.0,"https://static.www.nfl.com/image/upload/f_auto,q_auto/league/smsyrjrwy0lf0hu9hkvg",WIL415359,54629,32005749-4c41-5359-809b-caeaa1db84d0,2022.0,2022.0,LA
2026,LA,DB,SAF,37.0,ACT,Quentin Lake,Quentin,Lake,1999-01-29,73,204,UCLA,00-0037841,4249128,c2c112f0-13bd-44a8-a447-f3429c4f3e65,34167,16146,56245,LakeQu00,23559,8330,4.0,"https://static.www.nfl.com/image/upload/f_auto,q_auto/league/rhyy4y6kh7kbnuglf7jp",LAK415666,54676,32004c41-4b41-5666-ff9b-b066db8a2f2e,2022.0,2022.0,LA
2026,DAL,DB,CB,15.0,ACT,Derion Kendrick,Derion,Kendrick,2000-08-24,72,190,Georgia; Clemson,00-0037842,4360307,874ab5e6-c943-4620-8c73-b11e6592bc69,34168,16153,78022,KendDe00,23459,8271,4.0,"https://static.www.nfl.com/image/upload/f_auto,q_auto/league/jqmngrtmkviwleea8i40",KEN059344,54677,32004b45-4e05-9344-2576-7ccf3101d997,2022.0,2022.0,LA
2026,CHI,DL,DE,92.0,ACT,Daniel Hardy,Daniel,Hardy,1998-12-15,74,255,Montana State,00-0037843,4365629,a4ff5690-ba65-4edf-b97b-b001667e1bc5,34191,16287,91336,HardDa01,23625,8520,4.0,"https://static.www.nfl.com/image/upload/f_auto,q_auto/league/z48xtbtdtknk6e3fonre",HAR091976,54700,32004841-5209-1976-1e8c-a0462f3fbfcd,2022.0,2022.0,LA
2026,CIN,DB,SAF,39.0,ACT,Russ Yeast,Craig,Yeast,1999-05-08,70,195,Kansas State,00-0037844,4240071,76ba8d1b-2bf2-4fa0-82aa-29a2a488cbae,34209,16295,55629,YeasRu00,23598,8510,4.0,"https://static.www.nfl.com/image/upload/f_auto,q_auto/league/ocmzjjmepmzbrxfegfaj",YEA525112,54718,32005945-4152-5112-3001-0e8ff46b01f3,2022.0,2022.0,LA
2026,LA,OL,OT,61.0,ACT,A.J. Arcuri,A.J.,Arcuri,1997-08-13,79,312,Michigan State,00-0037845,,,,,,,,,4.0,"https://static.www.nfl.com/image/upload/f_auto,q_auto/league/gziofcy3o1epv9spjapl",ARC716900,54726,32004152-4371-6900-5185-8cdd66b2ad11,2022.0,2022.0,LA
2026,TB,DB,CB,28.0,ACT,Damarion Williams,Damarion,Williams,1998-07-15,70,180,Houston,00-0037984,4567480,0fbbe897-2980-4c6e-b8a4-59b43f81f605,34097,16160,100904,WillDa15,23564,8361,4.0,"https://static.www.nfl.com/image/upload/f_auto,q_auto/league/mfeu7klqfh5ximkpkf1f",WIL464456,54606,32005749-4c46-4456-6514-9bad7b078f8d,2022.0,2022.0,BAL
2026,BAL,DB,SAF,14.0,ACT,Kyle Hamilton,Kyle,Hamilton,2001-03-16,76,218,Notre Dame,00-0038038,4575517,c4172123-905a-4f80-8418-1469b9b10a4f,33969,15808,102684,HamiKy00,23263,8339,4.0,"https://static.www.nfl.com/image/upload/f_auto,q_auto/league/chrrlhiriydmjomv3s2f",HAM246970,54479,32004841-4d24-6970-5c23-1fbf7506b4a0,2022.0,2022.0,BAL
2026,SF,DB,CB,24.0,ACT,Jack Jones,Jack,Jones,1997-12-20,71,175,Arizona State,00-0038039,4035686,c816f5e3-7abe-4fc5-b6e0-4151017210b0,34077,15809,29050,JoneJa10,23558,8261,4.0,"https://static.www.nfl.com/image/upload/f_auto,q_auto/league/du4dbnopryqdeffnwcwh",JON403934,54586,32004a4f-4e40-3934-31a5-290d0def1a4b,2022.0,2022.0,NE
2026,DAL,TE,TE,87.0,ACT,Jake Ferguson,Jake,Ferguson,1999-01-18,77,244,Wisconsin,00-0038041,4242355,f46eab3d-d7dd-4420-b3f9-6da9ac1308ab,34085,15947,61081,FergJa00,23138,8110,4.0,"https://static.www.nfl.com/image/upload/f_auto,q_auto/league/ebdz1yf8ky2mscdvyv1v",FER146119,54594,32004645-5214-6119-2797-33878db83d5a,2022.0,2022.0,DAL
2026,TEN,DB,CB,25.0,ACT,Joshua Williams,Joshua,Williams,1999-10-17,75,193,Fayetteville State University,00-0038043,4917635,be77723f-3d5a-47aa-9949-433993879a6f,34091,16075,156083,WillJo03,23426,8470,4.0,"https://static.www.nfl.com/image/upload/f_auto,q_auto/league/gpyxftvkpvbwrc7srrgt",WIL390045,54600,32005749-4c39-0045-26bc-da18b5af59e0,2022.0,2022.0,KC
2026,LAC,TE,TE,88.0,ACT,Charlie Kolar,Charlie,Kolar,1999-02-10,78,250,Iowa State,00-0038046,4241263,3c048ac9-2c0f-4bf0-9ddc-ce99c9387ac8,34084,15924,60917,KolaCh00,23135,8127,4.0,"https://static.www.nfl.com/image/upload/f_auto,q_auto/league/g75ws8vkqz9cqwifhcy7",KOL030762,54593,32004b4f-4c03-0762-5d66-fe5bd3776993,2022.0,2022.0,BAL
2026,GB,WR,WR,23.0,ACT,Skyy Moore,Skyy,Moore,2000-09-10,70,195,Western Michigan,00-0038090,4430191,1c8a4510-786c-4bc2-a9e9-e491b688206f,34009,16005,97116,MoorSk01,23168,8168,4.0,"https://static.www.nfl.com/image/upload/f_auto,q_auto/league/fadcpretmhczwjq8ovae",MOO678505,54519,32004d4f-4f67-8505-ee46-18aa406b13ff,2022.0,2022.0,KC
2026,NYG,P,P,15.0,ACT,Jordan Stout,Jordan,Stout,1998-08-04,75,214,Penn State,00-0038094,4260224,6b2416e4-510b-4ecb-b1eb-0037863fc315,,15826,57649,StouJo00,23570,8467,4.0,"https://static.www.nfl.com/image/upload/f_auto,q_auto/league/ta8m8jfnaotfjnasvy2e",STO727243,54595,32005354-4f72-7243-90d9-b44242223591,2022.0,2022.0,BAL
2026,TEN,OL,G,73.0,ACT,Cordell Volson,Cordell,Volson,1998-07-20,78,315,North Dakota State,00-0038095,,,,,,,,,4.0,"https://static.www.nfl.com/image/upload/f_auto,q_auto/league/ez7oydk1ozqz8cw50y91",VOL525986,54601,3200564f-4c52-5986-6322-2a4e76aa5d7a,2022.0,2022.0,CIN
2026,NYJ,K,K,36.0,ACT,Cade York,Cade,York,2001-01-27,73,206,LSU,00-0038097,4428963,ddb98961-3c13-4f6b-9e9f-3bea91a080e8,34080,16227,98975,YorkCa00,23304,8258,4.0,"https://static.www.nfl.com/image/upload/f_auto,q_auto/league/irts9o3l9mzopvyg7c25",YOR189231,54589,3200594f-5218-9231-4f07-a8c61570ffb2,2022.0,2022.0,CLE
2026,GB,RB,RB,22.0,ACT,Pierre Strong,Pierre,Strong,1998-12-10,71,207,South Dakota State,00-0038098,4249836,8a9a3c7f-57a1-4064-9bda-2c7fad7b5c01,34083,16102,66619,StroPi00,23218,8116,4.0,"https://static.www.nfl.com/image/upload/f_auto,q_auto/league/xvsnviejqwulftgrccpb",STR658099,54592,32005354-5265-8099-4e5a-fedfdfa80694,2022.0,2022.0,NE
2026,BUF,DL,DT,72.0,ACT,Phidarian Mathis,Phidarian,Mathis,1998-04-26,76,312,Alabama,00-0038099,4241468,a1aa3c7c-7043-41a3-a522-a34a8ae3f085,34002,16133,56504,MathPh00,23276,8273,4.0,"https://static.www.nfl.com/image/upload/f_auto,q_auto/league/sad9ieuv0z3maak06mir",MAT207640,54512,32004d41-5420-7640-f14c-a7c721d10460,2022.0,2022.0,WAS
2026,WAS,DB,SAF,35.0,ACT,Percy Butler,Percy,Butler,2000-05-05,72,191,Louisiana-Lafayette,00-0038100,4363097,5f70ae1d-2014-4f95-b0f5-26c9d4920ccc,34069,16140,83271,ButlPe00,23549,8394,4.0,"https://static.www.nfl.com/image/upload/f_auto,q_auto/league/a91iobuedgc4i8c8jq7j",BUT505144,54578,32004255-5450-5144-be69-4944f2b68871,2022.0,2022.0,WAS
2026,CAR,DB,CB,29.0,ACT,Akayleb Evans,Akayleb,Evans,1999-06-22,74,198,Missouri,00-0038101,4244607,a320f05a-2635-4170-95e8-1f91cde6e875,34074,16155,65033,EvanAk00,23419,8389,4.0,"https://static.www.nfl.com/image/upload/f_auto,q_auto/league/anmntl6frvbrhct3tzn1",EVA006904,54583,32004556-4100-6904-e210-44afe72b61e1,2022.0,2022.0,MIN
2026,CAR,QB,QB,12.0,ACT,Kenny Pickett,Kenneth,Pickett,1998-06-06,75,220,Pittsburgh,00-0038102,4240703,ef7ae1f1-4ebe-4759-bbb3-32bd177ace08,33975,15841,60515,PickKe00,22501,8160,4.0,"https://static.www.nfl.com/image/upload/f_auto,q_auto/league/nfdzmyfr8eup5uuojjdw",PIC777233,54485,32005049-4377-7233-6101-772adaebe15c,2022.0,2022.0,PIT
2026,LAC,OL,G,69.0,ACT,Cole Strange,Devin,Strange,1998-07-31,77,305,Tennessee-Chattanooga,00-0038103,,,,,,,,,4.0,"https://static.www.nfl.com/image/upload/f_auto,q_auto/league/rnuyg2ipah0b18vkxiqz",STR191447,54494,32005354-5219-1447-a46e-56c3beaaebab,2022.0,2022.0,NE
2026,KC,WR,WR,2.0,ACT,Tyquan Thornton,Tyquan,Thornton,2000-08-07,74,185,Baylor,00-0038104,4362921,74cda487-2026-42e0-ae32-77f3502cfb11,34005,15831,78092,ThorTy00,23469,8188,4.0,"https://static.www.nfl.com/image/upload/f_auto,q_auto/league/bjqzuempyiwxe0hl7e5a",THO797153,54515,32005448-4f79-7153-e52f-fb28090a0034,2022.0,2022.0,NE
2026,DEN,DL,DT,96.0,ACT,Eyioma Uwazurike,Eyioma,Uwazurike,1998-05-06,78,320,Iowa State,00-0038106,4066109,77af642a-82f9-439c-8413-9221df3ccba6,34072,16220,45414,UwazEy00,23531,8347,4.0,"https://static.www.nfl.com/image/upload/f_auto,q_auto/league/tkr7tz1k8al4ddckvjz6",UWA189231,54581,32005557-4118-9231-ead9-e9cc16e8088b,2022.0,2022.0,DEN
2026,IND,DL,DE,72.0,ACT,Micheal Clemons,Micheal,Clemons,1997-08-21,77,263,Texas A&M,00-0038107,4240896,5c1f81ec-ddb5-4a75-9451-a2933ed5055d,34073,16194,56872,ClemMi03,23393,8316,4.0,"https://static.www.nfl.com/image/upload/f_auto,q_auto/league/bclys2f80w1v5klsswky",CLE454836,54582,3200434c-4545-4836-3238-6d06b8f5a940,2022.0,2022.0,NYJ
2026,NYJ,QB,QB,11.0,ACT,Bailey Zappe,Bailey,Zappe,1999-04-26,73,220,Western Kentucky; Houston Christian University,00-0038108,4250360,14926860-abef-45a9-b8f6-e66103ca6029,34093,15975,60396,ZappBa00,23267,8157,4.0,"https://static.www.nfl.com/image/upload/f_auto,q_auto/league/bdiiarfqwhyvsmmxtvg5",ZAP470663,54602,32005a41-5047-0663-6fb0-6258fe542390,2022.0,2022.0,NE
2026,CHI,DB,CB,6.0,ACT,Kyler Gordon,Kyler,Gordon,1999-12-17,71,200,Washington,00-0038111,4361093,85ce588a-b747-4307-84ee-f987f3abf456,33994,16150,83451,GordKy00,23554,8365,4.0,"https://static.www.nfl.com/image/upload/f_auto,q_auto/league/bx1snjc1rdkqpytb6bvu",GOR198616,54504,3200474f-5219-8616-e177-4605181465d0,2022.0,2022.0,CHI
2026,PHI,OL,C,51.0,ACT,Cam Jurgens,Cameron,Jurgens,1999-08-21,75,303,Nebraska,00-0038112,,,,,,,,,4.0,"https://static.www.nfl.com/image/upload/f_auto,q_auto/league/gksconutf766u40keyxr",JUR103822,54516,32004a55-5210-3822-9dbb-b91dcd3e365e,2022.0,2022.0,PHI
2026,NYJ,OL,OT,61.0,ACT,Max Mitchell,Max,Mitchell,1999-10-12,78,307,Louisiana-Lafayette,00-0038114,,,,,,,,,4.0,"https://static.www.nfl.com/image/upload/f_auto,q_auto/league/l1jfqww1t2fkjdjbgmyk",MIT531653,54576,32004d49-5453-1653-6099-c800c0271a83,2022.0,2022.0,NYJ
2026,TEN,TE,TE,82.0,ACT,Daniel Bellinger,Daniel,Bellinger,2000-09-22,78,255,San Diego State,00-0038115,4361516,42a1c03e-790e-46ba-b0d5-d304e44c02c7,34068,16036,84041,BellDa00,23485,8225,4.0,"https://static.www.nfl.com/image/upload/f_auto,q_auto/league/hu3gywcwp2rlsefvawh1",BEL680916,54577,32004245-4c68-0916-b0c0-d672685a6961,2022.0,2022.0,NYG
2026,PHI,LB,LB,17.0,ACT,Arnold Ebiketie,Arnold,Ebiketie,1999-01-23,75,256,Penn State,00-0038116,4257591,e8eb7f50-9331-49d8-a992-4d2804caf4fd,33993,15951,56862,EbikAr00,23386,8325,4.0,"https://static.www.nfl.com/image/upload/f_auto,q_auto/league/w5sjq8cj5tdar5ttlll7",EBI415291,54503,32004542-4941-5291-2f5f-b9168e0c96c0,2022.0,2022.0,ATL
2026,TEN,WR,WR,4.0,ACT,Wan'Dale Robinson,Wan'Dale,Robinson,2001-01-05,68,185,Kentucky,00-0038117,4569587,582dfe0e-98f3-48a5-8a2d-a52baa926b05,33998,15838,101735,RobiWa01,23170,8126,4.0,"https://static.www.nfl.com/image/upload/f_auto,q_auto/league/yzcvyhmilvxedfjfjglc",ROB717726,54508,3200524f-4271-7726-8cbf-ec8b4c6b1627,2022.0,2022.0,NYG
2026,NYG,OL,G,77.0,ACT,Daniel Faalele,Daniel,Faalele,1999-11-09,80,380,Minnesota,00-0038118,,,,,,,,,4.0,"https://static.www.nfl.com/image/upload/f_auto,q_auto/league/hx7hfkjs2mzqa5sjm9na",FAA285512,54575,32004641-4128-5512-32d8-b85043c109b6,2022.0,2022.0,BAL
2026,NYJ,RB,RB,20.0,ACT,Breece Hall,Breece,Hall,2001-05-31,71,217,Iowa State,00-0038120,4427366,db1053d7-3343-43a3-9aab-8353f10f1221,33991,15810,97636,HallBr03,22526,8155,4.0,"https://static.www.nfl.com/image/upload/f_auto,q_auto/league/m3dviruymtm2wl2zcpmr",HAL189796,54501,32004841-4c18-9796-85f0-25933f010ae8,2022.0,2022.0,NYJ
2026,TEN,DB,CB,24.0,ACT,Alontae Taylor,Alontae,Taylor,1998-12-03,73,199,Tennessee,00-0038121,4369835,faea26ab-f1a4-4463-adf8-1399aeb1c6b8,34004,16061,83469,TaylAl01,23431,8333,4.0,"https://static.www.nfl.com/image/upload/f_auto,q_auto/league/n5x6q4v3rj8lrkiiva0h",TAY007703,54514,32005441-5900-7703-7352-ba6d35ffd615,2022.0,2022.0,NO
2026,NYJ,DB,SAF,6.0,ACT,Dane Belton,Dane,Belton,2000-12-07,73,205,Iowa,00-0038123,4426686,08696187-da1c-41d4-b156-9a9f844e4167,34070,16019,101398,BeltDa00,23289,8395,4.0,"https://static.www.nfl.com/image/upload/f_auto,q_auto/league/dteu26qeqai20d4da21f",BEL779644,54579,32004245-4c77-9644-30b4-fa0c97f77e59,2022.0,2022.0,NYG
2026,GB,WR,WR,9.0,ACT,Christian Watson,Christian,Watson,1999-05-12,76,208,North Dakota State,00-0038124,4248528,47d97f44-b4aa-46d2-816c-5b5a1fe48d46,33989,15946,66581,WatsCh00,23395,8167,4.0,"https://static.www.nfl.com/image/upload/f_auto,q_auto/league/syljognztlbghfeqyqn1",WAT316591,54499,32005741-5431-6591-b680-d3a3d3536d62,2022.0,2022.0,GB
2026,DET,DB,CB,21.0,ACT,Roger McCreary,Roger,McCreary,2000-02-10,71,190,Auburn,00-0038125,4371973,3ce6c2b1-9b17-4ff2-9787-a248119bc1e0,33990,15880,83176,McCrRo01,23460,8303,4.0,"https://static.www.nfl.com/image/upload/f_auto,q_auto/league/ntg1yix4ehhorke1zxkb",MCC700734,54500,32004d43-4370-0734-eba8-250c4b4f71dd,2022.0,2022.0,TEN
2026,HOU,DL,DE,90.0,ACT,Logan Hall,Logan,Hall,2000-04-22,78,283,Houston,00-0038127,4360189,ec558188-4bc5-4e5a-9035-dca1b46a49d4,33988,16119,76919,HallLo00,23383,8360,4.0,"https://static.www.nfl.com/image/upload/f_auto,q_auto/league/bwkyc5onugo39cqnsa4e",HAL437521,54498,32004841-4c43-7521-4ad9-174728809134,2022.0,2022.0,TB
2026,MIA,QB,QB,2.0,ACT,Malik Willis,Malik,Willis,1999-05-25,73,225,Liberty; Auburn,00-0038128,4242512,55aefcf9-4dfb-4994-883f-4d537a6f1ddb,34042,15872,60341,WillMa12,23118,8161,4.0,"https://static.www.nfl.com/image/upload/f_auto,q_auto/league/hsnetccy7bquili3gcqq",WIL614428,54551,32005749-4c61-4428-8345-922a57c28423,2022.0,2022.0,TEN
2026,TB,TE,TE,88.0,ACT,Cade Otton,Cade,Otton,1999-04-15,77,247,Washington,00-0038129,4243331,f23517bd-ae85-484a-8ecb-1f7a2d851e48,34062,16032,61071,OttoCa00,23134,8111,4.0,"https://static.www.nfl.com/image/upload/f_auto,q_auto/league/dlgxvfpnufpnxkvu1ynb",OTT712400,54571,32004f54-5471-2400-c87d-346814f25b06,2022.0,2022.0,TB
2026,HOU,OL,G,69.0,ACT,Ed Ingram,Edward,Ingram,1999-02-11,75,307,LSU,00-0038131,,,,,,,,,4.0,"https://static.www.nfl.com/image/upload/f_auto,q_auto/league/zcqlqfil0ci0v8eftkub",ING508806,54524,3200494e-4750-8806-aab4-5fcd1d2432de,2022.0,2022.0,MIN
2026,CIN,DL,DE,53.0,ACT,Boye Mafe,Boye,Mafe,1998-11-30,76,265,Minnesota,00-0038133,4240754,6f62968f-4241-439f-b5c6-6723920ca5b2,33995,16007,55220,MafeBo00,23381,8343,4.0,"https://static.www.nfl.com/image/upload/f_auto,q_auto/league/smudeksouwxr6zynwcws",MAF415291,54505,32004d41-4641-5291-9981-cb7520c897a8,2022.0,2022.0,SEA
2026,KC,RB,RB,9.0,ACT,Kenneth Walker III,Kenneth,Walker,2000-10-20,69,211,Michigan State; Wake Forest,00-0038134,4567048,22ee9bac-a64c-4d44-94fc-51d775465b3b,33996,15909,97199,WalkKe00,23214,8151,4.0,"https://static.www.nfl.com/image/upload/f_auto,q_auto/league/mnzsnemdzbey5hbahdhk",WAL391813,54506,32005741-4c39-1813-7d3e-48047712136d,2022.0,2022.0,SEA
2026,PIT,DB,SAF,3.0,ACT,Jaquan Brisker,Jaquan,Brisker,1999-04-20,73,204,Penn State; Lackawanna JC,00-0038135,4570044,965096f8-96e9-4998-9681-133174582621,34003,15958,101665,BrisJa01,23416,8323,4.0,"https://static.www.nfl.com/image/upload/f_auto,q_auto/league/f21nhdemlyjvrtq9j01z",BRI510710,54513,32004252-4951-0710-8404-b0ee093c3ade,2022.0,2022.0,CHI
2026,CHI,DB,CB,2.0,ACT,Coby Bryant,Coby,Bryant,1999-03-29,73,193,Cincinnati,00-0038136,4239094,e3de03f1-d749-4232-bf98-5ab9ba36df65,34065,16070,55088,BryaCo01,23423,8293,4.0,"https://static.www.nfl.com/image/upload/f_auto,q_auto/league/dx8iy9fohocha1eh4k58",BRY315524,54574,32004252-5931-5524-34ba-e97d65e0393c,2022.0,2022.0,SEA
2026,MIA,LB,LB,50.0,ACT,David Ojabo,David,Ojabo,2000-05-17,76,252,Michigan,00-0038142,4426507,6f19e499-48e5-495d-b889-523fbba45608,34000,15927,101420,OjabDa00,23369,8287,4.0,"https://static.www.nfl.com/image/upload/f_auto,q_auto/league/zhwq0frk3h6ni3uw4btp",OJA415291,54510,32004f4a-4141-5291-9c6d-849217a312b3,2022.0,2022.0,BAL
2026,DAL,DL,DE,96.0,ACT,Adedayo Odeleye,Adedayo,Odeleye,1997-10-17,77,271,,00-0038144,,,,,,,,,4.0,"https://static.www.nfl.com/image/upload/f_auto,q_auto/league/fjokixutm5lzr6qqed8c",ODE237549,55066,32004f44-4523-7549-5550-3dcc973b376e,2022.0,2022.0,
2026,GB,K,K,35.0,ACT,Lucas Havrisik,Lucas,Havrisik,1999-09-29,74,185,Arizona,00-0038152,4245661,acb45400-339b-11ed-bc62-03fa2e99e805,34720,16646,57498,HavrLu00,24079,8932,4.0,"https://static.www.nfl.com/image/upload/f_auto,q_auto/league/dpkfsna78iqtafg1fpdm",HAV723174,55323,32004841-5672-3174-6505-258ec1bbb3f0,2022.0,2022.0,
2026,NYJ,OL,OL,60.0,ACT,Kohl Levao,Kohl,Levao,1998-02-21,78,350,Hawaii; City College (SF),00-0038194,,,,,,,,,2.0,"https://static.www.nfl.com/image/upload/f_auto,q_auto/league/lmkdxytvm3vlhuhvvbkl",LEV186880,54743,32004c45-5618-6880-4209-523fd0308281,2024.0,2024.0,
2026,NYJ,OL,G,50.0,ACT,Liam Fornadel,Liam,Fornadel,1999-06-17,76,312,James Madison,00-0038223,,,,,,,,,2.0,"https://static.www.nfl.com/image/upload/f_auto,q_auto/league/byl2u8acwyupfvutbjqq",FOR471918,55579,3200464f-5247-1918-c62d-8ebfc876a1e7,2024.0,2024.0,
2026,NO,OL,OT,69.0,ACT,Barry Wesley,Barry,Wesley,1999-07-14,79,310,Colorado State,00-0038304,,,,,,,,,3.0,"https://static.www.nfl.com/image/upload/f_auto,q_auto/league/wicsjgiie6fenbirjb20",WES031024,55784,32005745-5303-1024-6861-4860a031f6d0,2023.0,2023.0,
2026,DAL,DB,DB,31.0,ACT,Josh Butler,Josh,Butler,1996-11-25,72,182,Michigan State,00-0038348,3929814,804bd6a0-2c00-11ee-b1fc-571fc9ac66e0,,17650,35097,ButlJo00,24904,11535,3.0,"https://static.www.nfl.com/image/upload/f_auto,q_auto/league/lh97aijlwjieh7u2sccv",BUL726629,54239,32004255-4c72-6629-960c-8e55d85e88e9,2023.0,2023.0,
2026,LA,WR,WR,19.0,ACT,Xavier Smith,Xavier,Smith,1997-09-21,69,180,Florida A&M,00-0038359,4386544,98b88de0-e8e5-11ed-ad77-290d92d9e505,40399,17467,102585,SmitXa00,24743,11168,3.0,"https://static.www.nfl.com/image/upload/f_auto,q_auto/league/fk4gtziqefw5etqfylbe",SMI826503,56130,3200534d-4982-6503-a392-dc0478d8bcb3,2023.0,2023.0,
2026,LV,LS,LS,47.0,ACT,Alex Ward,Alex,Ward,1999-04-21,76,240,UCF,00-0038360,,,,,,,,,3.0,"https://static.www.nfl.com/image/upload/f_auto,q_auto/league/bck0h02cdfjklvhxe9vq",WAR059977,56131,32005741-5205-9977-2f78-00ad5bad8dbf,2023.0,2023.0,
2026,LA,DB,SAF,34.0,ACT,Tanner Ingle,Tanner,Ingle,1999-10-29,68,186,N.C. State,00-0038366,4361651,,,17474,76667,InglTa00,,,3.0,"https://static.www.nfl.com/image/upload/f_auto,q_auto/league/vzeuylllstdp5udwxgzq",ING207645,56139,3200494e-4720-7645-a7b3-d703f411070c,2023.0,2023.0,
2026,WAS,OL,OT,64.0,ACT,Malaesala Aumavae-Laulu,Malaesala,Aumavae-Laulu,1999-05-25,77,344,Oregon; Navarro,00-0038382,,,,,,,,,3.0,"https://static.www.nfl.com/image/upload/f_auto,q_auto/league/civ7avfhqafjzhdghtae",AUM070576,56064,32004155-4d07-0576-495f-c4b196f1bccb,2023.0,2023.0,BAL
2026,BAL,OL,G,72.0,ACT,Andrew Vorhees,Andrew,Vorhees,1999-01-21,78,320,USC,00-0038383,,,,,,,,,3.0,"https://static.www.nfl.com/image/upload/f_auto,q_auto/league/nbfqkv3mynu7fgmrt7fc",VOR148318,56094,3200564f-5214-8318-1d8d-426c413b6104,2023.0,2023.0,BAL
2026,PHI,DL,DT,98.0,ACT,Jalen Carter,Jalen,Carter,2001-04-04,75,314,Georgia,00-0038386,4685759,1c443cd8-b9ad-4676-9a8e-8cee52b07637,40035,16865,124019,CartJa05,24114,10888,3.0,"https://static.www.nfl.com/image/upload/f_auto,q_auto/league/dxkrjv1ihimkwj9xahsz",CAR656628,55873,32004341-5265-6628-f264-d042e762bc39,2023.0,2023.0,PHI
2026,IND,DL,DE,96.0,ACT,Colby Wooden,Colby,Wooden,2000-12-21,76,273,Auburn,00-0038387,4567224,1a7b6176-ef99-4566-a38c-14abe051b899,40132,17180,98312,WoodCo01,24101,10952,3.0,"https://static.www.nfl.com/image/upload/f_auto,q_auto/league/fwupcm9mwqoufrt6sz2z",WOO268652,55981,3200574f-4f26-8652-9840-d4ab2bec1889,2023.0,2023.0,GB
2026,WAS,DB,CB,29.0,ACT,Darius Rush,Darius,Rush,2000-02-22,74,198,South Carolina,00-0038388,4362858,254842eb-c5ad-4e57-8679-3df5a674a14e,40170,16960,84416,RushDa00,24246,10990,3.0,"https://static.www.nfl.com/image/upload/f_auto,q_auto/league/ycmbuhp7r224vf220r0t",RUS057910,56003,32005255-5305-7910-a1a9-d9de1ee2cde8,2023.0,2023.0,IND
2026,DAL,RB,RB,30.0,ACT,Israel Abanikanda,Israel,Abanikanda,2002-10-05,70,216,Pittsburgh,00-0038389,4429202,07802728-2d68-4aac-8e1f-ee306977495d,40165,16735,122999,AbanIs00,24178,9227,3.0,"https://static.www.nfl.com/image/upload/f_auto,q_auto/league/uegr8w0frbrrqmlalg48",ABA159567,56008,32004142-4115-9567-2e24-0eab29f6a4b9,2023.0,2023.0,NYJ
2026,CHI,LB,LB,44.0,ACT,Noah Sewell,Noah,Sewell,2002-04-26,73,246,Oregon,00-0038390,4430822,3008a8a1-5943-47ff-81ef-1b3367bbbecd,40172,16756,131722,SeweNo00,24131,10984,3.0,"https://static.www.nfl.com/image/upload/f_auto,q_auto/league/sw5wea1zlc1drxoisej0",SEW459337,56013,32005345-5745-9337-b3d8-84063b8930fa,2023.0,2023.0,CHI
2026,CIN,QB,QB,4.0,ACT,Sean Clifford,Sean,Clifford,1998-07-14,74,212,Penn State,00-0038391,4259592,332b31ed-37a0-4172-acde-f7377c5bdff1,40173,17061,51708,ClifSe00,24476,10983,3.0,"https://static.www.nfl.com/image/upload/f_auto,q_auto/league/aox0jnclewicjmdydbmq",CLI043683,56014,3200434c-4904-3683-3aeb-c3acefbb5fe0,2023.0,2023.0,GB
2026,IND,DB,SAF,32.0,ACT,Daniel Scott,Daniel,Scott,1998-10-26,73,208,California,00-0038392,4242415,facf38e6-6cb0-4ce4-b1b8-992f388023ad,40205,17108,60640,ScotDa03,24229,10975,3.0,"https://static.www.nfl.com/image/upload/f_auto,q_auto/league/bulecjnldnf3tgw1f1bq",SCO224944,56023,32005343-4f22-4944-aef6-753f2a1cb878,2023.0,2023.0,IND
2026,PHI,WR,WR,13.0,ACT,Dontayvion Wicks,Dontayvion,Wicks,2001-06-16,73,206,Virginia,00-0038393,4428850,ea3d1393-8c3b-4e81-a519-f636d28d692e,40201,16658,99711,WickDo00,23253,9486,3.0,"https://static.www.nfl.com/image/upload/f_auto,q_auto/league/er7pbyq82nsbw1w3wyor",WIC622867,56024,32005749-4362-2867-1ce9-aa6b2d842d21,2023.0,2023.0,GB
2026,IND,TE,TE,86.0,ACT,Will Mallory,Will,Mallory,1999-06-22,76,239,Miami,00-0038394,4362523,5d4a5e4f-7c74-4b4c-b8e5-33bb831e3057,40180,17014,77888,MallWi00,23143,10220,3.0,"https://static.www.nfl.com/image/upload/f_auto,q_auto/league/iedvpzvx9rric1dyi3iy",MAL454836,56027,32004d41-4c45-4836-6518-ce6369c07a94,2023.0,2023.0,IND
2026,CHI,DB,CB,32.0,ACT,Terell Smith,Terell,Smith,1999-07-27,72,204,Minnesota,00-0038395,4360935,3c6085b1-7c02-498e-b587-1ff13c0ac27b,40175,17341,83302,SmitTe05,24439,10972,3.0,"https://static.www.nfl.com/image/upload/f_auto,q_auto/league/azhrgsawgwgxed3z2dke",SMI739042,56030,3200534d-4973-9042-a2e5-7a611c3c3214,2023.0,2023.0,CHI
2026,NYG,RB,RB,20.0,ACT,Eric Gray,Eric,Gray,1999-11-04,70,210,Oklahoma; Tennessee,00-0038396,4570561,dcc536c1-36f2-4e34-8028-ccf32d930018,40198,16970,99143,GrayEr01,23195,10223,3.0,"https://static.www.nfl.com/image/upload/f_auto,q_auto/league/ijjxwxv1ccyowzhpuw2k",GRA652870,56037,32004752-4165-2870-85bd-e1a472b80efc,2023.0,2023.0,NYG
2026,HOU,RB,RB,42.0,ACT,Evan Hull,Evan,Hull,2000-10-26,70,209,Northwestern,00-0038397,4569609,20d82a85-0128-499a-9330-2906af3cbb09,40169,16676,97302,HullEv00,24204,9220,3.0,"https://static.www.nfl.com/image/upload/f_auto,q_auto/league/xyyujk9mvvzegaiefp51",HUL084697,56041,32004855-4c08-4697-e160-3c4a9d8ca5e2,2023.0,2023.0,IND
2026,GB,DL,DT,94.0,ACT,Karl Brooks,Karl,Brooks,2000-05-08,75,296,Bowling Green,00-0038398,4373423,c76a4bef-3d1f-4326-82bd-81065b5cfb10,40238,16921,76941,BrooKa00,24282,11009,3.0,"https://static.www.nfl.com/image/upload/f_auto,q_auto/league/qfyjyfmkoutz6s3ffy12",BRO132842,56044,32004252-4f13-2842-c7f3-69c8ea1b4c30,2023.0,2023.0,GB
2026,NYG,LB,LB,46.0,ACT,Zaire Barnes,Zaire,Barnes,1999-09-03,73,232,Western Michigan,00-0038399,4362234,ba2d2783-654f-4621-9160-06ebb4bafd77,40233,17303,76766,BarnZa00,24481,11000,3.0,"https://static.www.nfl.com/image/upload/f_auto,q_auto/league/nxul8agf3bcubh8wie1g",BAR398787,56049,32004241-5239-8787-359c-de2c93ebfd44,2023.0,2023.0,NYJ
2026,PHI,QB,QB,16.0,ACT,Tanner McKee,Tanner,McKee,2000-04-27,78,230,Stanford,00-0038400,4685201,93147c90-09c8-471d-a6b2-0b9d19739ba1,40220,16686,131770,McKeTa01,24124,9230,3.0,"https://static.www.nfl.com/image/upload/f_auto,q_auto/league/oveivzhzv13jrfvkp8zg",MCK156404,56053,32004d43-4b15-6404-8b65-d2cfdf887c42,2023.0,2023.0,PHI
2026,NYG,DB,CB,35.0,ACT,Jarrick Bernard-Converse,Jarrick,Bernard-Converse,2000-04-29,73,205,LSU; Oklahoma State,00-0038401,4361834,c506285e-abfb-4503-b981-20aaa0bf49a0,40236,16854,77841,BernJa01,24485,11001,3.0,"https://static.www.nfl.com/image/upload/f_auto,q_auto/league/qijokuz8ptkewjqktjm4",BER240672,56069,32004245-5224-0672-7336-e3ddfa302832,2023.0,2023.0,NYJ
2026,WAS,DB,CB,46.0,ACT,Tre Hawkins III,Tre,Hawkins,2000-08-01,75,195,Old Dominion,00-0038403,4686553,a700ea66-61d3-4ca3-bdd5-c537fb2d6ff6,40228,17364,145387,HawkTr00,24487,10993,3.0,"https://static.www.nfl.com/image/upload/f_auto,q_auto/league/hluwbh24y0wuxzwz99qd",HAW635317,56074,32004841-5763-5317-9487-f6f5e3db4225,2023.0,2023.0,NYG
2026,IND,DB,DB,40.0,ACT,Jaylon Jones,Jaylon,Jones,2002-04-03,74,203,Texas A&M,00-0038407,4685145,6f9135a9-2761-4b13-8651-56b536f0f22f,40258,16916,124328,JoneJa13,24208,11052,3.0,"https://static.www.nfl.com/image/upload/f_auto,q_auto/league/wa0dnjnbqq4emnlkykd4",JON449507,56086,32004a4f-4e44-9507-e0b9-cde8b102313d,2023.0,2023.0,IND
2026,GB,DB,DB,24.0,ACT,Carrington Valentine,Carrington,Valentine,2001-09-09,72,189,Kentucky,00-0038408,4430965,b341ea01-741c-4ea8-8d4f-75ae79359d18,40274,16721,53750,ValeCa00,24192,11042,3.0,"https://static.www.nfl.com/image/upload/f_auto,q_auto/league/wtkzctyceullg5napiwx",VAL326982,56097,32005641-4c32-6982-299a-6d8af31b45ab,2023.0,2023.0,GB
2026,PIT,RB,RB,35.0,ACT,Lew Nichols III,Lew,Nichols,2001-08-16,70,220,Central Michigan,00-0038409,4428119,72e4032d-8d7b-484f-95a2-a73fbb2c67f4,40260,16701,97187,NichLe00,24215,9510,3.0,"https://static.www.nfl.com/image/upload/f_auto,q_auto/league/pjwn4p2al5oaxyay4z5q",NIC524830,56100,32004e49-4352-4830-b213-0722421ec562,2023.0,2023.0,GB
2026,CHI,DB,SAF,26.0,ACT,Anthony Johnson Jr.,Anthony,Johnson,1999-12-02,72,205,Iowa State,00-0038411,4361748,f7bc36e8-7fb8-4d91-8216-f6a3a669f069,40282,17429,76736,JohnAn08,24415,11036,3.0,"https://static.www.nfl.com/image/upload/f_auto,q_auto/league/refvxunbbme3kanexiyp",JOH789936,56107,32004a4f-4878-9936-25b4-d6b1428e60fb,2023.0,2023.0,GB
2026,PHI,DL,DT,97.0,ACT,Moro Ojomo,Moro,Ojomo,2001-08-15,75,292,Texas,00-0038412,4362116,01f15239-cd2c-4bd7-be5d-5ba7eed41331,40246,16853,76927,OjomMo00,24427,11030,3.0,"https://static.www.nfl.com/image/upload/f_auto,q_auto/league/bbiomvn996iwm4ckkzio",OJO426541,56114,32004f4a-4f42-6541-624d-798355140764,2023.0,2023.0,PHI
2026,CHI,DB,SAF,30.0,ACT,Gervarrius Owens,Gervarrius,Owens,1999-10-14,72,200,Houston; Northeast Oklahoma,00-0038413,4567482,b9b3e414-dfc4-41f4-8ebb-0924c7d8434c,,17361,55987,OwenGe00,24430,11026,3.0,"https://static.www.nfl.com/image/upload/f_auto,q_auto/league/c6ftowfm8bhcipydmtni",OWE432476,56119,32004f57-4543-2476-38e7-474f1c8856c7,2023.0,2023.0,NYG
2026,LAC,DB,SAF,40.0,ACT,Kendall Williamson,Kendall,Williamson,2000-08-24,72,203,Stanford,00-0038414,4360745,1fc883fc-46f4-403d-aff6-7d6018d7a718,40248,17415,83090,WillKe07,24500,11022,3.0,"https://static.www.nfl.com/image/upload/f_auto,q_auto/league/hwru3vazokvanq4ibuks",WIL589575,56123,32005749-4c58-9575-da2c-8e424c583e8a,2023.0,2023.0,CHI
2026,CHI,QB,QB,17.0,ACT,Tyson Bagent,Tyson,Bagent,2000-06-08,75,213,Shepherd,00-0038416,4434153,9bdeb910-ead2-11ed-999e-03b49558b5db,40504,16946,169628,BageTy00,24168,11256,3.0,"https://static.www.nfl.com/image/upload/f_auto,q_auto/league/kfwnayxjfnbfs3sm5a21",BAG565656,56167,32004241-4756-5656-dc05-96cbcc86cf60,2023.0,2023.0,
2026,NE,OL,OT,72.0,ACT,Lorenz Metz,Lorenz,Metz,1997-03-07,81,330,Cincinnati,00-0038426,,,,,,,,,2.0,"https://static.www.nfl.com/image/upload/f_auto,q_auto/league/pq5rp3k5rklzoy7ty6wa",MET581270,56177,32004d45-5458-1270-cf23-0c410ce9bd9d,2024.0,2024.0,
2026,CLE,K,K,25.0,ACT,Andre Szmyt,Andre,Szmyt,1998-09-26,72,200,Syracuse,00-0038428,4258620,25f0b180-ead8-11ed-86b8-630d0ad2d5af,40496,17132,57624,SzmyAn00,24575,11261,2.0,"https://static.www.nfl.com/image/upload/f_auto,q_auto/league/tkah6glpysuyq2a54gts",SZM415291,56179,3200535a-4d41-5291-ee77-e7514f3731d5,2024.0,2024.0,
2026,CIN,LB,LB,45.0,ACT,Liam Anderson,Liam,Anderson,2000-04-30,75,230,Holy Cross,00-0038429,,,,,,,,,3.0,"https://static.www.nfl.com/image/upload/f_auto,q_auto/league/kcku0dlxcbf5trefk3qf",AND350874,56180,3200414e-4435-0874-6408-5f91dfa32846,2023.0,2023.0,
2026,MIN,RB,RB,36.0,ACT,Zavier Scott,Zavier,Scott,1999-07-17,73,221,Maine,00-0038440,4257364,3b133980-eb9a-11ed-8b52-a11a185238e2,,17510,55123,ScotZa00,24595,11299,3.0,"https://static.www.nfl.com/image/upload/f_auto,q_auto/league/tnpgpzojszbfk8fpt0rb",SCO789036,56191,32005343-4f78-9036-9f52-f51ca378c4a7,2023.0,2023.0,
2026,LAC,RB,RB,34.0,ACT,Keaton Mitchell,Keaton,Mitchell,2002-01-17,68,191,East Carolina,00-0038454,4596334,16341d80-f01f-11ed-97df-a94b89ac5704,40641,16810,123826,MitcKe01,24214,9511,3.0,"https://static.www.nfl.com/image/upload/f_auto,q_auto/league/klpn2btfhgfv5a8dp3jj",MIT376653,56205,32004d49-5437-6653-df6c-6e9f57253f37,2023.0,2023.0,
2026,GB,DL,DE,57.0,ACT,Brenton Cox Jr.,Brenton,Cox,2000-01-30,76,250,Florida; Georgia,00-0038463,4361776,207784e0-e907-11ed-b8d0-4360e868e2f2,40439,17179,81957,CoxxBr02,24401,11193,3.0,"https://static.www.nfl.com/image/upload/f_auto,q_auto/league/gip2rjldcyryxybsioer",COX147946,56218,3200434f-5814-7946-7cff-ba2c7ec73aae,2023.0,2023.0,
2026,NE,QB,QB,16.0,ACT,Tommy DeVito,Thomas,DeVito,1998-08-07,74,210,Illinois; Syracuse,00-0038476,4240391,a1ae8db0-eb91-11ed-a4cb-cd397e2b413c,40533,16797,60545,DeViTo00,24625,11292,3.0,"https://static.www.nfl.com/image/upload/f_auto,q_auto/league/iazdkuygt4kb7j6dgygi",DEV303010,56231,32004445-5630-3010-3a66-9815697c810a,2023.0,2023.0,
2026,SEA,RB,RB,38.0,ACT,Brady Russell,Brady,Russell,1998-08-31,75,250,Colorado,00-0038488,4243176,c3c08060-eb74-11ed-aecd-85bc826ed43e,40519,17235,60876,RussBr00,24718,11280,3.0,"https://static.www.nfl.com/image/upload/f_auto,q_auto/league/qvf5yojj8rznahzzxffx",RUS383114,56243,32005255-5338-3114-199d-b1c437580d73,2023.0,2023.0,
2026,BUF,RB,RB,45.0,ACT,Ben VanSumeren,Ben,VanSumeren,2000-05-05,74,250,Michigan State; Michigan,00-0038489,4372070,1377e940-eb75-11ed-aecd-85bc826ed43e,40518,17167,82523,VanSBe00,24644,11273,3.0,"https://static.www.nfl.com/image/upload/f_auto,q_auto/league/nkj6hhniksfdsoan2jnm",VAN760426,56244,32005641-4e76-0426-3d6d-7a25e721bbe1,2023.0,2023.0,
2026,KC,WR,WR,89.0,ACT,Jason Brownlee,Jason,Brownlee,1999-01-30,75,202,Southern Mississippi,00-0038492,4689988,f286b160-eba8-11ed-87ba-cb97497fad29,40545,17182,121451,BrowJa07,24345,11311,3.0,"https://static.www.nfl.com/image/upload/f_auto,q_auto/league/gnqpsix71nvcuclltghc",BRO826391,56248,32004252-4f82-6391-316a-fcdeea27b8cb,2023.0,2023.0,
2026,CAR,LB,LB,53.0,ACT,Claudin Cherelus,Claudin,Cherelus,1999-02-09,74,230,Alcorn State; UMass Amherst,00-0038493,4256224,74650010-eba9-11ed-aa2f-9b9591ffdf9b,40547,17534,52094,CherCl00,24799,11305,3.0,"https://static.www.nfl.com/image/upload/f_auto,q_auto/league/l7ole2smckexdhtrytuv",CHE247405,56249,32004348-4524-7405-419d-6ea0a41f5c6d,2023.0,2023.0,
2026,NYG,WR,WR,88.0,ACT,Xavier Gipson,Xavier,Gipson,2001-03-08,69,189,Stephen F. Austin State,00-0038496,4427278,840a7940-ebaa-11ed-a11b-41cbcb1c4445,40548,17045,104136,GipsXa00,24472,11306,3.0,"https://static.www.nfl.com/image/upload/f_auto,q_auto/league/xmtz360jnxg9psmqifnp",GIP576222,56252,32004749-5057-6222-78ba-a836b095e2d2,2023.0,2023.0,
2026,PHI,TE,TE,84.0,ACT,E.J. Jenkins,E.J.,Jenkins,1998-11-03,78,245,Georgia Tech; South Carolina; St. Francis PA,00-0038498,4248557,626a1dd0-ebab-11ed-bb4c-e536974648f2,,17218,109834,JenkEJ00,24800,11304,3.0,"https://static.www.nfl.com/image/upload/f_auto,q_auto/league/jmhuk0gcnyotcjhdxo6v",JEN184122,56254,32004a45-4e18-4122-7f9a-fe5ff4a948f3,2023.0,2023.0,
2026,BAL,LB,LB,32.0,ACT,Trenton Simpson,Trenton,Simpson,2001-06-14,74,235,Clemson,00-0038504,4430831,a2ceb68a-71c0-465c-8548-36967d302cc9,40116,16712,122157,SimpTr00,24086,10935,3.0,"https://static.www.nfl.com/image/upload/f_auto,q_auto/league/ozi4oorc2wbcbonnjoo8",SIM632785,55951,32005349-4d63-2785-a5d9-70beadf55418,2023.0,2023.0,BAL
2026,BAL,LB,LB,95.0,ACT,Tavius Robinson,Tavius,Robinson,1999-01-03,78,262,Mississippi,00-0038505,4690179,2d4593e4-b908-4b29-a88a-835d2566781f,40135,17119,124147,RobiTa00,24275,10944,3.0,"https://static.www.nfl.com/image/upload/f_auto,q_auto/league/jmwnobonw2ieerdw5ynd",ROB705359,55989,3200524f-4270-5359-8394-0a4c379677b7,2023.0,2023.0,BAL
2026,GB,DL,DT,97.0,ACT,Jordon Riley,Jordon,Riley,1998-05-19,77,338,Oregon; Nebraska; Garden City CC; North Carolina,00-0038506,4240677,a1c5aca4-a0ba-4438-9101-7f85d3af488a,40269,17414,56759,RileJo00,24496,11035,3.0,"https://static.www.nfl.com/image/upload/f_auto,q_auto/league/usm4wso1im2kvuxcv7sb",RIL285297,56108,32005249-4c28-5297-df04-997322e02752,2023.0,2023.0,NYG
2026,JAX,OL,OL,79.0,ACT,Jerome Carvin,Jerome,Carvin,2000-09-20,77,307,Tennessee,00-0038509,,,,,,,,,3.0,"https://static.www.nfl.com/image/upload/f_auto,q_auto/league/e7x7wggxza9p4evirbb0",CAR822227,56261,32004341-5282-2227-6f7e-888dc86b742b,2023.0,2023.0,
2026,NYG,LB,LB,47.0,ACT,Cam Jones,Cam,Jones,1999-10-21,74,227,Indiana,00-0038513,4371959,14b8cda0-ec39-11ed-aeaf-cb0dc6206dc5,40557,17102,81244,JoneCa04,24259,11315,3.0,"https://static.www.nfl.com/image/upload/f_auto,q_auto/league/hu5ays6cwy6vlibjuscy",JON148503,56265,32004a4f-4e14-8503-ed48-c3f6d7e74eb4,2023.0,2023.0,
2026,TEN,DL,DE,56.0,ACT,Truman Jones,Truman,Jones,2000-05-13,75,255,Harvard,00-0038514,4367828,484759c0-ec39-11ed-aeaf-cb0dc6206dc5,,17289,106527,JoneTr01,24634,11319,3.0,"https://static.www.nfl.com/image/upload/f_auto,q_auto/league/v3uhdutctvcx4c6pbpgu",JON769039,56266,32004a4f-4e76-9039-8716-b210cb05ff95,2023.0,2023.0,
2026,KC,WR,WR,81.0,ACT,Nikko Remigio,Nikko,Remigio,1999-11-04,69,187,Fresno State,00-0038519,4372716,52b850b0-ec3b-11ed-aeaf-cb0dc6206dc5,40571,16744,84150,RemiNi00,24343,11320,3.0,"https://static.www.nfl.com/image/upload/f_auto,q_auto/league/tsvjshclrrbqv9mrbyj9",REM240921,56271,32005245-4d24-0921-f4ca-9b409d7391a3,2023.0,2023.0,
2026,DEN,DB,DB,35.0,ACT,Reese Taylor,Reese,Taylor,1999-08-27,69,188,Purdue,00-0038521,4371946,,,16858,82132,TaylRe01,,,3.0,"https://static.www.nfl.com/image/upload/f_auto,q_auto/league/cl48dg9l3ly5zdzawpnh",TAY617968,56273,32005441-5961-7968-dad5-eb4b9d0298dd,2023.0,2023.0,
2026,MIN,DB,DB,25.0,ACT,Kahlef Hailassie,Kahlef,Hailassie,2000-11-09,73,195,Western Kentucky; Oregon,00-0038523,4373814,d470e520-f421-11ed-990e-333ce5b07033,40756,17362,83072,HailKa00,24552,11489,3.0,"https://static.www.nfl.com/image/upload/f_auto,q_auto/league/le2icrrvczzvuzc9tdqh",HAI187052,56275,32004841-4918-7052-280f-70a8e10d3657,2023.0,2023.0,
2026,WAS,DL,DE,53.0,ACT,DJ Johnson,DJ,Johnson,1998-10-29,76,260,Oregon; Miami,00-0038535,4240623,11feb266-14e8-488c-9f7e-f221eaa92df8,,16680,56704,JohnDJ00,24272,10938,3.0,"https://static.www.nfl.com/image/upload/f_auto,q_auto/league/msiycion6qjuafdstc2z",JOH204752,55945,32004a4f-4820-4752-6ea6-b2eea911de03,2023.0,2023.0,CAR
2026,CAR,OL,G,62.0,ACT,Chandler Zavala,Chandler,Zavala,1999-04-02,75,322,N.C. State; Fairmont State,00-0038536,,,,,,,,,3.0,"https://static.www.nfl.com/image/upload/f_auto,q_auto/league/i9wpf8cyyxwj1uou1jyy",ZAV070576,55979,32005a41-5607-0576-eb71-62de76a91a52,2023.0,2023.0,CAR
2026,AZ,OL,OT,70.0,ACT,Paris Johnson Jr.,Paris,Johnson,2001-07-03,78,325,Ohio State,00-0038540,,,,,,,,,3.0,"https://static.www.nfl.com/image/upload/f_auto,q_auto/league/fto9oiuqts9esmpl7dxf",JOH789993,55870,32004a4f-4878-9993-54f7-5fb6cbb7b88b,2023.0,2023.0,ARI
2026,NO,DL,DE,98.0,ACT,Tyree Wilson,Tyree,Wilson,2000-05-20,77,263,Texas Tech,00-0038541,4372533,73aefe0e-8b0e-46c2-a0fe-cc4eb269f969,40043,17149,82432,WilsTy01,24083,10889,3.0,"https://static.www.nfl.com/image/upload/f_auto,q_auto/league/wrybvbogxpg3f0fiakaz",WIL806943,55871,32005749-4c80-6943-e56d-5d7ad8017cfa,2023.0,2023.0,LV
2026,ATL,RB,RB,7.0,ACT,Bijan Robinson,Bijan,Robinson,2002-01-30,71,215,Texas,00-0038542,4430807,f78d68c2-f9da-48e7-b954-26b69efd828d,40055,16739,123126,RobiBi01,23189,9509,3.0,"https://static.www.nfl.com/image/upload/f_auto,q_auto/league/rjaf9auhx3lrktzgwpfb",ROB368260,55872,3200524f-4236-8260-6d5f-ae47fe2e0128,2023.0,2023.0,ATL
2026,SEA,WR,WR,11.0,ACT,Jaxon Smith-Njigba,Jaxon,Smith-Njigba,2002-02-14,72,197,Ohio State,00-0038543,4430878,6215db71-1e13-4c62-8f14-2005d33dee47,40041,16654,129758,SmitJa06,23157,9488,3.0,"https://static.www.nfl.com/image/upload/f_auto,q_auto/league/jpvhsregfvw46mlyckzj",SMI829636,55884,3200534d-4982-9636-a18c-5da6fbdaa80c,2023.0,2023.0,SEA
2026,LAC,WR,WR,1.0,ACT,Quentin Johnston,Quentin,Johnston,2001-09-06,74,208,TCU,00-0038544,4429025,e648bc98-bc81-44d0-8d4b-b9223c497ff4,40051,16899,123085,JohnQu02,24226,9754,3.0,"https://static.www.nfl.com/image/upload/f_auto,q_auto/league/bpzdpin1xp1kjxmbkq6d",JOH823261,55885,32004a4f-4882-3261-dcd8-a43c8f7c5608,2023.0,2023.0,LAC
2026,NYJ,DL,DT,58.0,ACT,Mazi Smith,Mazi,Smith,2001-06-16,75,337,Michigan,00-0038545,4426347,8f71baa6-45f2-4b27-8d26-508290a50604,40044,16864,101419,SmitMa06,24146,10877,3.0,"https://static.www.nfl.com/image/upload/f_auto,q_auto/league/y2b8scr5fmymetjob0lz",SMI511850,55890,3200534d-4951-1850-a3da-289c89c7e5d4,2023.0,2023.0,DAL
2026,CIN,DL,DE,99.0,ACT,Myles Murphy,Myles,Murphy,2002-01-03,77,275,Clemson,00-0038546,4428985,fb188308-cd65-4c61-b8c5-b9252b638b09,40057,16710,122154,MurpMy00,24132,10875,3.0,"https://static.www.nfl.com/image/upload/f_auto,q_auto/league/u0zvh5to1xhky5oiyonv",MUR519902,55892,32004d55-5251-9902-72e4-8874355105ea,2023.0,2023.0,CIN
2026,DAL,TE,TE,86.0,ACT,Luke Schoonmaker,Luke,Schoonmaker,1998-09-28,77,250,Michigan,00-0038547,4372096,143957a7-4649-4a19-b351-e606edc75ebd,40061,16855,84005,SchoLu00,24288,10871,3.0,"https://static.www.nfl.com/image/upload/f_auto,q_auto/league/mjaidpltef1ctqwrk5o5",SCH471986,55923,32005343-4847-1986-19e8-9065e5ea32c8,2023.0,2023.0,DAL
2026,BUF,OL,G,64.0,ACT,O'Cyrus Torrence,O'Cyrus,Torrence,2000-01-20,77,330,Florida; Louisiana-Lafayette,00-0038548,,,,,,,,,3.0,"https://static.www.nfl.com/image/upload/f_auto,q_auto/league/bkbuobkm9dwoyprlaasp",TOR694111,55924,3200544f-5269-4111-dab8-fa9ef6354288,2023.0,2023.0,BUF
2026,CIN,DB,CB,0.0,ACT,DJ Turner II,DJ,Turner,2000-11-09,71,185,Michigan,00-0038549,4572036,7db46644-05bb-41b5-938a-e93a50e1d6c4,40076,16857,101376,TurnDJ01,24106,10894,3.0,"https://static.www.nfl.com/image/upload/f_auto,q_auto/league/nijmaqsa0uggtjzmpzgy",TUR283151,55925,32005455-5228-3151-d0bf-492aa1a59230,2023.0,2023.0,CIN
2026,TEN,QB,QB,16.0,ACT,Hendon Hooker,Alan,Hooker,1998-01-13,75,221,Tennessee; Virginia Tech,00-0038550,4240858,25b10007-802d-4ebb-8314-3eb7b24ddc37,40096,16905,60593,HookHe00,24140,9998,3.0,"https://static.www.nfl.com/image/upload/f_auto,q_auto/league/bdky2q0tndjhtrgo2fgt",HOO297694,55933,3200484f-4f29-7694-9fe6-58ca0d039d74,2023.0,2023.0,DET
2026,NO,RB,RB,5.0,ACT,Kendre Miller,Kendre,Miller,2002-06-11,72,220,TCU,00-0038551,4599739,66627686-34fe-4599-84ac-e436fd7d798a,40108,16898,123091,MillKe01,24238,9757,3.0,"https://static.www.nfl.com/image/upload/f_auto,q_auto/league/jz3mpvifmldus3ipdvu1",MIL369085,55936,32004d49-4c36-9085-7b40-672b4733cbc6,2023.0,2023.0,NO
2026,DEN,DB,CB,21.0,ACT,Riley Moss,Riley,Moss,2000-03-03,72,193,Iowa,00-0038552,4382401,8f79eaa3-df62-4214-a497-1e13970e6b82,40112,17104,83259,MossRi00,23420,10930,3.0,"https://static.www.nfl.com/image/upload/f_auto,q_auto/league/ien8dnxggtcrizatnuom",MOS709340,55948,32004d4f-5370-9340-14ef-a2c9b70519a7,2023.0,2023.0,DEN
2026,LAC,LB,LB,0.0,ACT,Daiyan Henley,Daiyan,Henley,1999-11-18,73,225,Washington State; Nevada,00-0038553,4241597,93f17bc5-55d5-441a-a29d-d419ed4725e7,40113,16948,61500,HenlDa00,24262,10914,3.0,"https://static.www.nfl.com/image/upload/f_auto,q_auto/league/rkogtmgnthxju5bqrtx1",HEN466212,55950,32004845-4e46-6212-4f0a-603906125b28,2023.0,2023.0,LAC
2026,SF,DB,SAF,27.0,ACT,Ji'Ayir Brown,Ji'Ayir,Brown,2000-01-25,71,202,Penn State; Lackawanna JC,00-0038554,4693644,626586f3-5706-443e-a272-c6d9e6239784,40106,17199,129767,BrowJi01,24233,10936,3.0,"https://static.www.nfl.com/image/upload/f_auto,q_auto/league/gmgewszcsvxdb63dmqby",BRO492777,55952,32004252-4f49-2777-600c-5206658f7fd5,2023.0,2023.0,SF
2026,PHI,RB,RB,8.0,ACT,Tank Bigsby,Cantavious,Bigsby,2002-08-30,71,215,Auburn,00-0038555,4429013,2034916c-8062-46e3-8d0c-d0dec694e2d1,40095,16705,123974,BigsTa00,23193,9225,3.0,"https://static.www.nfl.com/image/upload/f_auto,q_auto/league/nin8aexyipca7g7u7f4a",BIG732544,55953,32004249-4773-2544-d042-8e63f2fc44d8,2023.0,2023.0,JAX
2026,DAL,LB,LB,0.0,ACT,DeMarvion Overshown,DeMarvion,Overshown,2000-08-13,74,220,Texas,00-0038556,4362088,2df409f7-2d3a-4dc3-98aa-0b261594bb1f,40099,16940,76729,OverDe00,24263,10933,3.0,"https://static.www.nfl.com/image/upload/f_auto,q_auto/league/oqcnkayaza1vcmhiyky4",OVE249174,55955,32004f56-4524-9174-45a2-1631b707074e,2023.0,2023.0,DAL
2026,BUF,LB,LB,42.0,ACT,Dorian Williams,Dorian,Williams,2001-06-28,73,228,Tulane,00-0038557,4568624,2d51bf60-ea75-4142-a00a-8b152a91e59f,40098,16951,97694,WillDo04,24261,10923,3.0,"https://static.www.nfl.com/image/upload/f_auto,q_auto/league/fsslbcbp87yehsofpwg1",WIL243940,55956,32005749-4c24-3940-708f-17c023a4d993,2023.0,2023.0,BUF
2026,PIT,TE,TE,80.0,ACT,Darnell Washington,Darnell,Washington,2001-08-17,79,265,Georgia,00-0038558,4430802,1984b8b5-d206-4d6a-8204-c5dd0160e9f5,40094,16889,124044,WashDa03,23136,9479,3.0,"https://static.www.nfl.com/image/upload/f_auto,q_auto/league/nza9bxmg2tdtg7wldjct",WAS185860,55958,32005741-5318-5860-3ee1-1aca1e440e91,2023.0,2023.0,PIT
2026,AZ,WR,WR,14.0,ACT,Michael Wilson,Michael,Wilson,2000-02-23,74,213,Stanford,00-0038559,4360761,b91be982-fccd-448e-869b-e9b5148a1730,40121,16957,84423,WilsMi02,24173,10232,3.0,"https://static.www.nfl.com/image/upload/f_auto,q_auto/league/yc8awtck004bz2a5oeb8",WIL752419,55959,32005749-4c75-2419-b58e-7c21d98d871e,2023.0,2023.0,ARI
2026,CIN,DB,SAF,27.0,ACT,Jordan Battle,Jordan,Battle,2000-12-14,73,215,Alabama,00-0038560,4567098,a462797c-d8d9-404c-b663-3ced76d6fc93,40117,17368,98857,BattJo00,23471,10927,3.0,"https://static.www.nfl.com/image/upload/f_auto,q_auto/league/cqndmjyignuar0ekntsy",BAT472711,55960,32004241-5447-2711-9552-583ca389703b,2023.0,2023.0,CIN
2026,WAS,K,K,16.0,ACT,Jake Moody,Jake,Moody,1999-11-23,73,210,Michigan,00-0038562,4372066,e7a7eaea-0f77-42ab-b6a2-12ebcf51227c,40129,17133,82603,MoodJa00,24423,10937,3.0,"https://static.www.nfl.com/image/upload/f_auto,q_auto/league/wkqqi3zfucoti8g5ncob",MOO008651,55964,32004d4f-4f00-8651-ef00-ae7240b95cc4,2023.0,2023.0,SF
2026,LV,WR,WR,1.0,ACT,Tre Tucker,Tre,Tucker,2001-03-08,68,182,Cincinnati,00-0038563,4428718,9beb72c5-5a81-413c-ada3-ff4854c95cf4,40114,16694,101106,TuckTr00,24177,10213,3.0,"https://static.www.nfl.com/image/upload/f_auto,q_auto/league/fsx05ats4azj8mus03d4",TUC399910,55965,32005455-4339-9910-7816-4a6883d99032,2023.0,2023.0,LV
2026,PHI,TE,TE,36.0,ACT,Cameron Latu,Cameron,Latu,2000-02-24,77,244,Alabama,00-0038564,4372026,3763a2ec-ee98-4cf4-9aa7-ee626057c56f,40101,16931,82647,LatuCa01,24421,10210,3.0,"https://static.www.nfl.com/image/upload/f_auto,q_auto/league/lpit9rjxtbjkl8jjdk7w",LAT718773,55966,32004c41-5471-8773-4cf1-b41246d16b16,2023.0,2023.0,SF
2026,IND,DB,DB,29.0,ACT,Mekhi Blackmon,Mekhi,Blackmon,1999-03-18,71,178,USC; Colorado,00-0038565,4360677,4253e615-0bcd-4e9e-bf61-1f05a2bf2d4b,40103,16813,83036,BlacMe00,24271,10918,3.0,"https://static.www.nfl.com/image/upload/f_auto,q_auto/league/uo4d3xkm63u1elamfvxw",BLA289825,55967,3200424c-4128-9825-2a67-246736ad314a,2023.0,2023.0,MIN
2026,NO,OL,G,64.0,PUP,Nick Saldiveri,Nick,Saldiveri,2000-08-14,78,316,Old Dominion,00-0038566,,,,,,,,,3.0,"https://static.www.nfl.com/image/upload/f_auto,q_auto/league/m8klsckbapwh7m82tinf",SAL236049,55968,32005341-4c23-6049-3b39-0b592fdccc0b,2023.0,2023.0,NO
2026,AZ,K,K,38.0,ACT,Chad Ryland,Chad,Ryland,1999-10-15,72,195,Maryland; Eastern Michigan,00-0038567,4363538,c77efa70-0691-4a21-8064-a5880569b559,40159,17107,77083,RylaCh00,24436,10955,3.0,"https://static.www.nfl.com/image/upload/f_auto,q_auto/league/hqbrncv4ktphfcmkf23g",RYL029663,55977,32005259-4c02-9663-76b8-52ab16a27c3a,2023.0,2023.0,NE
2026,ATL,DB,CB,22.0,ACT,Clark Phillips III,Clark,Phillips,2001-12-19,69,185,Utah,00-0038568,4429067,7553d094-7584-41bd-96f4-6b122a60c13b,40146,16707,131871,PhilCl00,24099,10954,3.0,"https://static.www.nfl.com/image/upload/f_auto,q_auto/league/hamwwwt2yzzd1l7kjj7t",PHI672138,55978,32005048-4967-2138-705f-d3b4ab36a39f,2023.0,2023.0,ATL
2026,JAX,LB,LB,51.0,ACT,Ventrell Miller,Ventrell,Miller,1999-01-15,72,232,Florida,00-0038570,4240610,adcc651b-c635-4d09-a411-63452f8192fa,40155,16668,57809,MillVe00,24269,10947,3.0,"https://static.www.nfl.com/image/upload/f_auto,q_auto/league/gmxgq1mjnbdjjpcggamn",MIL588972,55986,32004d49-4c58-8972-3ccb-221b4a1c244f,2023.0,2023.0,JAX
2026,AZ,OL,G,71.0,ACT,Jon Gaines II,Jon,Gaines,1999-05-24,76,315,UCLA,00-0038571,,,,,,,,,3.0,"https://static.www.nfl.com/image/upload/f_auto,q_auto/league/fz0ka8wofw3dvqr6whnv",GAI528003,55987,32004741-4952-8003-df7b-681a2f35ed49,2023.0,2023.0,ARI
2026,LAC,WR,WR,12.0,ACT,Derius Davis,Derius,Davis,2000-09-11,68,165,TCU,00-0038573,4362477,21bf2521-3382-4e62-8249-a083435595b3,40133,16939,78196,DaviDe02,24121,10234,3.0,"https://static.www.nfl.com/image/upload/f_auto,q_auto/league/if9lcwax4p0gwlqswr1y",DAV263132,55990,32004441-5626-3132-bab0-4f5a3b5e1671,2023.0,2023.0,LAC
2026,CLE,DL,DE,57.0,ACT,Isaiah McGuire,Isaiah,McGuire,2001-07-27,76,268,Missouri,00-0038574,4427963,977590e8-97a0-4b2e-9f6c-c8d047d12f19,40150,17116,98948,McGuIs00,24252,10943,3.0,"https://static.www.nfl.com/image/upload/f_auto,q_auto/league/bgay7c5onbqadb4qjguc",MCG794607,55991,32004d43-4779-4607-f244-3b54d3888de4,2023.0,2023.0,CLE
2026,CIN,WR,WR,15.0,ACT,Charlie Jones,Charlie,Jones,1998-10-29,72,190,Purdue; Iowa,00-0038576,4257188,c634c231-61fb-4725-8533-2cce14bfebbf,40158,16719,55038,JoneCh11,24122,10228,3.0,"https://static.www.nfl.com/image/upload/f_auto,q_auto/league/rofwl0wrsdqnfvv4iokq",JON160287,55996,32004a4f-4e16-0287-5859-a7165d1cc115,2023.0,2023.0,CIN
2026,PIT,LB,LB,51.0,ACT,Nick Herbig,Nick,Herbig,2001-11-21,74,240,Wisconsin,00-0038577,4429164,59b7b521-a0be-4ee5-8809-362601c2c80e,40139,16702,129920,HerbNi00,24201,10940,3.0,"https://static.www.nfl.com/image/upload/f_auto,q_auto/league/x2pdurg2nwxy1tiyfeac",HER042107,55997,32004845-5204-2107-989b-b9a0ebf10845,2023.0,2023.0,PIT
2026,MIN,DB,SAF,24.0,ACT,Jay Ward,Jay,Ward,2000-07-13,73,190,LSU,00-0038578,4568007,7d06db84-b31e-4b68-a6cc-93fb87763a7f,40147,16669,98833,WardJa00,24232,10939,3.0,"https://static.www.nfl.com/image/upload/f_auto,q_auto/league/c3y0kln3tvfhyw5e3nbt",WAR199835,55999,32005741-5219-9835-c33b-128fd1cf5673,2023.0,2023.0,MIN
2026,LV,QB,QB,12.0,ACT,Aidan O'Connell,Aidan,O'Connell,1998-09-01,75,206,Purdue,00-0038579,4260394,5891a917-9071-4bc2-a652-7f702c44cbd2,40138,16716,60516,OConAi00,24350,10866,3.0,"https://static.www.nfl.com/image/upload/f_auto,q_auto/league/bcejxo7ofgk5pszhup12",OCO075507,56000,32004f43-4f07-5507-fffe-35de4751ec57,2023.0,2023.0,LV
2026,JAX,LB,LB,56.0,ACT,Yasir Abdullah,Yasir,Abdullah,2000-04-12,73,240,Louisville,00-0038580,4360807,6eef8572-d9b4-4518-a759-19569e381e06,,16769,77100,AbduYa00,24386,10992,3.0,"https://static.www.nfl.com/image/upload/f_auto,q_auto/league/xcqrvdytgfa12io99n2w",ABD685761,56001,32004142-4468-5761-697c-5797029c343f,2023.0,2023.0,JAX
2026,PIT,LB,LB,57.0,ACT,KJ Henry,KJ,Henry,1999-01-27,76,255,Clemson,00-0038581,4360308,f1dd548b-fcdf-4819-8c5e-6fff3d29a2f9,,16833,76808,HenrKJ00,24251,10991,3.0,"https://static.www.nfl.com/image/upload/f_auto,q_auto/league/tuxlq3yp5alivdyqugdw",HEN624398,56002,32004845-4e62-4398-758e-3f565d3dc34c,2023.0,2023.0,WAS
2026,IND,DB,DB,43.0,ACT,Cameron Mitchell,Cameron,Mitchell,2001-09-08,71,191,Northwestern,00-0038585,4569607,84b0681b-ce78-45ed-a529-b7063ccb6bb0,40184,17339,97340,MitcCa01,24213,10988,3.0,"https://static.www.nfl.com/image/upload/f_auto,q_auto/league/ozye3yup4gplbpdy23ig",MIT149749,56007,32004d49-5414-9749-5266-ae7585232540,2023.0,2023.0,CLE
2026,LV,OL,G,56.0,ACT,Atonio Mafi,Atonio,Mafi,2000-10-20,75,329,UCLA,00-0038586,,,,,,,,,3.0,"https://static.www.nfl.com/image/upload/f_auto,q_auto/league/xdqzggyys7bapcjjajcl",MAF426541,56009,32004d41-4642-6541-262e-e21e92feefa6,2023.0,2023.0,NE
2026,ATL,DB,SAF,34.0,ACT,Jammie Robinson,Jammie,Robinson,2001-01-24,71,195,Florida State,00-0038587,4430411,406b6c6f-0172-482e-9ade-f38f5abb95f0,40176,16815,98836,RobiJa03,24138,10986,3.0,"https://static.www.nfl.com/image/upload/f_auto,q_auto/league/ngfibwfaxwwdtwqe40qy",ROB526445,56010,3200524f-4252-6445-4e6b-4353e5a8fc4d,2023.0,2023.0,CAR
2026,NO,DB,SAF,31.0,ACT,Jordan Howden,Jordan,Howden,2000-05-14,72,210,Minnesota,00-0038588,4360949,e33aa81a-83e9-411b-8265-f31da58a33b9,40199,17358,83305,HowdJo00,24413,10985,3.0,"https://static.www.nfl.com/image/upload/f_auto,q_auto/league/x87djeswtkpxvuvyw5xh",HOW493327,56011,3200484f-5749-3327-f45c-e3a9b981208f,2023.0,2023.0,NO
2026,GB,TE,TE,81.0,ACT,Josh Whyle,Josh,Whyle,1999-09-08,79,248,Cincinnati,00-0038589,4360086,601467c7-b593-472d-a147-b8e7bfdbe990,40182,16866,54037,WhylJo01,24375,10212,3.0,"https://static.www.nfl.com/image/upload/f_auto,q_auto/league/anwoxedspnle4xdk0cnl",WHY207645,56012,32005748-5920-7645-1b1b-72fa42df9b82,2023.0,2023.0,TEN
2026,LV,TE,TE,88.0,RES,Justin Shorter,Justin,Shorter,2000-04-17,76,227,Florida; Penn State,00-0038590,4361426,0e4f0529-f178-463e-8aa6-0b8cfa3e916f,40167,16656,84376,ShorJu00,24221,9489,3.0,"https://static.www.nfl.com/image/upload/f_auto,q_auto/league/htymyxoyw1hh52zoo3lb",SHO651252,56015,32005348-4f65-1252-2fb4-216da3af656d,2023.0,2023.0,BUF
2026,SEA,DL,DE,94.0,ACT,Mike Morris,Mike,Morris,2001-04-22,78,306,Michigan,00-0038591,4572055,2697a8a5-c22d-4290-a266-5b153bf384e3,,16861,101421,MorrMi00,24361,10982,3.0,"https://static.www.nfl.com/image/upload/f_auto,q_auto/league/hknu9azwhvn7pq4tfaiz",MOR480831,56016,32004d4f-5248-0831-1322-2ec4ee6accb4,2023.0,2023.0,SEA
2026,DET,OL,G,75.0,ACT,Colby Sorsdal,Colby,Sorsdal,2000-03-01,78,315,William & Mary,00-0038592,,,,,,,,,3.0,"https://static.www.nfl.com/image/upload/f_auto,q_auto/league/fd5jmocmvxp7lo6wf1rp",SOR593271,56017,3200534f-5259-3271-426c-f951b26f5956,2023.0,2023.0,DET
2026,SEA,OL,C,55.0,ACT,Olu Oluwatimi,Olusegun,Oluwatimi,1999-08-05,75,309,Michigan; Virginia,00-0038593,,,,,,,,,3.0,"https://static.www.nfl.com/image/upload/f_auto,q_auto/league/tckr2bfo3rzwbhzuppsh",OLU593274,56019,32004f4c-5559-3274-eef4-acb200e9e905,2023.0,2023.0,SEA
2026,SF,DB,CB,28.0,ACT,Darrell Luter Jr.,Darrell,Luter,2000-04-24,72,190,South Alabama,00-0038594,4685978,8b45bbcf-b700-4db4-8382-163ddf2db169,40186,16962,121428,LuteDa00,24245,10978,3.0,"https://static.www.nfl.com/image/upload/f_auto,q_auto/league/c7i5bj3inrno1uvjxwv4",LUT138430,56020,32004c55-5413-8430-ddc4-b737661964cf,2023.0,2023.0,SF
2026,CHI,OL,G,74.0,ACT,Jordan McFadden,Jordan,McFadden,1999-11-16,74,306,Clemson,00-0038595,,,,,,,,,3.0,"https://static.www.nfl.com/image/upload/f_auto,q_auto/league/qq6khttphfxwahgedbhu",MCF112355,56021,32004d43-4611-2355-9a4f-ced5087b9648,2023.0,2023.0,LAC
2026,JAX,DB,SAF,6.0,ACT,Antonio Johnson,Antonio,Johnson,2001-10-29,74,198,Texas A&M,00-0038596,4429168,078c2a41-ec84-4425-b64e-8d92cee16305,40166,17369,124326,JohnAn07,24091,10974,3.0,"https://static.www.nfl.com/image/upload/f_auto,q_auto/league/zpd9kentvqmeamoeg6g1",JOH061167,56025,32004a4f-4806-1167-a48a-d4b74b81a5a9,2023.0,2023.0,JAX
2026,CIN,RB,RB,30.0,ACT,Chase Brown,Chase,Brown,2000-03-21,70,211,Illinois; Western Michigan,00-0038597,4362238,d74ff06d-905d-4fed-8f98-b5f6d4549333,40196,16934,77787,BrowCh10,24374,9224,3.0,"https://static.www.nfl.com/image/upload/f_auto,q_auto/league/pv3sq3uzosixxexbznq5",BRO340581,56028,32004252-4f34-0581-a205-5f41836f80e9,2023.0,2023.0,CIN
2026,HOU,LB,LB,39.0,ACT,Henry To'oTo'o,Henry,To'oTo'o,2001-01-05,74,228,Alabama; Tennessee,00-0038599,4426350,b3523130-926a-4d1c-bfde-775975583398,40189,17121,98982,TooTHe00,24112,10970,3.0,"https://static.www.nfl.com/image/upload/f_auto,q_auto/league/epsdr0zqlm2vrhizwama",TOO675714,56032,3200544f-4f67-5714-6435-02b19e1c75f0,2023.0,2023.0,HOU
2026,AZ,LB,LB,44.0,ACT,Owen Pappoe,Owen,Pappoe,2000-09-29,72,230,Auburn,00-0038600,4567219,e6926317-2584-496a-9f32-e422040a8a20,40200,16673,99006,PappOw00,24267,10969,3.0,"https://static.www.nfl.com/image/upload/f_auto,q_auto/league/in0wnyee7iv62hkgvnhf",PAP723174,56033,32005041-5072-3174-a0f2-6b355d672760,2023.0,2023.0,ARI
2026,NO,OL,OT,72.0,ACT,Asim Richards,Asim,Richards,2000-10-02,76,307,North Carolina,00-0038601,,,,,,,,,3.0,"https://static.www.nfl.com/image/upload/f_auto,q_auto/league/kulqn4db5ffrf6xwzd2c",RIC219051,56034,32005249-4321-9051-d704-8eaedee89bd1,2023.0,2023.0,DAL
2026,MIA,DL,DE,51.0,ACT,Robert Beal Jr.,Robert,Beal,1999-08-18,76,250,Georgia,00-0038603,4259558,5d64ba96-04f6-41ee-8620-ed251f16485c,40181,16781,57840,BealRo00,24394,10966,3.0,"https://static.www.nfl.com/image/upload/f_auto,q_auto/league/yuxokzgzu2p3o68w0wfx",BEA158040,56038,32004245-4115-8040-cf61-5173f5b6029d,2023.0,2023.0,SF
2026,DEN,DB,SAF,34.0,ACT,JL Skinner,JL,Skinner,2001-04-16,76,220,Boise State,00-0038605,4428503,ad57b64a-befa-40fd-ae40-9c438ced7ea2,40230,16748,101311,SkinJL00,24228,11011,3.0,"https://static.www.nfl.com/image/upload/f_auto,q_auto/league/pss2lrg9jx4qauwyu3hu",SKI623722,56048,3200534b-4962-3722-bd01-af6ca68de04d,2023.0,2023.0,DEN
2026,JAX,WR,WR,11.0,ACT,Parker Washington,Christopher,Washington,2002-03-21,70,204,Penn State,00-0038606,4432620,c05863ec-3414-4ae6-a8d2-830aed99b6d3,40234,16690,129799,WashPa01,24143,9487,3.0,"https://static.www.nfl.com/image/upload/f_auto,q_auto/league/sqgxayp6nrrpvwonksdm",WAS604325,56050,32005741-5360-4325-2e4f-b11d5ed26427,2023.0,2023.0,JAX
2026,NE,WR,WR,9.0,ACT,Kayshon Boutte,Kayshon,Boutte,2002-05-07,71,197,LSU,00-0038608,4429022,9c054866-5e6c-460b-9af3-ebf91e7d0a3e,40224,16795,124087,BoutKa00,23121,9504,3.0,"https://static.www.nfl.com/image/upload/f_auto,q_auto/league/mg4icjqhwhnc5uobmau5",BOU482823,56052,3200424f-5548-2823-b93f-32f7b68b0dd3,2023.0,2023.0,NE
2026,CLE,OL,C,56.0,ACT,Luke Wypler,Luke,Wypler,2001-05-03,75,303,Ohio State,00-0038609,,,,,,,,,3.0,"https://static.www.nfl.com/image/upload/f_auto,q_auto/league/alkthyatyuxkudodqhke",WYP415291,56055,32005759-5041-5291-5926-68b1220e1610,2023.0,2023.0,CLE
2026,NE,P,P,17.0,ACT,Bryce Baringer,Bryce,Baringer,1999-04-26,74,215,Michigan State; Illinois,00-0038610,4240545,2b18e3fd-9765-4644-9fc8-2f316ceda6d5,,17095,60274,BariBr00,24392,11007,3.0,"https://static.www.nfl.com/image/upload/f_auto,q_auto/league/chin7dbgay28deurzjbb",BAR145519,56057,32004241-5214-5519-a728-3afd68fd5264,2023.0,2023.0,NE
2026,JAX,RB,RB,24.0,ACT,Chris Rodriguez Jr.,Chris,Rodriguez,1999-09-26,71,224,Kentucky,00-0038611,4362619,ae5c4758-cb53-4f17-8763-b91381036af3,40231,16933,83689,RodrCh00,23237,10219,3.0,"https://static.www.nfl.com/image/upload/f_auto,q_auto/league/z5nbh1nza9je683o17h1",ROD797090,56058,3200524f-4479-7090-bc9d-40ffbbc0f4c6,2023.0,2023.0,WAS
2026,PIT,WR,WR,27.0,ACT,A.T. Perry,Atorian,Perry,1999-10-26,77,205,Wake Forest,00-0038612,4362019,f6986d22-e3bb-4509-9309-90d92c01437a,40242,16802,77975,PerrAT00,24349,10863,3.0,"https://static.www.nfl.com/image/upload/f_auto,q_auto/league/ctnvhmwcin0vif2gunca",PER532468,56060,32005045-5253-2468-5893-9308cc0d5b93,2023.0,2023.0,NO
2026,TEN,DB,SAF,28.0,ACT,Jerrick Reed II,Jerrick,Reed,2000-08-07,69,196,New Mexico; Northwest Mississippi CC,00-0038613,4570084,d492db9f-35b8-45e9-9e32-acd5dd7d1f42,40239,17347,101322,ReedJe00,24482,10997,3.0,"https://static.www.nfl.com/image/upload/f_auto,q_auto/league/jdg6nd5cot2srdfixjnv",REE475048,56063,32005245-4547-5048-80ea-d2c00db95075,2023.0,2023.0,SEA
2026,LAC,DL,DT,44.0,ACT,Scott Matlock,Scott,Matlock,2000-06-28,76,296,Boise State,00-0038614,4373684,9cedc261-40ff-4fe3-80e1-e128dcceede0,40225,16767,82482,MatlSc00,24457,10994,3.0,"https://static.www.nfl.com/image/upload/f_auto,q_auto/league/cuk2ssb69ywuhputouz8",MAT347280,56065,32004d41-5434-7280-23b6-4ee735a3fae9,2023.0,2023.0,LAC
2026,HOU,OL,C,54.0,ACT,Jarrett Patterson,Jarrett,Patterson,1999-09-01,76,310,Notre Dame,00-0038615,,,,,,,,,3.0,"https://static.www.nfl.com/image/upload/f_auto,q_auto/league/etaxd4fgrxgfeygli9af",PAT457456,56066,32005041-5445-7456-8c72-5fc60a8decb0,2023.0,2023.0,HOU
2026,JAX,DB,CB,21.0,ACT,Christian Braswell,Christian,Braswell,1999-09-27,71,185,Rutgers; Temple,00-0038616,4257580,17093231-3e82-42fb-bec7-75160d097538,40208,17410,56207,BrasCh00,24483,11018,3.0,"https://static.www.nfl.com/image/upload/f_auto,q_auto/league/jhh2vnmqgpzew31qkkct",BRA660554,56067,32004252-4166-0554-4782-bf7c9144240e,2023.0,2023.0,JAX
2026,HOU,WR,WR,19.0,ACT,Xavier Hutchinson,Xavier,Hutchinson,2000-06-01,75,210,Iowa State,00-0038618,4686422,aed98af2-b228-4b74-a804-2d210bd11122,40232,16932,122518,HutcXa00,24347,10218,3.0,"https://static.www.nfl.com/image/upload/f_auto,q_auto/league/hv3mfhadliph08b4pl4s",HUT304546,56070,32004855-5430-4546-3068-451b429a0c40,2023.0,2023.0,HOU
2026,CIN,WR,WR,80.0,ACT,Andrei Iosivas,Andrei,Iosivas,1999-10-15,75,210,Princeton,00-0038619,4368003,30c0df5e-bb77-4eee-8390-8fc13844e1c3,40211,16965,109811,IosiAn00,24119,10226,3.0,"https://static.www.nfl.com/image/upload/f_auto,q_auto/league/zvanfldklpds1gp08bsp",IOS307886,56071,3200494f-5330-7886-63af-230c5aa763a8,2023.0,2023.0,CIN
2026,TEN,DB,SAF,41.0,ACT,Erick Hallett,Erick,Hallett,2000-04-24,71,200,Pittsburgh,00-0038620,4373320,308b4b49-5159-48c1-8da6-5d559a3efedd,,16762,76631,HallEr00,24384,11019,3.0,"https://static.www.nfl.com/image/upload/f_auto,q_auto/league/hnpxgdu65sr9w51rkp6g",HAL638802,56073,32004841-4c63-8802-cffd-e6eed54d9eaf,2023.0,2023.0,JAX
2026,NE,WR,WR,3.0,ACT,DeMario Douglas,DeMario,Douglas,2000-12-08,68,192,Liberty,00-0038621,4427095,962496d4-9ffa-471b-8dd2-fc5e60fee84b,40222,16751,104155,DougDe00,24180,9501,3.0,"https://static.www.nfl.com/image/upload/f_auto,q_auto/league/almsm6nmovpasu8ts9u3",DOU259552,56075,3200444f-5525-9552-5dc9-fda7c5a9b03d,2023.0,2023.0,NE
2026,AZ,DL,DT,55.0,ACT,Dante Stills,Dante,Stills,1999-12-14,76,300,West Virginia,00-0038623,4362225,f9a8db9d-9a13-485c-abf0-b5a48e1ff808,40244,17154,76937,StilDa01,24440,11015,3.0,"https://static.www.nfl.com/image/upload/f_auto,q_auto/league/aqvvpt76ifof0r42hsgg",STI401047,56078,32005354-4940-1047-64a1-126f952db8f0,2023.0,2023.0,ARI
2026,DAL,LB,LB,53.0,ACT,Dee Winters,Dee,Winters,2000-10-17,71,227,TCU,00-0038625,4428914,a362249b-336e-48d3-a6ee-02de7274b4e6,40227,16938,99376,WintDe00,24285,11017,3.0,"https://static.www.nfl.com/image/upload/f_auto,q_auto/league/uq6qbsrwlkhnu7lsrejj",WIN767442,56081,32005749-4e76-7442-26b1-69f74bb7e584,2023.0,2023.0,SF
2026,ATL,DB,SAF,23.0,ACT,DeMarcco Hellams,DeMarcco,Hellams,2000-06-05,73,203,Alabama,00-0038628,4567111,b9fbbcf2-35cb-4de4-9622-16630b51c792,40278,16930,98863,HellDe00,24227,11050,3.0,"https://static.www.nfl.com/image/upload/f_auto,q_auto/league/sgwgvm0vfhjzx2skseii",HEL256639,56089,32004845-4c25-6639-ebe9-aca7398e1c11,2023.0,2023.0,ATL
2026,BAL,OL,G,54.0,ACT,Jovaughn Gwyn,Jovaughn,Gwyn,1999-03-18,74,301,South Carolina,00-0038629,,,,,,,,,3.0,"https://static.www.nfl.com/image/upload/f_auto,q_auto/league/dwwrso8po3jnrp4eykwa",GWY415291,56090,32004757-5941-5291-b151-cb1bde0e7da3,2023.0,2023.0,ATL
2026,SF,WR,WR,,ACT,Colton Dowell,Colton,Dowell,1999-04-19,75,212,Tennessee-Martin,00-0038632,4250945,7939f84a-bb43-43d3-83e2-ce2fa4ca829d,40263,17413,63721,DoweCo00,24494,11046,3.0,"https://static.www.nfl.com/image/upload/f_auto,q_auto/league/asnykoet55r5qhhewijc",DOW356902,56093,3200444f-5735-6902-5291-b61fddb33877,2023.0,2023.0,TEN
2026,BUF,OL,G,65.0,ACT,Nick Broeker,Nicholas,Broeker,2000-10-07,76,305,Mississippi,00-0038633,,,,,,,,,3.0,"https://static.www.nfl.com/image/upload/f_auto,q_auto/league/jghdxd1cbiub91hj86bc",BRO095305,56095,32004252-4f09-5305-48d6-37f2bcefb0d5,2023.0,2023.0,BUF
2026,BUF,LB,LB,75.0,ACT,Andre Jones Jr.,Andre,Jones,1998-10-25,77,258,Louisiana-Lafayette,00-0038635,4249214,0c816f95-6a50-4c77-b768-dc277f51a88f,40247,17178,56395,JoneAn02,24417,11041,3.0,"https://static.www.nfl.com/image/upload/f_auto,q_auto/league/gom8feliopfzca4zgdqs",JON826252,56098,32004a4f-4e82-6252-1498-29b93a10dfc9,2023.0,2023.0,WAS
2026,SEA,RB,RB,25.0,ACT,Kenny McIntosh,Kenneth,McIntosh,2000-03-03,72,204,Georgia,00-0038636,4427391,9956eabc-16da-4a1c-ab80-fe0910bcaa12,40267,17002,99158,McInKe00,24373,10216,3.0,"https://static.www.nfl.com/image/upload/f_auto,q_auto/league/ysygpo0sm8rbptosqrrc",MCI500298,56102,32004d43-4950-0298-3acc-043d70d34f9d,2023.0,2023.0,SEA
2026,AZ,WR,WR,86.0,ACT,Jalen Brooks,Jalen,Brooks,2000-05-07,74,205,South Carolina; Tarleton State; Wingate,00-0038640,4692835,66f7bbe1-eb89-4b48-83db-d947b04ff1fd,40257,17185,111284,BrooJa03,24397,11034,3.0,"https://static.www.nfl.com/image/upload/f_auto,q_auto/league/drpljzij7e0e9ojwf0cq",BRO124672,56109,32004252-4f12-4672-48a0-d6175dc0568c,2023.0,2023.0,DAL
2026,CIN,DB,CB,38.0,ACT,D.J. Ivey,D.J.,Ivey,2000-02-25,73,192,Miami,00-0038642,4362502,7013d432-1327-40af-81a9-28711c648d79,40259,16672,76670,IveyDJ00,24497,11032,3.0,"https://static.www.nfl.com/image/upload/f_auto,q_auto/league/bgycp6whsc4bd61aumsq",IVE629691,56111,32004956-4562-9691-16d3-245f6e1ba939,2023.0,2023.0,CIN
2026,SF,TE,TE,9.0,ACT,Brayden Willis,Brayden,Willis,1999-11-11,76,240,Oklahoma,00-0038643,4360290,733cc366-53e3-4703-a2fc-2aa860272cf3,40261,17010,77917,WillBr06,24149,10224,3.0,"https://static.www.nfl.com/image/upload/f_auto,q_auto/league/pz1nzzfellquco7nk65e",WIL597331,56112,32005749-4c59-7331-d2e9-d4e09be28c28,2023.0,2023.0,SF
2026,PIT,OL,G,74.0,ACT,Spencer Anderson,Spencer,Anderson,2000-06-07,77,305,Maryland,00-0038645,,,,,,,,,3.0,"https://static.www.nfl.com/image/upload/f_auto,q_auto/league/c7wzlwet93jblhklcgax",AND490948,56116,3200414e-4449-0948-ac5c-e3c2714df76e,2023.0,2023.0,PIT
2026,MIA,DB,CB,26.0,ACT,Alex Austin,Alex,Austin,2001-05-22,73,191,Oregon State,00-0038646,4426599,ff3d59bd-8cdc-44e1-812e-b576d5d57838,,17092,97683,AustAl00,24182,11027,3.0,"https://static.www.nfl.com/image/upload/f_auto,q_auto/league/vtgwc8celooprxtaqlb6",AUS089816,56117,32004155-5308-9816-8d6f-de43c00a54cc,2023.0,2023.0,BUF
2026,NO,WR,WR,11.0,ACT,Ronnie Bell,Ronnie,Bell,2000-01-28,72,192,Michigan,00-0038647,4372063,ba06804a-b84c-408a-8ef6-5226d8424479,40279,16843,84288,BellRo01,22627,10221,3.0,"https://static.www.nfl.com/image/upload/f_auto,q_auto/league/iz3uiudpv80vgvgjzzej",BEL596505,56118,32004245-4c59-6505-43ce-5ccd36c0d34a,2023.0,2023.0,SF
2026,SF,LB,LB,41.0,ACT,Jalen Graham,Jalen,Graham,2001-01-11,75,220,Purdue,00-0038648,4570410,88f0ff15-15d5-42e7-be1c-f6c254d945e6,40265,17172,98165,GrahJa02,24364,11025,3.0,"https://static.www.nfl.com/image/upload/f_auto,q_auto/league/oxlmlst1qeq1wi0hq0j6",GRA199869,56120,32004752-4119-9869-ffab-fccc38b6c057,2023.0,2023.0,SF
2026,DEN,OL,C,54.0,ACT,Alex Forsyth,Alex,Forsyth,1999-02-13,76,312,Oregon,00-0038649,,,,,,,,,3.0,"https://static.www.nfl.com/image/upload/f_auto,q_auto/league/v4bmsc6erhshhhdw7dzh",FOR566553,56122,3200464f-5256-6553-cf04-7fe0756ccf29,2023.0,2023.0,DEN
2026,NE,DL,DT,94.0,ACT,Cory Durden,Cory,Durden,1999-01-26,76,305,N.C. State; Florida State,00-0038653,4240042,3609bdd0-ec6a-11ed-816e-1112fde7d7a0,,17281,56976,DurdCo00,24465,11338,3.0,"https://static.www.nfl.com/image/upload/f_auto,q_auto/league/cdqrqnmvljjdupjz9wgc",DUR160046,56343,32004455-5216-0046-7d4c-73aabdf637f2,2023.0,2023.0,
2026,SF,QB,QB,4.0,ACT,Adrian Martinez,Adrian,Martinez,2000-01-07,74,220,Kansas State; Nebraska,00-0038658,4361182,e95a83c0-e6f6-11ed-88d6-7977d3a68019,40299,17266,83522,,24507,11065,2.0,"https://static.www.nfl.com/image/upload/f_auto,q_auto/league/uxqlgiljk3wecurnynmg",MAR776119,56348,32004d41-5277-6119-bf26-960a914a3c4d,2024.0,2024.0,
2026,DET,LB,LB,53.0,ACT,Trevor Nowaske,Trevor,Nowaske,1998-11-07,75,237,Saginaw Valley State,00-0038660,5144894,bb52aa90-ec71-11ed-a9ce-551f11053e13,40591,17570,169859,NowaTr00,24782,11348,3.0,"https://static.www.nfl.com/image/upload/f_auto,q_auto/league/kwj6mthtdunxiwdcogz2",NOW415290,56350,32004e4f-5741-5290-c282-901225b00a47,2023.0,2023.0,
2026,DET,DL,DT,90.0,ACT,Chris Smith,Chris,Smith,1999-12-15,73,316,Notre Dame; Harvard,00-0038661,4367835,8ba82150-ec6f-11ed-9d9c-457422097a88,,16835,106524,,24851,11345,3.0,"https://static.www.nfl.com/image/upload/f_auto,q_auto/league/mqidacocy7n6rcziki9k",SMI143477,56351,3200534d-4914-3477-a516-1cdd67172106,2023.0,2023.0,
2026,AZ,DB,CB,24.0,ACT,Starling Thomas V,Starling,Thomas,2000-01-25,70,194,UAB,00-0038663,4363408,4d5e5960-ec6e-11ed-9096-c9ee1a56ed36,40593,17346,83098,ThomSt01,24456,11343,3.0,"https://static.www.nfl.com/image/upload/f_auto,q_auto/league/wep63sxqoqc3yyyo8hds",THO443334,56353,32005448-4f44-3334-5360-346720479b88,2023.0,2023.0,
2026,SF,RB,RB,,ACT,Jordan Mims,Jordan,Mims,1999-06-16,72,205,Fresno State,00-0038678,4243004,6d91ccf0-f013-11ed-88ef-07b7f7d6320c,40631,17125,57209,MimsJo00,24310,11378,3.0,"https://static.www.nfl.com/image/upload/f_auto,q_auto/league/nvamfcrdqvkwtnpgmzdh",MIM632686,56368,32004d49-4d63-2686-7a2a-1afd68065e46,2023.0,2023.0,
2026,BUF,WR,WR,14.0,ACT,Tyrell Shavers,Tyrell,Shavers,1999-08-18,76,211,San Diego State; Mississippi State; Alabama,00-0038679,4241476,07eb12f0-f011-11ed-ac82-d7e41925e5ba,40630,17555,61107,ShavTy00,24511,11377,3.0,"https://static.www.nfl.com/image/upload/f_auto,q_auto/league/mfazuecipz3csodtztwc",SHA521110,56369,32005348-4152-1110-b8f2-903bae5a4e7b,2023.0,2023.0,
2026,MIA,DB,CB,27.0,ACT,Ethan Bonner,Ethan,Bonner,1999-10-23,73,190,Stanford,00-0038684,4360746,710867f0-f0d5-11ed-ba38-4fd3e2dc256a,,17564,83091,BonnEt00,24642,11391,3.0,"https://static.www.nfl.com/image/upload/f_auto,q_auto/league/dgnoznkjwxtrum7vg5oe",BON555851,56374,3200424f-4e55-5851-dcbf-09223c0ba4c8,2023.0,2023.0,
2026,GB,RB,RB,30.0,ACT,Chris Brooks,Christopher,Brooks,2000-01-11,73,219,BYU; California,00-0038685,3149687,35a0d440-f017-11ed-bedb-53f19b227cc3,40625,16741,83644,BrooCh00,23192,11370,3.0,"https://static.www.nfl.com/image/upload/f_auto,q_auto/league/nnwloijqopel4em6vfhb",BRO120605,56375,32004252-4f12-0605-45ae-12dbdf006dbd,2023.0,2023.0,
2026,SEA,DL,DT,95.0,ACT,Brandon Pili,Brandon,Pili,1999-04-02,75,334,USC,00-0038694,4259651,11232260-f0dc-11ed-8ba5-bf9b1d9bee25,,17560,57036,PiliBr00,24582,11396,3.0,"https://static.www.nfl.com/image/upload/f_auto,q_auto/league/hwulhwha4dlvlwapdl4r",PIL215335,56384,32005049-4c21-5335-eb7f-94aed0359e37,2023.0,2023.0,
2026,NYJ,DB,DB,22.0,ACT,Keidron Smith,Keidron,Smith,1999-11-01,74,210,Kentucky,00-0038696,4372418,01831580-f0dd-11ed-b8be-811e1be6b8e1,,16806,83310,SmitKe05,24796,11395,3.0,"https://static.www.nfl.com/image/upload/f_auto,q_auto/league/n4vz3f4gd18cfyeqa4ve",SMI450188,56386,3200534d-4945-0188-7514-30ebddbe37b7,2023.0,2023.0,
2026,TEN,DB,SAF,30.0,ACT,Kendell Brooks,Kendell,Brooks,2000-03-03,72,206,Michigan State; North Greenville College,00-0038703,4585317,fcdc7670-e8fd-11ed-8f16-bf9f502d2331,,17480,144946,BrooKe02,24385,11185,2.0,"https://static.www.nfl.com/image/upload/f_auto,q_auto/league/folwn5nqummgddg3li5y",BRO132988,56393,32004252-4f13-2988-701b-90b5b09636ca,2024.0,2024.0,
2026,KC,RB,RB,25.0,ACT,Emari Demercado,Emari,Demercado,1999-01-20,69,215,TCU,00-0038705,4362478,44b4cbf0-e8fe-11ed-bc6e-a5c4d3ccbdd1,40430,17091,77763,DemeEm00,24609,11199,3.0,"https://static.www.nfl.com/image/upload/f_auto,q_auto/league/jasnk9akri8eghfgolsn",DEM317794,56395,32004445-4d31-7794-7d50-f20a6d3e35eb,2023.0,2023.0,
2026,CLE,TE,TE,86.0,ACT,Blake Whiteheart,Blake,Whiteheart,2000-03-22,76,250,Wake Forest,00-0038710,4362018,9a8395a0-e900-11ed-9cad-a989770811a8,40433,17130,77881,WhitBl01,24354,11201,3.0,"https://static.www.nfl.com/image/upload/f_auto,q_auto/league/senw8edxu2ovkg1dbdxs",WHI639076,56400,32005748-4963-9076-aca2-3ff9b42af377,2023.0,2023.0,
2026,TEN,LB,LB,44.0,ACT,Mohamoud Diabate,Mohamoud,Diabate,2001-05-18,76,225,Utah,00-0038711,4567403,664d2020-ec76-11ed-b1d3-55b3fe623f86,40598,16837,98780,DiabMo00,24518,11350,3.0,"https://static.www.nfl.com/image/upload/f_auto,q_auto/league/clvmbgcxk6mw8gqdzyxa",DIA025955,56401,32004449-4102-5955-bffb-c3f37f323d4f,2023.0,2023.0,
2026,CHI,DL,DE,69.0,ACT,Jeremiah Martin,Jeremiah,Martin,2000-06-10,76,265,Washington; Texas A&M,00-0038716,,,,,,,,,3.0,,MAR648923,56406,32004d41-5264-8923-6dd4-5ec4d8d8176e,2023.0,2023.0,
2026,KC,DB,SAF,,ACT,Tanner McCalister,Tanner,McCalister,2000-01-27,71,191,Ohio State; Oklahoma State,00-0038717,4361824,b5fdb5c0-ec77-11ed-8372-71b34770f6bc,,17348,76591,McCaTa00,24751,11353,3.0,"https://static.www.nfl.com/image/upload/f_auto,q_auto/league/qhx1wwej9q7ktxomelx1",MCC057689,56407,32004d43-4305-7689-892d-056fbd35281d,2023.0,2023.0,
2026,NE,TE,TE,80.0,RES,Julian Hill,Julian,Hill,2000-07-09,76,251,Campbell University,00-0038720,4365395,516da3c0-f016-11ed-a518-572ef5cb73b6,40629,17335,88685,HillJu02,24463,11371,3.0,"https://static.www.nfl.com/image/upload/f_auto,q_auto/league/yogwwyzq4sydycahhbgw",HIL451650,56410,32004849-4c45-1650-53d8-2be85e0700b6,2023.0,2023.0,
2026,HOU,DL,DE,95.0,ACT,Ali Gaye,Ali,Gaye,1997-11-29,78,265,LSU; Garden City CC; Arizona Western,00-0038724,4243321,8f09cdb0-e6ef-11ed-abca-c7a3a205e21d,,16786,124095,GayeAl01,24088,11062,3.0,"https://static.www.nfl.com/image/upload/f_auto,q_auto/league/albsv8nicyb1weilqhls",GAY545877,56414,32004741-5954-5877-64c1-07a7b7a86e8f,2023.0,2023.0,
2026,HOU,WR,WR,89.0,ACT,Jared Wayne,Jared,Wayne,2000-10-07,75,210,Pittsburgh,00-0038728,4430681,28c09980-e6ea-11ed-8605-b736dbb934f2,40288,16847,99691,WaynJa01,,11056,3.0,"https://static.www.nfl.com/image/upload/f_auto,q_auto/league/gvyy4ez9taf0kmxx7t5w",WAY428537,56418,32005741-5942-8537-26c9-646e7f3b0da1,2023.0,2023.0,
2026,JAX,OL,OT,78.0,ACT,Kilian Zierer,Kilian,Zierer,2000-02-24,79,312,Auburn,00-0038729,,,,,,,,,3.0,"https://static.www.nfl.com/image/upload/f_auto,q_auto/league/s7ozx78k1gfmuyna5a5l",ZIE610952,56419,32005a49-4561-0952-8fdb-efc938a59b35,2023.0,2023.0,
2026,DAL,OL,OT,66.0,ACT,TJ Bass,TJ,Bass,1999-03-31,76,325,Oregon; Butte College,00-0038731,,,,,,,,,3.0,"https://static.www.nfl.com/image/upload/f_auto,q_auto/league/hnmg3ncfxso056ybw5zz",BAS552614,56450,32004241-5355-2614-f91b-643ddcac017a,2023.0,2023.0,
2026,DAL,TE,TE,85.0,ACT,Princeton Fant,Princeton,Fant,1999-03-11,74,235,Tennessee,00-0038735,4242442,4b51e190-f674-11ed-88a9-a32a17c14014,40778,17135,62982,FantPr00,24617,11508,3.0,"https://static.www.nfl.com/image/upload/f_auto,q_auto/league/dh67wj7xhek86nhyucig",FAN406852,56454,32004641-4e40-6852-9aae-790b49a51e60,2023.0,2023.0,
2026,DAL,LB,LB,91.0,ACT,Isaiah Land,Isaiah,Land,2000-02-05,76,225,Florida A&M,00-0038737,4574551,8e662280-f678-11ed-a5ca-c79bcc7fcf23,40779,17115,102108,LandIs00,24264,11514,3.0,"https://static.www.nfl.com/image/upload/f_auto,q_auto/league/sskntoeekejhqz1wkbmj",LAN028469,56456,32004c41-4e02-8469-5ae3-22775d6dba98,2023.0,2023.0,
2026,DAL,RB,RB,40.0,ACT,Hunter Luepke,Hunter,Luepke,2000-02-28,73,238,North Dakota State,00-0038738,4383396,58f425d0-f677-11ed-978f-0975e9cb7dba,40780,17000,91319,LuepHu00,24278,11510,3.0,"https://static.www.nfl.com/image/upload/f_auto,q_auto/league/buachhzmd8p3hq2olwtf",LUE582275,56457,32004c55-4558-2275-a74b-84e7c261086e,2023.0,2023.0,
2026,DAL,DL,DE,90.0,ACT,Tyrus Wheat,Tyrus,Wheat,1999-12-08,74,260,Mississippi State,00-0038742,4689333,700b71a0-f678-11ed-a5ca-c79bcc7fcf23,,17181,124191,WheaTy02,24448,11512,3.0,"https://static.www.nfl.com/image/upload/f_auto,q_auto/league/mismzdnqkzpufwxohzvf",WHE034607,56461,32005748-4503-4607-6d7b-0ec04985eabf,2023.0,2023.0,
2026,TB,K,K,,ACT,B.T. Potter,Benjamin,Potter,2000-02-21,70,200,Clemson,00-0038748,,,,,,,,,0.0,"https://static.www.nfl.com/image/private/f_auto,q_auto/league/n1coud7969owjvy8sj5f",POT285078,56467,3200504f-5428-5078-f31e-ed4a9eef1ad3,2026.0,2026.0,
2026,SEA,WR,WR,19.0,ACT,Jake Bobo,Jake,Bobo,1998-08-04,76,207,UCLA; Duke,00-0038752,4360405,7d80dd50-e9f5-11ed-9c34-3f26f2e7ed88,40452,17040,77997,BoboJa00,24339,10867,3.0,"https://static.www.nfl.com/image/upload/f_auto,q_auto/league/xkwlqqmn2dcjlyeywpw5",BOB556112,56471,3200424f-4255-6112-e781-5b2c8948bd2b,2023.0,2023.0,
2026,SEA,LB,LB,52.0,ACT,Patrick O'Connell,Patrick,O'Connell,1998-12-31,73,231,Montana,00-0038764,4364623,0097ded0-ea11-11ed-8d34-41182339b277,,17604,89300,OConPa01,24728,11230,3.0,"https://static.www.nfl.com/image/upload/f_auto,q_auto/league/s5wok0ocqr8yc86xhucm",OCO264274,56483,32004f43-4f26-4274-da11-3998f8f008fe,2023.0,2023.0,
2026,SEA,DB,SAF,39.0,ACT,Ty Okada,Tyler,Okada,1999-06-04,71,200,Montana State,00-0038765,4247808,2be7e030-ea16-11ed-8d34-41182339b277,,17352,56089,OkadTy00,24646,11233,3.0,"https://static.www.nfl.com/image/upload/f_auto,q_auto/league/qnhwwei8cfomvdveuhg2",OKA103822,56484,32004f4b-4110-3822-4f33-f4a076ab71c2,2023.0,2023.0,
2026,SEA,LS,LS,41.0,ACT,Chris Stoll,Christopher,Stoll,1998-08-03,74,255,Penn State,00-0038769,,,,,,,,,3.0,"https://static.www.nfl.com/image/upload/f_auto,q_auto/league/lqeose8mmkyqtdnhirab",STO341294,56488,32005354-4f34-1294-8bb4-8ec8fd3d24e1,2023.0,2023.0,
2026,JAX,OL,OT,66.0,ACT,Ricky Lee,Ricky,Lee,1999-11-16,78,305,North Carolina A&T,00-0038776,,,,,,,,,3.0,"https://static.www.nfl.com/image/upload/f_auto,q_auto/league/aa5jlsloev5hxl4qjhgw",LEE564729,56495,32004c45-4556-4729-cad1-a9582b724956,2023.0,2023.0,
2026,MIN,DL,DL,61.0,ACT,Jalen Redmond,Jalen,Redmond,1999-03-12,75,305,Oklahoma,00-0038778,4360277,15a85030-ec59-11ed-ae91-5be3a63bf6e6,,17118,76861,RedmJa01,24281,11328,2.0,"https://static.www.nfl.com/image/upload/f_auto,q_auto/league/twjqbuybqow2v6zvpluq",RED613410,56497,32005245-4461-3410-5102-5e80a97e82ca,2024.0,2024.0,
2026,NO,DB,DB,25.0,ACT,Rejzohn Wright,Rejzohn,Wright,2000-09-04,74,193,Oregon State,00-0038781,,,,,,,,,3.0,"https://static.www.nfl.com/image/upload/f_auto,q_auto/league/eybdiqpxoxmhutuokalg",WRI631850,56500,32005752-4963-1850-24c7-68a3f57095d3,2023.0,2023.0,
2026,AZ,LB,LB,54.0,ACT,Eku Leota,Eku,Leota,1999-05-11,76,257,Auburn,00-0038782,4361272,d771b360-ec5d-11ed-b990-f9ecab1eae94,40574,16922,82363,LeotEk00,24273,11336,3.0,"https://static.www.nfl.com/image/upload/f_auto,q_auto/league/omtbxuvxr6jedl4ukduv",LEO772615,56501,32004c45-4f77-2615-e3d6-a2255f6293d2,2023.0,2023.0,
2026,DEN,TE,TE,45.0,ACT,Nate Adkins,Nathan,Adkins,1999-07-09,75,252,South Carolina,00-0038783,4383440,bcd0ae60-f31c-11ed-819c-fd03d0cc2698,40702,16992,87625,AdkiNa00,24686,11433,3.0,"https://static.www.nfl.com/image/upload/f_auto,q_auto/league/k3js5r3a9fl0q2gghqmv",ADK346075,56502,32004144-4b34-6075-d3fb-453dad04614a,2023.0,2023.0,
2026,MIN,OL,G,68.0,ACT,Henry Byrd,Henry,Byrd,1999-07-01,77,314,Princeton,00-0038785,,,,,,,,,3.0,"https://static.www.nfl.com/image/upload/f_auto,q_auto/league/frpe9uvjmilmh3n2atts",BYR421200,56504,32004259-5242-1200-e337-7292140ebb25,2023.0,2023.0,
2026,NYG,DB,CB,23.0,ACT,Art Green,Art,Green,2000-04-29,74,201,Houston,00-0038788,4689674,6dcf20a0-f31f-11ed-93d5-0b07c9520235,,17360,123666,GreeAr01,24514,11440,3.0,"https://static.www.nfl.com/image/upload/f_auto,q_auto/league/ubfznl2ifvpvai5cfftv",GRE064435,56507,32004752-4506-4435-27a6-512190124784,2023.0,2023.0,
2026,CAR,LB,LB,48.0,ACT,Thomas Incoom,Thomas,Incoom,1999-02-01,74,265,Central Michigan; Valdosta State,00-0038791,4714157,74aef700-f320-11ed-966f-93e2182ac175,40698,17101,145694,IncoTh00,24250,11441,3.0,"https://static.www.nfl.com/image/upload/f_auto,q_auto/league/fdp1jblpdjc6l7nw8u8a",INC485869,56510,3200494e-4348-5869-a898-f9df3b757973,2023.0,2023.0,
2026,AZ,OL,OT,67.0,ACT,Demontrey Jacobs,Demontrey,Jacobs,1998-11-22,78,315,South Florida Community College; Grambling State,00-0038792,,,,,,,,,3.0,"https://static.www.nfl.com/image/upload/f_auto,q_auto/league/ykbcqfze4fmjgovzjmmi",JAC716597,56511,32004a41-4371-6597-82f3-8b10e4b40c80,2023.0,2023.0,
2026,DEN,RB,RB,,ACT,Jaleel McLaughlin,Jaleel,McLaughlin,2000-09-13,67,187,Youngstown State,00-0038794,4722893,60b4ded0-f321-11ed-ab27-e38fa04fd6c0,40696,17319,138346,McLaJa00,24311,11439,3.0,"https://static.www.nfl.com/image/upload/f_auto,q_auto/league/pw2tngyy8k8jlb1qpooo",MCL108550,56513,32004d43-4c10-8550-da05-43e7050e7c13,2023.0,2023.0,
2026,AZ,DL,DT,79.0,ACT,PJ Mustipher,Patrick,Mustipher,1998-11-10,76,320,Penn State,00-0038795,4361421,1c14b470-f322-11ed-9e8e-45557c8b4e84,40693,17175,82505,MustPJ00,24426,11436,3.0,"https://static.www.nfl.com/image/upload/f_auto,q_auto/league/z6ege6sbkke2esr7vx0u",MUS717549,56514,32004d55-5371-7549-899b-f99d88822961,2023.0,2023.0,
2026,DEN,OL,OT,63.0,ACT,Alex Palczewski,Alex,Palczewski,1999-08-03,78,315,Illinois,00-0038796,,,,,,,,,3.0,"https://static.www.nfl.com/image/upload/f_auto,q_auto/league/xxzowzlubkllg1hzn0cg",PAL125725,56515,32005041-4c12-5725-d14c-dd2fa06a64b3,2023.0,2023.0,
2026,SEA,RB,RB,27.0,ACT,Emanuel Wilson,Emanuel,Wilson,1999-05-08,70,226,Fort Valley State College,00-0038797,4887558,05266280-f323-11ed-bd27-0bcbcaae8d67,40707,17593,154173,WilsEm00,24309,11435,3.0,"https://static.www.nfl.com/image/upload/f_auto,q_auto/league/xni9gnwmhdex7h1ey3jq",WIL682260,56516,32005749-4c68-2260-5e7f-2ef51fd68bf8,2023.0,2023.0,
2026,WAS,LB,LB,55.0,ACT,Andre Carter II,Andre,Carter,2000-03-28,77,270,Army,00-0038801,4577333,de6d5cb0-e75c-11ed-9334-efa9cc2292da,,16924,102780,CartAn01,24090,11084,3.0,"https://static.www.nfl.com/image/upload/f_auto,q_auto/league/bituv2j2sivdpcqpxlbs",CAR787212,56521,32004341-5278-7212-1841-9ebe43127662,2023.0,2023.0,
2026,MIN,LB,LB,0.0,ACT,Ivan Pace Jr.,Ivan,Pace,2000-12-16,70,236,Cincinnati; Miami (Ohio),00-0038807,4430280,f5ec3c90-e760-11ed-9f3f-47cc372ca3c1,40301,16804,53587,PaceIv00,24265,11086,3.0,"https://static.www.nfl.com/image/upload/f_auto,q_auto/league/til1eiumoueha3mnindj",PAC227420,56527,32005041-4322-7420-e151-cbb8330c9baa,2023.0,2023.0,
2026,MIA,TE,TE,89.0,ACT,Ben Sims,Ben,Sims,2000-05-16,77,250,Baylor,00-0038809,4373030,cef32a80-e761-11ed-ac46-e3b4ebd723e5,40335,17012,77918,SimsBe00,24533,11082,3.0,"https://static.www.nfl.com/image/upload/f_auto,q_auto/league/ew1gt7xokysjzgksmzfq",SIM655854,56529,32005349-4d65-5854-d7e3-6273b550ed19,2023.0,2023.0,
2026,TB,LS,LS,86.0,ACT,Evan Deckers,Evan,Deckers,1999-02-23,75,252,Duke,00-0038817,,,,,,,,,3.0,"https://static.www.nfl.com/image/upload/f_auto,q_auto/league/n9x9jg2atisyohdcpbrh",DEC497404,56537,32004445-4349-7404-de13-761d2789118a,2023.0,2023.0,
2026,TB,OL,OT,72.0,ACT,Luke Haggard,Luke,Haggard,2000-01-03,79,305,Indiana,00-0038818,,,,,,,,,3.0,"https://static.www.nfl.com/image/upload/f_auto,q_auto/league/cq9lilfcoz4je17ryjlo",HAG478445,56538,32004841-4747-8445-b6b7-7ecc9482bd96,2023.0,2023.0,
2026,DET,DB,SAF,27.0,ACT,Christian Izien,Christian,Izien,2000-06-08,68,197,Rutgers,00-0038820,4372459,6ccf5140-f1c9-11ed-a984-a58c04943ad8,40681,17355,83360,IzieCh00,24655,11427,3.0,"https://static.www.nfl.com/image/upload/f_auto,q_auto/league/klbosecrlbeeqvuts8l4",IZI415291,56540,3200495a-4941-5291-53da-8fed6ea1fae6,2023.0,2023.0,
2026,HOU,DB,SAF,21.0,ACT,Kaevon Merriweather,Kaevon,Merriweather,1999-12-20,72,212,Iowa,00-0038823,4360502,c6258640-f1c6-11ed-903f-d10940de56e7,40684,17103,83257,MerrKa00,24231,11429,3.0,"https://static.www.nfl.com/image/upload/f_auto,q_auto/league/tglrg1tbq9ixnb81ala0",MER619548,56543,32004d45-5261-9548-c516-7bfed17bf102,2023.0,2023.0,
2026,NYG,WR,WR,5.0,ACT,Ryan Miller,Ryan,Miller,2000-02-20,74,221,Furman,00-0038824,4369466,edb7de00-f1b8-11ed-9bf1-7fd77a26dc1f,40676,17271,78734,MillRy01,24471,11421,3.0,"https://static.www.nfl.com/image/upload/f_auto,q_auto/league/lakkaed2btx1ndkqj2pt",MIL545030,56544,32004d49-4c54-5030-488c-44ba8957544b,2023.0,2023.0,
2026,CIN,WR,WR,82.0,ACT,Mitchell Tinsley,Mitchell,Tinsley,1999-09-15,73,205,Penn State; Western Kentucky,00-0038839,4690070,0ac39560-e760-11ed-ad1e-4d786886cff5,40313,16834,123470,TinsMi00,24342,11068,3.0,"https://static.www.nfl.com/image/upload/f_auto,q_auto/league/t4h8qtzndtvf6is6naew",TIN524900,56559,32005449-4e52-4900-5b74-358e5b5f449c,2023.0,2023.0,
2026,CAR,WR,WR,87.0,ACT,Brycen Tremayne,Brycen,Tremayne,1999-11-18,76,212,Stanford,00-0038840,4360763,2a3cbc30-e8ed-11ed-bd02-25f41a9e059e,40407,17330,84425,TremBr00,24296,11157,3.0,"https://static.www.nfl.com/image/upload/f_auto,q_auto/league/mpjkirsgrx6qavqrdum6",TRE689049,56560,32005452-4568-9049-49ad-8c34a2e1286b,2023.0,2023.0,
2026,DET,DB,DB,38.0,ACT,Nick Whiteside,Nick,Whiteside,2000-05-01,73,200,Saginaw Valley State,00-0038841,5143915,,,17617,169772,WhitNi02,,,3.0,"https://static.www.nfl.com/image/upload/f_auto,q_auto/league/j0pukchzjtdenj8mw6os",WHI650907,56561,32005748-4965-0907-e3e6-2587e017c8c9,2023.0,2023.0,
2026,NYG,LB,LB,33.0,ACT,Caleb Murphy,Caleb,Murphy,1999-12-15,75,254,Ferris State; Grand Valley,00-0038851,4911489,7debd720-e763-11ed-8199-d58dac5a4f8e,40330,17159,169634,MurpCa00,24425,11098,3.0,"https://static.www.nfl.com/image/upload/f_auto,q_auto/league/qenmdl6vsivdtjpj9mvk",MUR186262,56571,32004d55-5218-6262-c4e2-7739045c2a95,2023.0,2023.0,
2026,PHI,OL,OT,67.0,ACT,John Ojukwu,John,Ojukwu,1999-01-09,77,309,Boise State,00-0038852,,,,,,,,,3.0,"https://static.www.nfl.com/image/upload/f_auto,q_auto/league/bboicl6b5fakzgphkplg",OJU207645,56572,32004f4a-5520-7645-8291-d4dfd631d061,2023.0,2023.0,
2026,NE,LB,LB,54.0,ACT,Otis Reese,Otis,Reese,1998-07-02,75,214,Mississippi,00-0038853,4379411,2bc33c10-f328-11ed-a97e-839e2e845bee,40708,17576,83219,ReesOt00,24857,11454,3.0,"https://static.www.nfl.com/image/upload/f_auto,q_auto/league/mif8jzstvkmzvcxnz69m",REE677196,56573,32005245-4567-7196-9bf0-e87730d5ac03,2023.0,2023.0,
2026,SF,DL,DE,50.0,ACT,Andrew Farmer,Andrew,Farmer,2000-04-19,76,250,Lane College,00-0038865,4394894,326b52a0-e78e-11ed-bccd-1717a8013adf,,17309,106311,FarmAn00,24516,11122,3.0,"https://static.www.nfl.com/image/upload/f_auto,q_auto/league/yhtbla5k72ipuqg7kfne",FAR213936,56585,32004641-5221-3936-cbc9-78585718cd00,2023.0,2023.0,
2026,SEA,DB,SAF,30.0,ACT,AJ Finley,Allister,Finley,2001-09-14,74,202,Mississippi,00-0038866,4427190,08ca7920-e78f-11ed-81d0-c919bd0add9b,40356,16993,98887,FinlAJ00,24525,11121,3.0,"https://static.www.nfl.com/image/upload/f_auto,q_auto/league/zc71zmnbxjzpnaunxawc",FIN364399,56586,32004649-4e36-4399-d7ba-a2594296a7de,2023.0,2023.0,
2026,PIT,DB,DB,38.0,ACT,D'Shawn Jamison,D'Shawn,Jamison,1999-06-04,70,186,Texas,00-0038877,4362082,0cebc0e0-e8f2-11ed-9f33-c9e34717cc92,40404,17356,76791,JamiDS00,24645,11173,3.0,"https://static.www.nfl.com/image/upload/f_auto,q_auto/league/tpz66swcddlot6x1lcfz",JAM783508,56598,32004a41-4d78-3508-8d9e-03f4f491b63c,2023.0,2023.0,
2026,CIN,LB,LB,50.0,ACT,Shaka Heyward,Shaka,Heyward,2000-04-19,75,238,Duke,00-0038890,4360413,770482a0-eac3-11ed-b0fb-af4f3941e6b7,,17171,77120,HeywSh00,24412,11251,3.0,"https://static.www.nfl.com/image/upload/f_auto,q_auto/league/iyfys24q8kfywfgipkni",HEY277986,56612,32004845-5927-7986-59f2-11ab553226ec,2023.0,2023.0,
2026,LV,WR,WR,4.0,ACT,Shedrick Jackson,Shedrick,Jackson,1999-10-20,73,198,Auburn,00-0038891,4361332,4ee53be0-eacb-11ed-bff4-2305d99deffc,40491,17334,84136,JackSh01,24749,11257,3.0,"https://static.www.nfl.com/image/upload/f_auto,q_auto/league/el1geev5wxc1cqbbrou7",JAC546306,56613,32004a41-4354-6306-8050-3e2b570ce76e,2023.0,2023.0,
2026,DET,RB,RB,25.0,ACT,Jacob Saylors,Jacob,Saylors,2000-03-08,71,195,East Tennessee State,00-0038896,4383429,99a7f770-ea18-11ed-a93b-a93886fe0bfd,,17584,87559,SaylJa00,24312,11237,3.0,"https://static.www.nfl.com/image/upload/f_auto,q_auto/league/ka2sa8lwtxlij52jimtu",SAY679943,56618,32005341-5967-9943-56d0-4f2d2d5d3eca,2023.0,2023.0,
2026,DET,WR,WR,15.0,ACT,Malik Cunningham,Micale,Cunningham,1998-10-06,73,198,Louisville,00-0038911,4240069,2bf2f410-e6f2-11ed-abca-c7a3a205e21d,40290,16691,60436,CunnMa00,24279,10860,3.0,"https://static.www.nfl.com/image/upload/f_auto,q_auto/league/pspxhbxgnqanfsrcf7ux",CUN537512,56633,32004355-4e53-7512-721a-d930b2a6e58f,2023.0,2023.0,
2026,SEA,LB,LB,32.0,ACT,Drake Thomas,Drake,Thomas,2000-02-25,71,228,N.C. State,00-0038922,4428659,55023e20-f335-11ed-a768-e94cb2c005ac,40730,17304,97525,ThomDr00,24224,11470,3.0,"https://static.www.nfl.com/image/upload/f_auto,q_auto/league/egqpcx91rp0iadqqxu2v",THO119345,56644,32005448-4f11-9345-b166-f87d106ff4bb,2023.0,2023.0,
2026,LV,OL,OT,78.0,ACT,Dalton Wagner,Dalton,Wagner,1998-10-05,80,318,Arkansas,00-0038923,,,,,,,,,3.0,"https://static.www.nfl.com/image/upload/f_auto,q_auto/league/po1l6ufoljeuaaodsbvz",WAG299930,56645,32005741-4729-9930-f1c0-9646730f5661,2023.0,2023.0,
2026,MIA,RB,RB,,ACT,Carlos Washington,Carlos,Washington,1998-12-26,71,210,Southeastern Louisiana,00-0038930,4248425,43670880-e8f9-11ed-a4c3-31452e24a6c7,40420,17465,63268,WashCa00,24304,11186,3.0,"https://static.www.nfl.com/image/upload/f_auto,q_auto/league/aix958ky1les5lj9uffs",WAS074238,56653,32005741-5307-4238-451f-336b60d6b017,2023.0,2023.0,
2026,CHI,OL,OT,58.0,ACT,Darnell Wright,Darnell,Wright,2001-08-10,77,325,Tennessee,00-0038932,,,,,,,,,3.0,"https://static.www.nfl.com/image/upload/f_auto,q_auto/league/ihow3o7fo62p8abdqgn3",WRI153639,55874,32005752-4915-3639-216c-bcc7afd9f5d5,2023.0,2023.0,CHI
2026,BUF,TE,TE,86.0,ACT,Dalton Kincaid,Dalton,Kincaid,1999-10-18,75,246,Utah; Univ of California-San Diego,00-0038933,4385690,b961fa15-0676-4948-b95f-56d06319d40e,40048,16697,91791,KincDa00,24102,10236,3.0,"https://static.www.nfl.com/image/upload/f_auto,q_auto/league/zwkeaiecuyafkidllebz",KIN069130,55889,32004b49-4e06-9130-e563-7edd228031c8,2023.0,2023.0,BUF
2026,JAX,OL,OT,77.0,ACT,Anton Harrison,Anton,Harrison,2002-02-02,77,315,Oklahoma,00-0038934,,,,,,,,,3.0,"https://static.www.nfl.com/image/upload/f_auto,q_auto/league/zgvchtxhtni7sablqnu9",HAR575324,55891,32004841-5257-5324-7acd-121b32d76e46,2023.0,2023.0,JAX
2026,JAX,TE,TE,85.0,ACT,Brenton Strange,Brenton,Strange,2000-12-27,76,253,Penn State,00-0038935,4430539,94f135f7-9d54-4cbd-b560-fcaf83d414b0,40078,17017,101694,StraBr00,24223,9480,3.0,"https://static.www.nfl.com/image/upload/f_auto,q_auto/league/yabpcvadjlrkxzducv7k",STR188631,55926,32005354-5218-8631-c965-3e23bcc23565,2023.0,2023.0,JAX
2026,DET,OL,C,70.0,ACT,Juice Scruggs,Frederick,Scruggs,2000-01-19,75,310,Penn State,00-0038936,,,,,,,,,3.0,"https://static.www.nfl.com/image/upload/f_auto,q_auto/league/k4ptrnct4nayobia4qcw",SCR673400,55927,32005343-5267-3400-4cb9-0ed0b61b2e6f,2023.0,2023.0,HOU
2026,NYG,DL,DT,,ACT,Zacch Pickens,Zaccheus,Pickens,2000-03-06,76,300,South Carolina,00-0038937,4426332,87895e2c-f210-497d-956a-cb5aac9fd8b5,40111,16703,98911,PickZa00,24082,10924,3.0,"https://static.www.nfl.com/image/upload/f_auto,q_auto/league/gd66kzu0v4hgipt6lppc",PIC705993,55929,32005049-4370-5993-8fbe-6294065cc4d2,2023.0,2023.0,CHI
2026,NYG,WR,WR,13.0,ACT,Jalin Hyatt,Jalin,Hyatt,2001-09-25,72,185,Tennessee,00-0038938,4692590,e5f9d339-a89f-4e47-9a84-b89f14550c05,40128,16714,124282,HyatJa00,24125,9497,3.0,"https://static.www.nfl.com/image/upload/f_auto,q_auto/league/bzyn9cpmwfqjtztwblmy",HYA420916,55938,32004859-4142-0916-68d0-ff3c547de346,2023.0,2023.0,NYG
2026,DET,DL,DE,93.0,ACT,Tyler Lacy,Tyler,Lacy,1999-11-10,76,285,Oklahoma State,00-0038940,4361861,e21d11de-78f9-47a9-b69a-ae18207ab2c7,40161,16968,76836,LacyTy00,24274,10941,3.0,"https://static.www.nfl.com/image/upload/f_auto,q_auto/league/t11eflx8jvobxmnssg22",LAC735924,55995,32004c41-4373-5924-5235-33d4f397e955,2023.0,2023.0,JAX
2026,LA,WR,WR,86.0,ACT,Tyler Scott,Tyler,Scott,2001-10-12,71,185,Cincinnati,00-0038941,4565908,6833ad69-9f24-4780-989c-83bdb090ec5e,40141,16713,123578,ScotTy00,24220,9490,3.0,"https://static.www.nfl.com/image/upload/f_auto,q_auto/league/k6g5zzfxtkvu21okobss",SCO719390,55998,32005343-4f71-9390-286c-9940bb34941f,2023.0,2023.0,CHI
2026,TB,RB,RB,44.0,ACT,Sean Tucker,Sean,Tucker,2001-10-25,70,205,Syracuse,00-0038951,4430871,6d616c10-f35e-11ed-b721-9b68b08a2e09,40742,16728,123056,TuckSe00,24194,9506,3.0,"https://static.www.nfl.com/image/upload/f_auto,q_auto/league/zyzp7e2gos47ebzur9gi",TUC299932,56663,32005455-4329-9932-5316-9ae83817e6e1,2023.0,2023.0,
2026,ATL,WR,WR,80.0,ACT,Dylan Drummond,Dylan,Drummond,2000-01-17,72,190,Eastern Michigan,00-0038953,4363551,e34c6990-f35c-11ed-ac5f-715e78829103,40737,17626,78187,DrumDy00,24875,11474,3.0,"https://static.www.nfl.com/image/upload/f_auto,q_auto/league/up6bfwtgftqcvlfshtmt",DRU358601,56665,32004452-5535-8601-b24c-4fcb0891ac83,2023.0,2023.0,
2026,ATL,DB,DB,35.0,ACT,Natrone Brooks,Natrone,Brooks,1999-12-17,71,176,Southern Mississippi,00-0038966,4689989,5068d7b0-f368-11ed-b622-936c98a846ff,,17623,121449,BrooNa01,24871,11481,3.0,"https://static.www.nfl.com/image/upload/f_auto,q_auto/league/oyyrzk7ofcuyu7bdxshe",BRO157573,56690,32004252-4f15-7573-64b7-599037cee820,2023.0,2023.0,
2026,DEN,WR,WR,19.0,ACT,Marvin Mims Jr.,Marvin,Mims,2002-03-19,71,182,Oklahoma,00-0038976,4686472,fcd780e6-6d43-4c2e-b740-59ae09911345,40090,16849,122937,MimsMa00,23165,9494,3.0,"https://static.www.nfl.com/image/upload/f_auto,q_auto/league/zbdjtph5xplbf4yocz0l",MIM654774,55928,32004d49-4d65-4774-4051-580758dd257c,2023.0,2023.0,DEN
2026,HOU,WR,WR,1.0,ACT,Tank Dell,Nathaniel,Dell,1999-10-29,70,165,Houston; Independence Comm. College; Alabama A&M,00-0038977,4366031,25e7b423-f716-4d1a-9623-cee3e7d822ab,40097,16935,78874,DellNa00,24176,9502,3.0,"https://static.www.nfl.com/image/upload/f_auto,q_auto/league/ykyiamjbjkjklnnttisw",DEL440817,55934,32004445-4c44-0817-a646-b67c3fe533fb,2023.0,2023.0,HOU
2026,PHI,DL,DT,94.0,ACT,Byron Young,Byron,Young,2000-11-10,75,292,Alabama,00-0038978,4567123,d606b6ee-de91-44cb-aebf-87f81daa14d2,40125,17123,98923,YounBy00,24248,10925,3.0,"https://static.www.nfl.com/image/upload/f_auto,q_auto/league/zkjuhizs7now7kfwp9s3",YOU126665,55935,3200594f-5512-6665-2db8-5dfb5c289094,2023.0,2023.0,LV
2026,CLE,WR,WR,19.0,ACT,Cedric Tillman,Cedric,Tillman,2000-04-19,75,215,Tennessee,00-0038979,4369863,148330d9-5182-4b58-b695-8067aaba4731,40093,16706,84434,TillCe01,24348,10444,3.0,"https://static.www.nfl.com/image/upload/f_auto,q_auto/league/a4mcdjjl1pkxr3etechx",TIL377067,55939,32005449-4c37-7067-218b-007e17161edd,2023.0,2023.0,CLE
2026,ATL,DL,DE,96.0,ACT,Zach Harrison,Zach,Harrison,2001-08-14,77,270,Ohio State,00-0038980,4426412,9d1624c5-958f-42ec-965d-f6dbb85e0401,40115,17197,98503,HarrZa00,23262,10934,3.0,"https://static.www.nfl.com/image/upload/f_auto,q_auto/league/ufhdwcktmkeamlzdcuvg",HAR647601,55940,32004841-5264-7601-2cfe-d334c90e441f,2023.0,2023.0,ATL
2026,KC,OL,OT,64.0,ACT,Wanya Morris,Wanya,Morris,2000-10-10,78,307,Oklahoma; Tennessee,00-0038981,,,,,,,,,3.0,"https://static.www.nfl.com/image/upload/f_auto,q_auto/league/snaxi8ken7hkapokvwfr",MOR552993,55957,32004d4f-5255-2993-1877-6a7e9fa606f3,2023.0,2023.0,KC
2026,KC,DB,DB,27.0,ACT,Chamarri Conner,Chamarri,Conner,2000-07-11,72,202,Virginia Tech,00-0038982,4361964,cc4627f1-1af2-4a3d-aa78-c5f905a8a43d,,16671,76662,ConnCh01,24241,10949,3.0,"https://static.www.nfl.com/image/upload/f_auto,q_auto/league/fzzbwoogfbowestdz7gz",CON433448,55984,3200434f-4e43-3448-2edc-e18787ceb0c4,2023.0,2023.0,KC
2026,AZ,DB,CB,13.0,ACT,Kei'Trel Clark,Kei'Trel,Clark,2001-03-19,70,181,Louisville,00-0038984,4426923,a7140ce9-4841-4f7f-9bda-5dcd75899eec,40229,16695,104163,ClarKe02,24189,11014,3.0,"https://static.www.nfl.com/image/upload/f_auto,q_auto/league/mcmz4ef4fvvoqapbf8rf",CLA395333,56045,3200434c-4139-5333-4a18-780ebdf70394,2023.0,2023.0,ARI
2026,NYG,DB,CB,31.0,ACT,Nic Jones,Nic,Jones,2001-10-15,72,189,Ball State,00-0038986,4427636,fd133ca5-a014-4f5d-9e2f-14882da45cc2,,17345,97327,JoneNi00,24498,11029,3.0,"https://static.www.nfl.com/image/upload/f_auto,q_auto/league/y6vbjn7oqj8j5zm94cwx",JON636725,56115,32004a4f-4e63-6725-c7e7-205da89b1116,2023.0,2023.0,KC
2026,MIN,WR,WR,3.0,ACT,Jordan Addison,Jordan,Addison,2002-01-27,71,179,USC; Pittsburgh,00-0038994,4429205,63fdd64e-1a23-4b77-9536-b1609f3a708c,40042,16895,123000,AddiJo00,23162,9756,3.0,"https://static.www.nfl.com/image/upload/f_auto,q_auto/league/s2ey8g5memyqvxc52uzy",ADD491056,55887,32004144-4449-1056-9ba9-b09766bad478,2023.0,2023.0,MIN
2026,NO,DL,DT,90.0,ACT,Bryan Bresee,Bryan,Bresee,2001-10-06,77,305,Clemson,00-0038995,4428988,98884f9f-5117-476a-a20a-809b38714e6d,40045,17173,122142,BresBr00,24144,10874,3.0,"https://static.www.nfl.com/image/upload/f_auto,q_auto/league/ggluxdivvc7bhfhpfrsl",BRE510679,55893,32004252-4551-0679-d769-a1a0d80e7931,2023.0,2023.0,NO
2026,GB,TE,TE,85.0,ACT,Tucker Kraft,Tucker,Kraft,2000-11-03,77,259,South Dakota State,00-0038996,4572680,3a084c5f-6b9f-4703-a0c7-1566bc4b1129,40102,16649,104034,KrafTu00,24118,9484,3.0,"https://static.www.nfl.com/image/upload/f_auto,q_auto/league/yr6nj1zqaqg6nbdnxu3q",KRA144054,55943,32004b52-4114-4054-e146-c099ad4f2842,2023.0,2023.0,GB
2026,IND,WR,WR,2.0,ACT,Josh Downs,Josh,Downs,2001-08-12,69,171,North Carolina,00-0038997,4688813,dd227f4a-0785-482d-a28b-f231c7f3b73f,40126,16689,122832,DownJo00,24145,9500,3.0,"https://static.www.nfl.com/image/upload/f_auto,q_auto/league/gqozitn9vxnp8acz6wwg",DOW686145,55944,3200444f-5768-6145-dd60-3fbae406310a,2023.0,2023.0,IND
2026,NYG,DB,CB,2.0,ACT,Deonte Banks,Deonte,Banks,2001-04-03,74,200,Maryland,00-0039000,42873,e905a38b-bf94-4d46-b9e3-a7b534258a20,40053,16727,101384,BankDe00,24183,10878,3.0,"https://static.www.nfl.com/image/upload/f_auto,q_auto/league/disrzmax4qwvr20oheiw",BAN462444,55888,32004241-4e46-2444-9957-08e48a0cf8b6,2023.0,2023.0,NYG
2026,PHI,OL,OT,56.0,ACT,Tyler Steen,Tyler,Steen,2000-06-24,78,321,Alabama; Vanderbilt,00-0039001,,,,,,,,,3.0,"https://static.www.nfl.com/image/upload/f_auto,q_auto/league/vql0qqvuq0eqkaolcqep",STE097919,55930,32005354-4509-7919-ee71-a091da3c2fad,2023.0,2023.0,PHI
2026,ATL,DB,SAF,29.0,ACT,Sydney Brown,Sydney,Brown,2000-03-21,70,211,Illinois,00-0039002,4360386,c9da2c23-478b-48a8-8a98-408caf3f0d16,40123,16770,83241,BrowSy00,24230,10919,3.0,"https://static.www.nfl.com/image/upload/f_auto,q_auto/league/r3cwxtqft79kjy5nvpjm",BRO695003,55931,32004252-4f69-5003-e72b-502ae9aa1558,2023.0,2023.0,PHI
2026,DEN,LB,LB,41.0,ACT,Drew Sanders,Drew,Sanders,2000-12-31,77,234,Arkansas; Alabama,00-0039003,4685721,779fd90f-ae23-4f6e-80f2-49052e7ca6aa,40109,17151,123933,SandDr00,24219,10929,3.0,"https://static.www.nfl.com/image/upload/f_auto,q_auto/league/pwssntxbrgoe7n4x9b9a",SAN290589,55932,32005341-4e29-0589-5c62-ee6a75833b2f,2023.0,2023.0,DEN
2026,MIA,OL,OT,77.0,ACT,Carter Warren,Carter,Warren,1999-01-19,77,311,Pittsburgh,00-0039004,,,,,,,,,3.0,"https://static.www.nfl.com/image/upload/f_auto,q_auto/league/tatbe1k9y37qwi63q3yp",WAR580333,55985,32005741-5258-0333-38bb-413be1b8a9fd,2023.0,2023.0,NYJ
2026,KC,DL,DE,91.0,ACT,Felix Anudike-Uzomah,Felix,Anudike-Uzomah,2002-01-24,76,255,Kansas State,00-0039006,4612387,0f9883f3-bff3-4247-8e90-7df2066070c6,40034,16885,122582,AnudFe00,24109,10872,3.0,"https://static.www.nfl.com/image/upload/f_auto,q_auto/league/mvdexbrnafjhz7ld7oct",ANU415291,55895,3200414e-5541-5291-dc35-8fecbffa9ee6,2023.0,2023.0,KC
2026,AZ,DB,CB,21.0,ACT,Garrett Williams,Garrett,Williams,2001-06-01,70,192,Syracuse,00-0039007,4568506,e2fdfaf7-d2c4-4482-9ac2-f8fe43c49130,40127,16723,99723,WillGa00,24110,10932,3.0,"https://static.www.nfl.com/image/upload/f_auto,q_auto/league/xlczxxctbgim3ynwtsw4",WIL292135,55937,32005749-4c29-2135-4337-7403b68fd2b1,2023.0,2023.0,ARI
2026,HOU,DL,DE,92.0,ACT,Dylan Horton,Dylan,Horton,2000-08-21,76,275,TCU,00-0039009,4374066,98002b7f-d453-4585-893c-ea52296bbc56,40151,16955,81335,HortDy00,24280,10958,3.0,"https://static.www.nfl.com/image/upload/f_auto,q_auto/league/ocqc1uhsjinyou8klloj",HOR555159,55974,3200484f-5255-5159-2676-1def569b8a93,2023.0,2023.0,HOU
2026,PHI,LB,LB,3.0,ACT,Nolan Smith,Nolan,Smith,2001-01-18,74,238,Georgia,00-0039013,4426331,e9194ad2-d400-4dfe-9f4f-8b984537df60,40054,17176,99014,SmitNo02,23261,10873,3.0,"https://static.www.nfl.com/image/upload/f_auto,q_auto/league/mutic3dzmrlfruwqlgcb",SMI536848,55894,3200534d-4953-6848-fd4d-2f73557d06ca,2023.0,2023.0,PHI
2026,CLE,OL,OT,79.0,ACT,Dawand Jones,Dawand,Jones,2001-08-06,80,375,Ohio State,00-0039014,,,,,,,,,3.0,"https://static.www.nfl.com/image/upload/f_auto,q_auto/league/tm5zyhltmnhwcqkutc2u",JON232777,55976,32004a4f-4e23-2777-93b6-b85cf0fe618b,2023.0,2023.0,CLE
2026,DET,LB,LB,46.0,ACT,Jack Campbell,Jack,Campbell,2000-08-22,77,246,Iowa,00-0039018,4569465,1f7ce27f-61ef-47e5-bd48-eac4b1c0228f,40036,17152,101515,CampJa04,24113,10880,3.0,"https://static.www.nfl.com/image/upload/f_auto,q_auto/league/mmmtiej4dp5nt7giycwy",CAM364731,55882,32004341-4d36-4731-433d-b35acfc680bc,2023.0,2023.0,DET
2026,NYG,OL,C,61.0,ACT,John Michael Schmitz,John,Schmitz,1999-04-19,76,320,Minnesota,00-0039019,,,,,,,,,3.0,"https://static.www.nfl.com/image/private/f_auto,q_auto/league/viajsunbxleejrou46vu",SCH367249,55922,32005343-4836-7249-e8ba-7c4c69915992,2023.0,2023.0,NYG
2026,SEA,OL,G,75.0,ACT,Anthony Bradford,Anthony,Bradford,2001-04-28,76,335,LSU,00-0039020,,,,,,,,,3.0,"https://static.www.nfl.com/image/upload/f_auto,q_auto/league/yooqcfbbgozkkkcuhhva",BRA094410,55973,32004252-4109-4410-68c8-affa4c115558,2023.0,2023.0,SEA
2026,CHI,RB,RB,23.0,ACT,Roschon Johnson,Roschon,Johnson,2001-01-31,72,227,Texas,00-0039021,4426386,e3c414c0-be8c-4807-af9c-f91d89c83e60,40162,16772,99467,JohnRo07,24372,10235,3.0,"https://static.www.nfl.com/image/upload/f_auto,q_auto/league/gxzw5kntjivjixre9whh",JOH652931,55980,32004a4f-4865-2931-d4f5-6e3ddf27f82a,2023.0,2023.0,CHI
2026,TEN,TE,TE,83.0,ACT,Joel Wilson,Joel,Wilson,2000-06-21,76,245,Central Michigan,00-0039023,,,,,,,,,3.0,"https://static.www.nfl.com/image/upload/f_auto,q_auto/league/feksqyxw1ihqcto45plk",WIL727176,56733,32005749-4c72-7176-f32b-af66bc7c73be,2023.0,2023.0,
2026,HOU,OL,C,60.0,ACT,Jake Andrews,Jacob,Andrews,1999-11-11,75,308,Troy,00-0039030,,,,,,,,,3.0,"https://static.www.nfl.com/image/upload/f_auto,q_auto/league/r4e0hfluqiwofsnqr2gm",AND663449,55972,3200414e-4466-3449-b06b-e5ec1c250418,2023.0,2023.0,NE
2026,IND,DL,DT,95.0,ACT,Adetomiwa Adebawore,Adetomiwa,Adebawore,2001-03-04,74,282,Northwestern,00-0039031,4427635,6ca4cb4d-c6ea-4a5e-875e-c32922c2fbe5,40143,16731,97934,AdebAd00,24258,10957,3.0,"https://static.www.nfl.com/image/upload/f_auto,q_auto/league/of8dhgchuzh584ipm4ut",ADE021468,55975,32004144-4502-1468-3d33-a0f9da804e5c,2023.0,2023.0,IND
2026,TEN,RB,RB,2.0,ACT,Tyjae Spears,Tyjae,Spears,2001-06-15,71,195,Tulane,00-0039032,4428557,af71f149-7758-40b7-973a-9fe6320cf4f5,40119,16941,97195,SpeaTy00,24123,9508,3.0,"https://static.www.nfl.com/image/upload/f_auto,q_auto/league/fc7vhbtw80einad9hsfu",SPE113961,55946,32005350-4511-3961-6914-5e32243e62c5,2023.0,2023.0,TEN
2026,TEN,OL,OT,77.0,ACT,Peter Skoronski,Peter,Skoronski,2001-07-31,76,313,Northwestern,00-0039034,,,,,,,,,3.0,"https://static.www.nfl.com/image/upload/f_auto,q_auto/league/c4arvhcrnxg0y3vkzgp7",SKO467199,55875,3200534b-4f46-7199-f435-c28e7b2fe41f,2023.0,2023.0,TEN
2026,MIA,RB,RB,28.0,ACT,De'Von Achane,De'Von,Achane,2001-10-13,69,191,Texas A&M,00-0039040,4429160,a4ef921b-8767-4b4f-a651-7675c00f9af0,40118,16661,124305,AchaDe00,24179,9226,3.0,"https://static.www.nfl.com/image/upload/f_auto,q_auto/league/xk1xwio0bryfxo1ylweu",ACH103822,55949,32004143-4810-3822-6a71-b10965e0a57a,2023.0,2023.0,MIA
2026,AZ,TE,TE,84.0,ACT,Elijah Higgins,Elijah,Higgins,2000-10-27,75,245,Stanford,00-0039041,4426844,a01b7698-d67f-4b60-b2fb-4c667336b718,40226,16959,98027,HiggEl00,24449,10231,3.0,"https://static.www.nfl.com/image/upload/f_auto,q_auto/league/yjvdxmqromyt64w89bhq",HIG138430,56062,32004849-4713-8430-181a-e629ca4da181,2023.0,2023.0,MIA
2026,TEN,OL,OT,72.0,ACT,Ryan Hayes,Ryan,Hayes,2000-02-28,78,303,Michigan,00-0039042,,,,,,,,,3.0,"https://static.www.nfl.com/image/upload/f_auto,q_auto/league/sr2hlmb4brxxem6ncu0z",HAY425163,56103,32004841-5942-5163-913c-79c056f10685,2023.0,2023.0,MIA
2026,SEA,LB,LB,58.0,ACT,Derick Hall,Derick,Hall,2001-03-19,75,260,Auburn,00-0039047,4567226,57b847dd-7af4-4d16-b934-641ab9b5911b,40070,16923,98130,HallDe04,24249,10911,3.0,"https://static.www.nfl.com/image/upload/f_auto,q_auto/league/gbzmlna8fujliinb6g33",HAL274589,55902,32004841-4c27-4589-50da-dbb78b921d81,2023.0,2023.0,SEA
2026,ATL,OL,OL,65.0,ACT,Matthew Bergeron,Matthew,Bergeron,2000-02-26,77,315,Syracuse,00-0039048,,,,,,,,,3.0,"https://static.www.nfl.com/image/upload/f_auto,q_auto/league/lyfj3zqtupagc1yrcdr7",BER100937,55903,32004245-5210-0937-e984-90feb04718cc,2023.0,2023.0,ATL
2026,TB,LB,LB,8.0,ACT,SirVocea Dennis,SirVocea,Dennis,2000-03-09,72,230,Pittsburgh,00-0039049,4429511,c5a8f0e1-b5ff-4018-b4da-3676ac12207e,40194,16737,99767,DennSi00,24268,10980,3.0,"https://static.www.nfl.com/image/upload/f_auto,q_auto/league/gdi13xin0t60pyxsmjc6",DEN402506,56018,32004445-4e40-2506-bf9a-7ab7dce4da04,2023.0,2023.0,TB
2026,TB,TE,TE,87.0,ACT,Payne Durham,William,Durham,2000-06-15,77,255,Purdue,00-0039050,4372505,c4a8b4c9-5db8-4187-852b-9557bef8724e,40193,16720,84037,DurhPa00,24151,10227,3.0,"https://static.www.nfl.com/image/upload/f_auto,q_auto/league/ijjyd8bvvkjttepqv82u",DUR344537,56036,32004455-5234-4537-ada8-3aff70e4440c,2023.0,2023.0,TB
2026,TB,DB,DB,32.0,ACT,Josh Hayes,Josh,Hayes,1999-04-24,72,190,Kansas State; Virginia; North Dakota State,00-0039051,4248533,95242131-623b-41d0-8898-9d6f71da56f7,,17409,66798,HayeJo01,24480,10999,3.0,"https://static.www.nfl.com/image/upload/f_auto,q_auto/league/yikjuckgb86cwgym5tf4",HAY248997,56046,32004841-5924-8997-25df-72c0bfa2cc7c,2023.0,2023.0,TB
2026,NO,WR,WR,10.0,ACT,Trey Palmer,Trey,Palmer,2001-04-02,73,190,Nebraska; LSU,00-0039052,4426407,9a011241-f4b3-403a-af70-c9cdfd177054,40223,16936,99248,PalmTr00,24217,9492,3.0,"https://static.www.nfl.com/image/upload/f_auto,q_auto/league/ptc6qdhbltadeencvb9r",PAL683280,56056,32005041-4c68-3280-9744-beeaa584121e,2023.0,2023.0,TB
2026,PHI,LB,LB,43.0,ACT,Jose Ramirez,Jose,Ramirez,1999-05-09,74,252,Eastern Michigan,00-0039053,4569068,7b582d77-4357-48db-973c-3b92e57272cb,40215,17160,56323,RamiJo00,24434,10998,3.0,"https://static.www.nfl.com/image/upload/f_auto,q_auto/league/xoxzpyp9m8irwfmkrxme",RAM057102,56061,32005241-4d05-7102-fab5-8bc5fe1d71a1,2023.0,2023.0,TB
2026,HOU,LB,LB,14.0,ACT,Marte Mapu,Marte,Mapu,1999-11-08,75,230,Sacramento State,00-0039054,4248899,5c55344a-6192-4def-9860-ffd5a571fe68,40105,16947,56159,MapuMa00,24453,10926,3.0,"https://static.www.nfl.com/image/upload/f_auto,q_auto/league/yowcsdwn6r2bh5q2fpa0",MAP775385,55941,32004d41-5077-5385-a977-698119e94108,2023.0,2023.0,NE
2026,LA,OL,G,73.0,ACT,Steve Avila,Steve,Avila,1999-10-16,75,332,TCU,00-0039058,,,,,,,,,3.0,"https://static.www.nfl.com/image/upload/f_auto,q_auto/league/k8py6unecntq8dio0wrz",AVI381004,55901,32004156-4938-1004-f099-2e0d50c5f73d,2023.0,2023.0,LA
2026,LA,P,P,42.0,ACT,Ethan Evans,Ethan,Evans,2001-07-19,75,253,Wingate,00-0039059,5125875,9658e019-e021-42a0-8285-b5aea6e48090,,17134,112090,EvanEt00,24491,11051,3.0,"https://static.www.nfl.com/image/upload/f_auto,q_auto/league/xqev6nqi3dzbwf6q5xkg",EVA187184,56088,32004556-4118-7184-c7e7-f4359b1fb8d6,2023.0,2023.0,LA
2026,LA,DL,DE,94.0,ACT,Desjuan Johnson,Desjuan,Johnson,1999-09-02,75,278,Toledo,00-0039061,4362294,a344e6d1-86a1-4ec6-b734-7a0a0f706206,40270,17279,76850,JohnDe08,24455,11021,3.0,"https://static.www.nfl.com/image/upload/f_auto,q_auto/league/daqugeefmqpj99qzpjmh",JOH202189,56124,32004a4f-4820-2189-6e26-1076b497c1d2,2023.0,2023.0,LA
2026,DAL,WR,WR,81.0,ACT,Jonathan Mingo,Jonathan,Mingo,2001-04-20,74,220,Mississippi,00-0039062,4426485,6cf0c82d-87e4-4cfc-8475-77667ed92796,40073,16937,97774,MingJo00,23161,10225,3.0,"https://static.www.nfl.com/image/upload/f_auto,q_auto/league/adaubthdtcqe2ez7dw9w",MIN170999,55904,32004d49-4e17-0999-c137-d684c1d1ab38,2023.0,2023.0,CAR
2026,TB,DL,DT,94.0,ACT,Calijah Kancey,Calijah,Kancey,2001-03-01,72,280,Pittsburgh,00-0039063,4427673,cabe57e5-4675-40cf-9090-58c63f823e70,40049,16768,99822,KancCa00,24209,10879,3.0,"https://static.www.nfl.com/image/upload/f_auto,q_auto/league/idizvzmzmmdkc4dprb0g",KAN046143,55883,32004b41-4e04-6143-5a2e-df476a2bfc64,2023.0,2023.0,TB
2026,BAL,WR,WR,4.0,ACT,Zay Flowers,Xavien,Flowers,2000-09-11,69,183,Boston College,00-0039064,4429615,2b6d74b7-10fb-4f17-99c8-9bb557fb475b,40039,16919,97268,FlowZa00,23120,9997,3.0,"https://static.www.nfl.com/image/upload/f_auto,q_auto/league/sqqh8gmxdpo55qwpsszj",FLO577002,55886,3200464c-4f57-7002-1160-832e9618f0fd,2023.0,2023.0,BAL
2026,DET,TE,TE,87.0,ACT,Sam LaPorta,Sam,LaPorta,2001-01-12,75,245,Iowa,00-0039065,4430027,3059f1e5-1871-4458-9e90-9b9917874c61,40064,17033,101690,LaPoSa01,23141,10859,3.0,"https://static.www.nfl.com/image/upload/f_auto,q_auto/league/qfcy3taaoage00rrl0cc",LAP640235,55899,32004c41-5064-0235-3970-b5e5514839fc,2023.0,2023.0,DET
2026,LV,TE,TE,87.0,ACT,Michael Mayer,Michael,Mayer,2001-07-06,76,256,Notre Dame,00-0039066,4429086,31f4645a-7ccb-4633-8580-2fca361beb4f,40065,16666,122906,MayeMi00,23140,9482,3.0,"https://static.www.nfl.com/image/upload/f_auto,q_auto/league/crb4nzumiww6ftxcyiqm",MAY330676,55900,32004d41-5933-0676-2b57-0928ab0ea95b,2023.0,2023.0,LV
2026,KC,WR,WR,4.0,ACT,Rashee Rice,Rashee,Rice,2000-04-22,73,203,SMU,00-0039067,4428331,cbd73c09-da07-48b0-a0d6-f248dfa631b6,40084,16963,97605,RiceRa01,24120,10229,3.0,"https://static.www.nfl.com/image/upload/f_auto,q_auto/league/iy0uidp9wokc6a7u8lwq",RIC152916,55920,32005249-4315-2916-ce74-9a69e469f940,2023.0,2023.0,KC
2026,TB,LB,LB,0.0,ACT,Yaya Diaby,Yaya,Diaby,1999-05-30,75,270,Louisville,00-0039068,4686334,62a727ba-8ffd-40bd-bad7-f49bf6a2edf7,40107,17098,122705,DiabYa00,24277,10921,3.0,"https://static.www.nfl.com/image/upload/f_auto,q_auto/league/wccyapm2qdoidjmfveos",DIA051911,55947,32004449-4105-1911-562c-7d76f4e49b99,2023.0,2023.0,TB
2026,CHI,DL,DT,99.0,ACT,Gervon Dexter Sr.,Gervon,Dexter,2000-10-05,78,326,Florida,00-0039070,4429014,fd3922bc-d7bf-4f2e-9255-d297a86b43d5,40091,17174,124374,DextGe00,24111,10899,3.0,"https://static.www.nfl.com/image/private/f_auto,q_auto/league/vj6m4qixxhqmufrr5ilo",DEX634187,55918,32004445-5863-4187-6630-33b3a986f697,2023.0,2023.0,CHI
2026,CHI,DB,CB,29.0,ACT,Tyrique Stevenson,Tyrique,Stevenson,2000-05-26,72,212,Miami; Georgia,00-0039071,4426374,64d9cda4-1ff4-4b21-bdba-586877c70813,40071,17120,97562,StevTy01,24239,10897,3.0,"https://static.www.nfl.com/image/upload/f_auto,q_auto/league/whzeosd28apu5wrlaixk",STE716698,55921,32005354-4571-6698-d1af-a62614e4d25d,2023.0,2023.0,CHI
2026,PHI,DB,DB,23.0,ACT,Jakorian Bennett,Jakorian,Bennett,2000-08-23,70,200,Maryland,00-0039072,4686911,8197c5b4-ade0-47e4-81b3-f16aa47eab12,40148,17096,129496,BennJa00,24243,10963,3.0,"https://static.www.nfl.com/image/upload/f_auto,q_auto/league/faleietqfsmpnhibdhad",BEN351736,55969,32004245-4e35-1736-3c9a-75895b4e9970,2023.0,2023.0,LV
2026,LA,TE,TE,87.0,ACT,Davis Allen,Davis,Allen,2001-02-03,78,253,Clemson,00-0039074,4426553,02a77d8c-3b89-4a61-86a2-0c005c1e589a,40164,17030,99697,AlleDa02,24148,10214,3.0,"https://static.www.nfl.com/image/upload/f_auto,q_auto/league/knzujvs0ge3lozkyilsf",ALL098299,56040,3200414c-4c09-8299-f00f-278951746672,2023.0,2023.0,LA
2026,LA,WR,WR,12.0,ACT,Puka Nacua,Puka,Nacua,2001-05-29,74,216,BYU; Washington,00-0039075,4426515,111be44d-7bc2-4cad-934d-c9e946293b2f,40168,16790,100632,NacuPu00,24172,9493,3.0,"https://static.www.nfl.com/image/upload/f_auto,q_auto/league/zvi4hdm6fywcekfe7ceb",NAC559347,56042,32004e41-4355-9347-35af-af88fcaf7ee9,2023.0,2023.0,LA
2026,CAR,LB,LB,39.0,ACT,Nick Hampton,Nick,Hampton,2000-04-05,75,235,Appalachian State,00-0039076,4360773,59e9c19c-c6f6-4f53-b231-d76134ba8fb6,,16926,81162,HampNi00,24266,10973,3.0,"https://static.www.nfl.com/image/upload/f_auto,q_auto/league/pyouk6br5ca950zlofia",HAM767654,56026,32004841-4d76-7654-4dc6-0d8b2ebb3bf9,2023.0,2023.0,LA
2026,LA,OL,OT,71.0,ACT,Warren McClendon Jr.,Warren,McClendon,2001-04-11,76,315,Georgia,00-0039077,,,,,,,,,3.0,"https://static.www.nfl.com/image/private/f_auto,q_auto/league/v6l1ydwiawpfcldcb7if",MCC396909,56039,32004d43-4339-6909-f80c-dc33061d9216,2023.0,2023.0,LA
2026,LA,QB,QB,13.0,ACT,Stetson Bennett,Stetson,Bennett,1997-10-28,71,190,Georgia; Jones County JC,00-0039107,4259553,a5cc5958-01f9-4b7d-a8d9-c44625d53ed5,40153,16871,60387,BennSt00,24351,10857,3.0,"https://static.www.nfl.com/image/upload/f_auto,q_auto/league/yfjtnuglgawtwebozxzq",BEN440455,55993,32004245-4e44-0455-998d-976cf08f74c6,2023.0,2023.0,LA
2026,HOU,DL,DE,51.0,ACT,Will Anderson Jr.,William,Anderson,2001-09-02,76,243,Alabama,00-0039108,4685724,9e22bbe3-5323-42e0-a82e-03e3794ea67f,40031,16809,123903,AndeWi01,24087,10892,3.0,"https://static.www.nfl.com/image/upload/f_auto,q_auto/league/ar9k2r2btzzb10zc0xja",AND627364,55867,3200414e-4462-7364-511f-d68d330a6780,2023.0,2023.0,HOU
2026,PIT,OL,OT,77.0,ACT,Broderick Jones,Broderick,Jones,2001-05-16,77,311,Georgia,00-0039109,,,,,,,,,3.0,"https://static.www.nfl.com/image/upload/f_auto,q_auto/league/vaquwulcfwqcn8vaumac",JON119592,55878,32004a4f-4e11-9592-d375-419b0d77efde,2023.0,2023.0,PIT
2026,PIT,DL,DT,95.0,ACT,Keeanu Benton,Keeanu,Benton,2001-07-17,76,309,Wisconsin,00-0039110,4426694,9fd22aa3-6cb6-4bae-af1b-cc0ba0511e08,40079,16692,101536,BentKe00,24283,10901,3.0,"https://static.www.nfl.com/image/upload/f_auto,q_auto/league/xhauoqvtf8w00rv8wtwv",BEN728037,55914,32004245-4e72-8037-3a5b-4117a2df7f2d,2023.0,2023.0,PIT
2026,LAC,LB,LB,45.0,ACT,Tuli Tuipulotu,Tuli,Tuipulotu,2002-09-03,75,266,USC,00-0039111,4431442,8b3391ab-5126-4ed8-b181-59723f7f5a99,40077,16822,131840,TuipTu00,24085,10898,3.0,"https://static.www.nfl.com/image/upload/f_auto,q_auto/league/dxdvukwnw4gk0j5ttihc",TUI720077,55919,32005455-4972-0077-cdfc-f4d029d13b39,2023.0,2023.0,LAC
2026,GB,LB,LB,90.0,ACT,Lukas Van Ness,Lukas,Van Ness,2001-07-06,77,272,Iowa,00-0039112,4686906,1f8b4936-d0f8-4e9e-9f6f-5f4138180d7d,40037,16825,129482,VanNLu00,24191,10885,3.0,"https://static.www.nfl.com/image/upload/f_auto,q_auto/league/qxrs2r7nvy9k6hlkqvyb",VAN639767,55877,32005641-4e63-9767-91e9-a7147693e290,2023.0,2023.0,GB
2026,LA,LB,LB,0.0,ACT,Byron Young,Byron,Young,1998-03-13,74,260,Tennessee,00-0039137,4875196,cd7de1ce-ad93-4bb6-8b70-c79194a7373e,40124,16758,146932,YounBy01,24253,10917,3.0,"https://static.www.nfl.com/image/upload/f_auto,q_auto/league/q68ctteciw57fgxh8c4u",YOU127040,55942,3200594f-5512-7040-ee4b-f8bc5d0b4a6e,2023.0,2023.0,LA
2026,LA,DL,DE,91.0,ACT,Kobie Turner,Kobie,Turner,1999-04-26,74,294,Wake Forest,00-0039138,4250621,86f8915e-a09a-4cdf-ad41-13d72d217269,40110,17157,66894,TurnKo00,24474,10916,3.0,"https://static.www.nfl.com/image/upload/f_auto,q_auto/league/tmifh6zibjgxpesgp7bf",TUR561805,55954,32005455-5256-1805-792f-d5a6d13c60e4,2023.0,2023.0,LA
2026,DET,RB,RB,0.0,ACT,Jahmyr Gibbs,Jahmyr,Gibbs,2002-03-20,69,202,Alabama; Georgia Tech,00-0039139,4429795,fef9457e-6497-47de-9bf2-cc3b95929375,40059,16808,122474,GibbJa01,23200,9221,3.0,"https://static.www.nfl.com/image/upload/f_auto,q_auto/league/hjxk3judytgsxkqiilre",GIB198578,55876,32004749-4219-8578-ca06-2b870fe6f731,2023.0,2023.0,DET
2026,PHI,DB,CB,7.0,ACT,Kelee Ringo,Kelee,Ringo,2002-06-27,74,207,Georgia,00-0039140,4428992,04d384d9-06da-4436-a637-14637705d7b3,40131,16890,124035,RingKe00,24135,10962,3.0,"https://static.www.nfl.com/image/upload/f_auto,q_auto/league/ly44wusmozddh3mx9jqv",RIN504723,55970,32005249-4e50-4723-3a49-9257661a7422,2023.0,2023.0,PHI
2026,DET,DB,CB,32.0,ACT,Brian Branch,Brian,Branch,2001-10-22,72,203,Alabama,00-0039141,4692025,3e01cc5d-ca6c-4604-a6c1-249a1aa9df3a,40067,16816,123907,BranBr00,24186,10905,3.0,"https://static.www.nfl.com/image/upload/f_auto,q_auto/league/zcri8hzscyasi2nhjdlk",BRA491198,55910,32004252-4149-1198-dc01-dafbfa415bff,2023.0,2023.0,DET
2026,NYJ,DL,DE,9.0,ACT,Will McDonald IV,Will,McDonald,1999-06-04,76,245,Iowa State,00-0039142,4361767,21792a74-7864-4234-bc47-891d5f9e7024,40038,16971,76842,McDoWi00,24276,10883,3.0,"https://static.www.nfl.com/image/private/f_auto,q_auto/league/nw8aiicw9bjhxaqwbeo9",MCD599665,55879,32004d43-4459-9665-e69d-a74762fc7e67,2023.0,2023.0,NYJ
2026,CIN,DL,DE,51.0,ACT,Isaiah Foskey,Isaiah,Foskey,2000-10-30,77,280,Notre Dame,00-0039143,4426457,c0a4eddb-90da-45d5-8695-cb15ea16e4b5,40082,16682,102728,FoskIs00,24236,10909,3.0,"https://static.www.nfl.com/image/upload/f_auto,q_auto/league/tp8wa1rbwxtoaabgjm4r",FOS081863,55905,3200464f-5308-1863-3f04-6cde65dd0aa3,2023.0,2023.0,NO
2026,GB,TE,TE,88.0,ACT,Luke Musgrave,Luke,Musgrave,2000-09-02,78,253,Oregon State,00-0039144,4428085,77a4fb49-3c6c-4aa1-8a21-20956e2d2240,40074,16663,98499,MusgLu00,24150,9481,3.0,"https://static.www.nfl.com/image/upload/f_auto,q_auto/league/erqld7keza48co6umuaa",MUS097324,55907,32004d55-5309-7324-5085-b59d93f240ce,2023.0,2023.0,GB
2026,NYJ,OL,C,66.0,ACT,Joe Tippmann,Joe,Tippmann,2001-03-24,78,313,Wisconsin,00-0039145,,,,,,,,,3.0,"https://static.www.nfl.com/image/upload/f_auto,q_auto/league/q8sbzzwjkyb42gn9shb3",TIP259555,55908,32005449-5025-9555-6ace-30a99e2db1c4,2023.0,2023.0,NYJ
2026,GB,WR,WR,11.0,ACT,Jayden Reed,Jayden,Reed,2000-04-28,71,187,Michigan State; Western Michigan,00-0039146,4362249,23a306bc-5f77-4574-a575-bd599f243185,40063,16977,78171,ReedJa03,23233,10222,3.0,"https://static.www.nfl.com/image/upload/f_auto,q_auto/league/blh2tfg9qjthqo2g6ot4",REE263142,55915,32005245-4526-3142-e96f-a871c08a1138,2023.0,2023.0,GB
2026,NE,DB,CB,0.0,ACT,Christian Gonzalez,Christian,Gonzalez,2002-06-28,73,205,Oregon,00-0039147,4686772,e847f127-f5f4-41a0-87bb-b89e546e0df4,40052,16683,131679,GonzCh00,24097,10881,3.0,"https://static.www.nfl.com/image/upload/f_auto,q_auto/league/iua1eh08ixdlgp2qisst",GON589051,55881,3200474f-4e58-9051-6a8a-dad946986fed,2023.0,2023.0,NE
2026,SF,DL,DE,56.0,ACT,Keion White,Keion,White,1999-01-20,77,290,Georgia Tech; Old Dominion,00-0039148,4243493,a93bdfeb-068f-4933-89a2-8071adefd6f9,40080,17109,60998,WhitKe03,24256,10904,3.0,"https://static.www.nfl.com/image/upload/f_auto,q_auto/league/wkq3kmgtrqxsndffclam",WHI315646,55911,32005748-4931-5646-3479-7fead8c7f5a8,2023.0,2023.0,NE
2026,WAS,DB,SAF,20.0,ACT,Quan Martin,Jartavius,Martin,2000-04-17,72,195,Illinois,00-0039149,4360378,e52e1ff1-7a48-4b89-84c1-35841460ab0d,40087,16817,83236,MartJa04,24247,10903,3.0,"https://static.www.nfl.com/image/upload/f_auto,q_auto/league/mqvepjtbymevlwn2c7qj",MAR645121,55912,32004d41-5264-5121-58ce-d7c1593339a8,2023.0,2023.0,WAS
2026,CAR,QB,QB,9.0,ACT,Bryce Young,Bryce,Young,2001-07-25,70,204,Alabama,00-0039150,4685720,38475bfa-9773-4c3b-9157-a0dbd576fa22,40029,16807,123943,YounBr01,23132,9228,3.0,"https://static.www.nfl.com/image/upload/f_auto,q_auto/league/qy1lfhlzhiacsyzzm1j7",YOU124763,55865,3200594f-5512-4763-ab24-c1bd051ef0ef,2023.0,2023.0,CAR
2026,LA,DB,CB,1.0,ACT,Emmanuel Forbes,Emmanuel,Forbes,2001-01-13,72,173,Mississippi State,00-0039151,4429767,0c767043-de67-4d90-af09-95c45a8ceeaa,40033,17336,124166,ForbEm00,24108,10882,3.0,"https://static.www.nfl.com/image/upload/f_auto,q_auto/league/zuqfigu7eadzoeo0uymt",FOR013942,55880,3200464f-5201-3942-ca3a-fc490c35893e,2023.0,2023.0,WAS
2026,TEN,QB,QB,8.0,ACT,Will Levis,Will,Levis,1999-06-27,76,229,Kentucky; Penn State,00-0039152,4361418,4c8a2f7e-f982-4eca-9d52-cf53df6985a4,40068,16665,83542,LeviWi00,23270,9999,3.0,"https://static.www.nfl.com/image/upload/f_auto,q_auto/league/n7usvaleeuqvwomo68kf",LEV604187,55898,32004c45-5660-4187-2b50-c23ff4a6e28e,2023.0,2023.0,TEN
2026,AZ,LB,LB,9.0,ACT,BJ Ojulari,Jamiu,Ojulari,2002-04-05,74,248,LSU,00-0039155,4429111,f4d8da18-8be8-470c-947c-d9fd3d85612c,40088,17177,124105,OjulBJ00,24092,10908,3.0,"https://static.www.nfl.com/image/upload/f_auto,q_auto/league/yiulza2bhdta4aegzpnm",OJU426541,55906,32004f4a-5542-6541-4cd9-8e817d1b5514,2023.0,2023.0,ARI
2026,MIA,DB,CB,8.0,ACT,Julius Brents,Julius,Brents,2000-01-18,75,198,Kansas State,00-0039156,4360488,194d2310-bc4e-4fc8-9a76-1fe506f35977,40062,17112,83256,BrenJu00,24242,10906,3.0,"https://static.www.nfl.com/image/upload/f_auto,q_auto/league/chqdioyasofpjnu25iqi",BRE510110,55909,32004252-4551-0110-2798-7a9b05aa2760,2023.0,2023.0,IND
2026,TB,OL,G,69.0,ACT,Cody Mauch,Cody,Mauch,1999-01-15,78,303,North Dakota State,00-0039157,,,,,,,,,3.0,"https://static.www.nfl.com/image/upload/f_auto,q_auto/league/m0851jmhecw29hxwlygs",MAU088990,55913,32004d41-5508-8990-a189-9a0d7947a282,2023.0,2023.0,TB
2026,IND,OL,OT,73.0,ACT,Blake Freeland,Blake,Freeland,2001-05-03,79,302,BYU,00-0039158,,,,,,,,,3.0,"https://static.www.nfl.com/image/upload/f_auto,q_auto/league/jehv0joja3f4ansvv4ng",FRE135054,55971,32004652-4513-5054-76d3-d5e67ccd9902,2023.0,2023.0,IND
2026,HOU,QB,QB,7.0,ACT,C.J. Stroud,Coleridge,Stroud,2001-10-03,75,218,Ohio State,00-0039163,4432577,7e91086f-9ca4-4bd9-a099-b88b2f37e6c6,40030,16886,129759,StroCJ00,23239,9758,3.0,"https://static.www.nfl.com/image/upload/f_auto,q_auto/league/tt4zrtxlhifaljhj0rn7",STR702090,55866,32005354-5270-2090-cc17-67cd6da43535,2023.0,2023.0,HOU
2026,IND,QB,QB,5.0,ACT,Anthony Richardson,Anthony,Richardson,2002-05-22,76,244,Florida,00-0039164,4429084,5fc5b4a6-a583-4345-a810-4f982204ea5e,40040,16653,124393,RichAn03,24117,9229,3.0,"https://static.www.nfl.com/image/upload/f_auto,q_auto/league/wrddeyklfcgk9qybgofq",RIC387833,55868,32005249-4338-7833-9fd1-1d5e168eb504,2023.0,2023.0,IND
2026,SEA,RB,RB,26.0,ACT,Zach Charbonnet,Zachariah,Charbonnet,2001-01-08,73,220,UCLA; Michigan,00-0039165,4426385,7d7f1628-85a7-4633-9ffe-d82fc2761b00,40075,16897,97630,CharZa00,23173,9753,3.0,"https://static.www.nfl.com/image/upload/f_auto,q_auto/league/jqbzg5e8pdltbnb7hc8p",CHA548773,55917,32004348-4154-8773-f098-b6f992d916a2,2023.0,2023.0,SEA
2026,PIT,DB,CB,24.0,ACT,Joey Porter Jr.,Joey,Porter,2000-07-26,74,194,Penn State,00-0039167,4426506,fbc596af-8abd-466f-9c01-7a38d11eb7a4,40089,16896,101364,PortJo02,24126,10913,3.0,"https://static.www.nfl.com/image/upload/f_auto,q_auto/league/pcan3dqynqusx1ltmecf",POR773442,55897,3200504f-5277-3442-9f31-894fa5a2ca5d,2023.0,2023.0,PIT
2026,SEA,DB,CB,21.0,ACT,Devon Witherspoon,Devon,Witherspoon,2000-12-11,72,185,Illinois,00-0039169,4575431,fa026462-0615-4077-81e1-90daf1c5b8f9,40056,17150,101388,WithDe00,24184,10891,3.0,"https://static.www.nfl.com/image/upload/f_auto,q_auto/league/zlp8cnwllrdonrcmoxpl",WIT143920,55869,32005749-5414-3920-4168-4be52b4fc3cf,2023.0,2023.0,SEA
2026,DET,K,K,39.0,ACT,Jake Bates,Jake,Bates,1999-03-03,70,202,Arkansas; Central Arkansas,00-0039172,4689936,3a724be0-3075-11ee-bdab-4565792ee2a3,40835,17376,121959,BateJa00,24530,11539,2.0,"https://static.www.nfl.com/image/upload/f_auto,q_auto/league/heh3zqyv3tqapnpnzgoj",BAT106818,56977,32004241-5410-6818-f7c8-70319151cdab,2024.0,2024.0,
2026,KC,OL,OT,72.0,ACT,Chukwuebuka Godrick,Chukwuebuka,Godrick,2000-10-11,77,293,,00-0039174,,,,,,,,,3.0,"https://static.www.nfl.com/image/upload/f_auto,q_auto/league/h9r0cgidfchteckppndm",GOD485991,56279,3200474f-4448-5991-1ccb-0770f4599692,2023.0,2023.0,
2026,BAL,DL,DT,91.0,ACT,Basil Okoye,Basil,Okoye,2001-10-20,78,370,,00-0039176,5144942,,,17495,169780,,,,3.0,"https://static.www.nfl.com/image/upload/f_auto,q_auto/league/g0bc8uf6fx9g6myyswi5",OKO547723,56592,32004f4b-4f54-7723-3463-648e028a5953,2023.0,2023.0,
2026,TEN,DL,DE,58.0,ACT,David Agoha,David,Agoha,2001-05-18,76,252,,00-0039177,,,,,,,,,3.0,"https://static.www.nfl.com/image/upload/f_auto,q_auto/league/ehtavoyvgkypnbng6j8j",AGO415291,56646,32004147-4f41-5291-6f28-15d43602300b,2023.0,2023.0,
2026,IND,LB,LB,58.0,ACT,Austin Ajiake,Austin,Ajiake,2000-06-30,73,223,UNLV,00-0039178,4374171,7910ad00-e6f7-11ed-88d6-7977d3a68019,,17301,83826,AjiaAu00,24608,11066,3.0,"https://static.www.nfl.com/image/upload/f_auto,q_auto/league/oac43hjcupsdhh4ssp6m",AJI044495,56328,3200414a-4904-4495-5084-55defac962c7,2023.0,2023.0,
2026,IND,DL,DE,74.0,ACT,Durell Nchami,Durell,Nchami,2000-02-11,76,258,Maryland,00-0039207,4360638,,,17294,81292,NchaDu00,,,3.0,"https://static.www.nfl.com/image/upload/f_auto,q_auto/league/arq8u512zcrrr9nyqjln",NCH415291,57034,32004e43-4841-5291-be37-080e53f43859,2023.0,2023.0,
2026,NO,K,K,39.0,ACT,Charlie Smyth,Charlie,Smyth,2001-06-26,76,210,,00-0039229,5208518,,,18034,183080,SmytCh00,,,2.0,"https://static.www.nfl.com/image/upload/f_auto,q_auto/league/fpnhcibi3incbg80uc5z",SMY132430,57112,3200534d-5913-2430-a3fd-db172ea62ed7,2024.0,2024.0,
2026,NYG,RB,RB,25.0,ACT,Dante Miller,Dante,Miller,1999-05-14,70,200,South Carolina; Columbia,00-0039230,4367510,6e0c07b0-f42a-11ee-88d0-f12fe77edfe4,40874,18036,109158,MillDa04,25051,11654,2.0,"https://static.www.nfl.com/image/upload/f_auto,q_auto/league/cuzuhj2cpwixrscfruc0",MIL207630,57115,32004d49-4c20-7630-9052-46340f95363b,2024.0,2024.0,
2026,BAL,DB,CB,2.0,ACT,Nate Wiggins,Nathaniel,Wiggins,2003-08-28,73,182,Clemson,00-0039232,4601278,f6731363-93ed-4717-910c-317648e93139,,17709,144143,WiggNa00,24928,11656,2.0,"https://static.www.nfl.com/image/upload/f_auto,q_auto/league/ggnkwrepoggazbn1s2ld",WIG187116,57151,32005749-4718-7116-94fb-5c2bafb73cf5,2024.0,2024.0,BAL
2026,BAL,OL,OT,70.0,ACT,Roger Rosengarten,Roger,Rosengarten,2002-06-03,77,316,Washington,00-0039233,,,,,,,,,2.0,"https://static.www.nfl.com/image/upload/f_auto,q_auto/league/yl4hhbcxdtcxqgiezmss",ROS412039,57183,3200524f-5341-2039-323f-5c4952f61ce3,2024.0,2024.0,BAL
2026,BAL,DB,CB,27.0,ACT,T.J. Tampa,Marques,Tampa,2002-03-13,73,199,Iowa State,00-0039234,4575483,1f02c2e7-da1f-4709-8bbc-82e6ffc6d400,,17071,122537,TampTJ00,25008,11730,2.0,"https://static.www.nfl.com/image/upload/f_auto,q_auto/league/poanrufasprugy1q1ulq",TAM523098,57251,32005441-4d52-3098-6c60-07c674275129,2024.0,2024.0,BAL
2026,TEN,DB,SAF,42.0,ACT,Sanoussi Kane,Sanoussi,Kane,2001-10-06,71,210,Purdue,00-0039235,4430118,cb9f76e3-d527-4bdf-8d99-9a813ccc70e6,,18080,129820,KaneSa00,25351,11841,2.0,"https://static.www.nfl.com/image/upload/f_auto,q_auto/league/uj78zgtqjemh0ftylsjd",KAN323004,57370,32004b41-4e32-3004-351d-30bd63b40807,2024.0,2024.0,BAL
2026,PHI,WR,WR,89.0,ACT,Johnny Wilson,Johnny,Wilson,2001-04-03,78,228,Florida State; Arizona State,00-0039236,4686104,e8d389b5-56c8-4276-9983-0dbcc1663507,41089,17011,76366,WilsJo03,24325,11636,2.0,"https://static.www.nfl.com/image/upload/f_auto,q_auto/league/azz7slr16byvcvbnaifa",WIL733437,57305,32005749-4c73-3437-9c28-9901e5d060ff,2024.0,2024.0,PHI
2026,CAR,OL,C,60.0,ACT,Nick Samac,Nick,Samac,2001-08-21,76,314,Michigan State,00-0039237,,,,,,,,,2.0,"https://static.www.nfl.com/image/upload/f_auto,q_auto/league/b7d7tsb3zouufzsasfmq",SAM005636,57348,32005341-4d00-5636-5583-22fcebd4c033,2024.0,2024.0,BAL
2026,AZ,DB,CB,35.0,ACT,Kalen King,Kalen,King,2003-01-28,71,190,Penn State,00-0039239,4431433,c8cf0369-d2bc-47be-b459-360b277e081f,,17739,145096,KingKa00,24965,11830,2.0,"https://static.www.nfl.com/image/upload/f_auto,q_auto/league/ieigmoqzd1fciay7eful",KIN552601,57375,32004b49-4e55-2601-ddd6-31490dc91198,2024.0,2024.0,GB
2026,NYG,DB,SAF,34.0,ACT,Beau Brade,Beau,Brade,2002-01-29,72,209,Maryland,00-0039241,4429291,48b4b770-06f2-11ef-b629-8d4815317755,,17804,129499,BradBe01,25220,11951,2.0,"https://static.www.nfl.com/image/upload/f_auto,q_auto/league/ojsyg4qghwqlpwswlhu9",BRA093032,57385,32004252-4109-3032-4a1e-7a8029534ef4,2024.0,2024.0,
2026,BAL,OL,G,67.0,ACT,Corey Bullock,Corey,Bullock,2001-12-09,75,320,Maryland; North Carolina Central,00-0039242,,,,,,,,,2.0,"https://static.www.nfl.com/image/upload/f_auto,q_auto/league/mzkd2grjzcncllrhaacw",BUL512049,57386,32004255-4c51-2049-172f-bb739db3a279,2024.0,2024.0,
2026,LV,RB,RB,33.0,ACT,Chris Collier,Chris,Collier,2000-03-24,70,203,University of Lock Haven,00-0039244,4698191,7fcfe130-06fc-11ef-9592-67ed152bdb91,,18118,142677,CollCh01,25050,11963,2.0,"https://static.www.nfl.com/image/upload/f_auto,q_auto/league/oduxbaidoa1x5mzhhiz0",COL406153,57388,3200434f-4c40-6153-5a69-829aa779534a,2024.0,2024.0,
2026,BAL,WR,WR,82.0,ACT,Dayton Wade,Dayton,Wade,2000-09-08,69,184,Mississippi; Western Kentucky,00-0039259,4428763,923bd7f0-06fe-11ef-b95c-81e74d9949b8,41262,18127,97181,WadeDa00,25455,11964,2.0,"https://static.www.nfl.com/image/upload/f_auto,q_auto/league/jcebht4rbsgbwm5ujhxz",WAD341130,57403,32005741-4434-1130-4e11-cc97c4613382,2024.0,2024.0,
2026,PHI,DL,DT,96.0,ACT,Gabe Hall,Gabriel,Hall,2001-01-12,78,295,Baylor,00-0039265,,,,,,,,,2.0,"https://static.www.nfl.com/image/upload/f_auto,q_auto/league/jklsvvvmqkw4yzopt4lx",HAL303625,57409,32004841-4c30-3625-7812-9f359e997942,2024.0,2024.0,
2026,CIN,RB,RB,36.0,ACT,Kendall Milton,Kendall,Milton,2002-02-10,73,230,Georgia,00-0039266,4429012,d0dd8a70-072c-11ef-a49f-41e71daeb2e1,,17970,124031,MiltKe01,23213,11649,2.0,"https://static.www.nfl.com/image/upload/f_auto,q_auto/league/loxc2ylhbuvifty85fqv",MIL818306,57410,32004d49-4c81-8306-5a37-f9ad0a72cb92,2024.0,2024.0,
2026,PHI,DB,SAF,31.0,ACT,Andre' Sam,Andre',Sam,1999-02-09,70,194,LSU; Marshall; McNeese State,00-0039267,4250510,9d76b520-072d-11ef-a877-6b032c0eabad,,18004,89166,SamxAn00,25146,12102,2.0,"https://static.www.nfl.com/image/upload/f_auto,q_auto/league/ktamly004v1muokcnmc7",SAM000469,57411,32005341-4d00-0469-48d8-b13e0a0e9cf3,2024.0,2024.0,
2026,MIA,DL,DT,65.0,ACT,James Ester,James,Ester,2001-08-30,75,289,Northern Illinois,00-0039269,,,,,,,,,2.0,"https://static.www.nfl.com/image/upload/f_auto,q_auto/league/o3p9sc1zuhy0hvsj3mnl",EST316628,57414,32004553-5431-6628-e0c1-71f8d11b8cde,2024.0,2024.0,
2026,GB,OL,OT,67.0,ACT,Donovan Jennings,Donovan,Jennings,1999-11-24,76,323,University of South Florida,00-0039272,,,,,,,,,2.0,"https://static.www.nfl.com/image/upload/f_auto,q_auto/league/cwakvyywjvpvd6n5vnxx",JEN467927,57417,32004a45-4e46-7927-e834-5580bd596a22,2024.0,2024.0,
2026,GB,TE,TE,43.0,ACT,Messiah Swinson,Messiah,Swinson,2000-04-20,79,259,Arizona State; Missouri,00-0039275,,,,,,,,,2.0,"https://static.www.nfl.com/image/upload/f_auto,q_auto/league/xhpjhwjnwjt8cfrfznay",SWI549130,57420,32005357-4954-9130-6c37-aece4622f2e8,2024.0,2024.0,
2026,BUF,LB,LB,35.0,ACT,Jimmy Ciarlo,Jimmy,Ciarlo,2001-02-28,74,230,Army,00-0039277,,,,,,,,,2.0,"https://static.www.nfl.com/image/upload/f_auto,q_auto/league/vcrpv0u95feynfkhtxbx",CIA456205,57422,32004349-4145-6205-3154-82c9582b9c68,2024.0,2024.0,
2026,NYJ,DL,DE,55.0,ACT,Braiden McGregor,Braiden,McGregor,2001-07-12,78,267,Michigan,00-0039284,4429005,8eae21b0-071c-11ef-a3c0-935b79634141,,17816,129586,McGrBr00,25204,12030,2.0,"https://static.www.nfl.com/image/upload/f_auto,q_auto/league/kk8h8mlhxzthxil6nvrt",MCG662838,57429,32004d43-4766-2838-59c9-dc229e98d37f,2024.0,2024.0,
2026,NYJ,DB,SAF,25.0,ACT,Jarius Monroe,Jarius,Monroe,2000-10-06,74,205,Tulane; Colorado,00-0039285,4430182,e12dc6c0-0726-11ef-9140-5d66d58415b8,,18207,103580,MonrJa00,25584,12056,2.0,"https://static.www.nfl.com/image/upload/f_auto,q_auto/league/tea6ronjzs4ulorylah1",MON302172,57430,32004d4f-4e30-2172-cf32-2e0ea696b617,2024.0,2024.0,
2026,NO,LB,LB,,ACT,Jackson Sirmon,Jackson,Sirmon,2000-04-15,74,240,California; Washington,00-0039288,4361101,,,18058,81458,SirmJa00,,,2.0,"https://static.www.nfl.com/image/upload/f_auto,q_auto/league/idufv4y0etchs4cvgkad",SIR507420,57433,32005349-5250-7420-6346-d24aa878556b,2024.0,2024.0,
2026,NE,DL,DT,93.0,ACT,Leonard Taylor III,Leonard,Taylor,2002-05-29,75,305,Miami,00-0039289,4431598,cad27c20-071e-11ef-9fb1-eb76adac1fa7,,17726,143953,TaylLe01,24935,12031,2.0,"https://static.www.nfl.com/image/upload/f_auto,q_auto/league/qfnjnvom3evftnkgwcqg",TAY812807,57434,32005441-5981-2807-528e-f58dc131f529,2024.0,2024.0,
2026,NYJ,DL,DE,95.0,ACT,Eric Watts,Eric,Watts,2000-10-01,77,277,Connecticut,00-0039291,4569016,5fce55c0-097b-11ef-82af-530a0ea88666,,17954,98459,WattEr00,25267,12238,2.0,"https://static.www.nfl.com/image/upload/f_auto,q_auto/league/ebgjkljqc8rvtev1iw3r",WAT715816,57436,32005741-5471-5816-9bd1-0378fdee7901,2024.0,2024.0,
2026,GB,DB,CB,34.0,ACT,Shemar Bartholomew,Shemar,Bartholomew,2000-06-06,73,200,Georgia Southern; Northwestern State (LA),00-0039292,4371336,25449550-0975-11ef-bde2-2bfe04e0121e,,18200,78995,BartSh00,25695,12234,2.0,"https://static.www.nfl.com/image/upload/f_auto,q_auto/league/ru4ecmtvmhs0encmuruv",BAR728523,57437,32004241-5272-8523-df18-620c88f7a3f2,2024.0,2024.0,
2026,SEA,RB,RB,36.0,ACT,George Holani,George,Holani,1999-12-16,70,210,Boise State,00-0039299,4429835,971a3930-0724-11ef-a47d-6f7fe8c7bc97,41344,17968,72154,HolaGe00,23196,12048,2.0,"https://static.www.nfl.com/image/upload/f_auto,q_auto/league/nadkmkb2sqgjhbkpirkg",HOL000290,57448,3200484f-4c00-0290-4322-bf5019f19a33,2024.0,2024.0,
2026,NE,RB,FB,37.0,ACT,Jack Westover,Jack,Westover,1999-06-09,74,245,Washington,00-0039305,4361100,22926aa0-0725-11ef-bcfc-752f39cb55fa,41352,18083,84079,WestJa01,25123,12045,2.0,"https://static.www.nfl.com/image/upload/f_auto,q_auto/league/jdqum14r2ihtymt8h1na",WES804833,57454,32005745-5380-4833-34ca-f963f4080569,2024.0,2024.0,
2026,SEA,DL,DT,91.0,ACT,Byron Murphy II,Byron,Murphy,2002-09-08,72,306,Texas,00-0039309,4570040,d7cd56ba-a624-4149-83d0-a2c66df65804,,17736,131252,MurpBy01,25022,11668,2.0,"https://static.www.nfl.com/image/upload/f_auto,q_auto/league/xeq70yetr8qznbkjjiye",MUR526628,57137,32004d55-5252-6628-1a87-66e20cb9aefc,2024.0,2024.0,SEA
2026,DAL,OL,G,76.0,ACT,Trevor Keegan,Trevor,Keegan,2000-08-30,77,306,Michigan,00-0039310,,,,,,,,,2.0,"https://static.www.nfl.com/image/upload/f_auto,q_auto/league/rs20hf1nucoox4uyadf6",KEE304546,57293,32004b45-4530-4546-fe0e-58676b511739,2024.0,2024.0,PHI
2026,MIA,DB,CB,35.0,ACT,Miles Battle,Miles,Battle,2000-01-04,75,197,Utah; Mississippi,00-0039312,4372413,4c37a420-07d8-11ef-81cc-1d1360eb1da8,,18219,84301,BattMi00,25631,12182,2.0,"https://static.www.nfl.com/image/upload/f_auto,q_auto/league/fkxenwqrq9evl5r7iuch",BAT545065,57466,32004241-5454-5065-dbb9-8541e7df458a,2024.0,2024.0,
2026,CIN,LB,LB,47.0,ACT,Swayze Bozeman,Swayze,Bozeman,1998-11-02,73,224,Southern Mississippi; Copiah-Lincoln Junior College,00-0039313,4570546,7dadd460-0a45-11ef-829a-8b9f8c151637,,18220,98634,BozeSw00,25702,12255,2.0,"https://static.www.nfl.com/image/upload/f_auto,q_auto/league/x5fvun7baplarpt8deoq",BOZ237308,57467,3200424f-5a23-7308-d688-ce1b0346a07e,2024.0,2024.0,
2026,KC,OL,OT,75.0,ACT,Ethan Driskell,Ethan,Driskell,2000-06-29,80,313,Marshall,00-0039317,,,,,,,,,2.0,"https://static.www.nfl.com/image/upload/f_auto,q_auto/league/smb4lodlw2tht4q9ztvx",DRI399165,57471,32004452-4939-9165-b091-4a84aea9700f,2024.0,2024.0,
2026,CIN,P,P,8.0,ACT,Ryan Rehkow,Ryan,Rehkow,1998-09-11,77,235,BYU,00-0039323,4608820,57633980-07cf-11ef-b13e-a3ae804c7cd8,,18230,122074,RehkRy00,25118,12163,2.0,"https://static.www.nfl.com/image/upload/f_auto,q_auto/league/kahposyaa7l0zpdvzyoa",REH444793,57477,32005245-4844-4793-9ffa-076d3440baa3,2024.0,2024.0,
2026,KC,DB,CB,30.0,ACT,Christian Roland-Wallace,Christian,Roland-Wallace,2001-11-23,71,202,USC; Arizona,00-0039324,4428383,cfd2da80-07d7-11ef-9eb8-d3c1d804b4f8,,17991,97374,RolaCh00,25148,12183,2.0,"https://static.www.nfl.com/image/upload/f_auto,q_auto/league/foy9ykwmm3vcqgfviowz",ROL266426,57478,3200524f-4c26-6426-8bed-993f6c505862,2024.0,2024.0,
2026,PHI,RB,RB,34.0,ACT,Carson Steele,Carson,Steele,2002-10-01,72,228,UCLA; Ball State,00-0039325,4714365,56312980-07cc-11ef-ae1a-ef16ff05bbda,41464,17909,145632,SteeCa00,24939,11582,2.0,"https://static.www.nfl.com/image/upload/f_auto,q_auto/league/fafuydt7skhufescqhxv",STE027134,57479,32005354-4502-7134-7df7-46dbe8c0fb92,2024.0,2024.0,
2026,TEN,DL,DE,97.0,ACT,C.J. Ravenell,Cameron,Ravenell,2000-07-07,77,300,Missouri Western,00-0039332,4700676,,,18224,134584,RaveCJ00,,,2.0,"https://static.www.nfl.com/image/upload/f_auto,q_auto/league/rqjhomavdixcd1tqcge5",RAV411916,57486,32005241-5641-1916-83f7-742284842fdc,2024.0,2024.0,
2026,HOU,DB,CB,17.0,ACT,Brandon Codrington,Brandon,Codrington,2000-11-17,69,185,North Carolina Central,00-0039333,4576069,88a2a9c0-0be6-11ef-a1fb-fd287260fc2a,,18225,106248,CodrBr00,25708,12269,2.0,"https://static.www.nfl.com/image/upload/f_auto,q_auto/league/zcfwdsirygqnl15jnd0m",COD295893,57487,3200434f-4429-5893-a782-f93f43650933,2024.0,2024.0,
2026,NYG,WR,WR,1.0,ACT,Malik Nabers,Malik,Nabers,2003-07-28,72,200,LSU,00-0039337,4595348,55ef2022-50c2-465b-839e-c0f4c9e7c55c,40899,17704,146759,NabeMa00,24953,11632,2.0,"https://static.www.nfl.com/image/upload/f_auto,q_auto/league/w3edoyyuomqlovvp9ixc",NAB400459,57127,32004e41-4240-0459-a77d-033b6932cbbb,2024.0,2024.0,NYG
2026,LV,TE,TE,89.0,ACT,Brock Bowers,Brock,Bowers,2002-12-13,75,235,Georgia,00-0039338,4432665,ad9fc7e3-0a6d-4e41-84c2-cf43b71aee13,40878,17693,146715,BoweBr01,24943,11604,2.0,"https://static.www.nfl.com/image/upload/f_auto,q_auto/league/uzp2ffi0lomamxofsrhy",BOW196560,57134,3200424f-5719-6560-aaaa-d9f4cc244721,2024.0,2024.0,LV
2026,NO,OL,OT,75.0,ACT,Taliese Fuaga,Taliese,Fuaga,2002-04-05,78,324,Oregon State,00-0039339,,,,,,,,,2.0,"https://static.www.nfl.com/image/upload/f_auto,q_auto/league/b67s32fuqrcohbu78ur5",FUA229226,57135,32004655-4122-9226-13fe-6b383364e74b,2024.0,2024.0,NO
2026,IND,DL,DE,97.0,ACT,Laiatu Latu,Laiatu,Latu,2000-12-31,77,265,UCLA; Washington,00-0039340,4426473,234d2423-bb97-4dfe-9a56-7c14b276720c,,17714,100551,LatuLa00,24993,11669,2.0,"https://static.www.nfl.com/image/upload/f_auto,q_auto/league/upfo1ikqlsmwvbduxqsw",LAT726759,57136,32004c41-5472-6759-478e-3fedff810c53,2024.0,2024.0,IND
2026,DAL,OL,OT,60.0,ACT,Tyler Guyton,Tyler,Guyton,2002-06-11,79,322,Oklahoma; TCU,00-0039341,,,,,,,,,2.0,"https://static.www.nfl.com/image/upload/f_auto,q_auto/league/vkthsqd2smgoymkspfth",GUY734424,57150,32004755-5973-4424-47c4-5396aaed336f,2024.0,2024.0,DAL
2026,CAR,WR,WR,17.0,ACT,Xavier Legette,Anthony,Legette,2001-01-29,75,227,South Carolina,00-0039342,4430034,0bb0c37c-e76b-4529-92b0-b026be4f7d6c,40890,17734,99197,LegeXa00,25003,11626,2.0,"https://static.www.nfl.com/image/upload/f_auto,q_auto/league/j4jj8rvgzji7zut86ux7",LEG145351,57153,32004c45-4714-5351-c48c-d286b74bea32,2024.0,2024.0,CAR
2026,HOU,DB,CB,3.0,ACT,Kamari Lassiter,Kamari,Lassiter,2003-01-23,72,180,Georgia,00-0039343,4602699,b85f8a10-e1c2-4e5d-8aa5-08091feb1883,,17725,146727,LassKa00,24963,11685,2.0,"https://static.www.nfl.com/image/upload/f_auto,q_auto/league/ats8cbxfzajzvwyzwsjb",LAS641535,57163,32004c41-5364-1535-caf9-034d89219639,2024.0,2024.0,HOU
2026,CAR,RB,RB,25.0,ACT,Jonathon Brooks,Jonathon,Brooks,2003-07-21,72,207,Texas,00-0039344,4678008,5c842941-844b-4f6a-bce4-26b377146674,40926,17747,144721,BrooJo02,24944,11583,2.0,"https://static.www.nfl.com/image/upload/f_auto,q_auto/league/jah18lvdpgwurx7dgys4",BRO131669,57167,32004252-4f13-1669-de2f-e975d31892d1,2024.0,2024.0,CAR
2026,SF,DB,CB,0.0,ACT,Renardo Green,Renardo,Green,2000-11-09,72,186,Florida State,00-0039345,4427325,2b93704f-fab1-40b3-b13e-07d85303bb25,,17981,99773,GreeRe00,25192,11697,2.0,"https://static.www.nfl.com/image/upload/f_auto,q_auto/league/reoqk5hmsjugiaed55fk",GRE331722,57185,32004752-4533-1722-8b86-264d60ec9241,2024.0,2024.0,SF
2026,LAC,LB,LB,25.0,ACT,Junior Colson,Junior,Colson,2002-12-06,75,247,Michigan,00-0039346,4431212,9ceab470-1739-49d7-b605-f3906a63f7c7,,17675,124827,ColsJu00,24966,11701,2.0,"https://static.www.nfl.com/image/upload/f_auto,q_auto/league/b8ti4igzxg4cwjc2aidt",COL777167,57190,3200434f-4c77-7167-54da-69a456b0b2a5,2024.0,2024.0,LAC
2026,CAR,LB,LB,32.0,ACT,Trevin Wallace,Trevin,Wallace,2003-02-22,73,244,Kentucky,00-0039347,4683815,578f063e-30e5-4a2c-b3cc-09aaaf3d0a7c,,17872,146747,WallTr00,24929,11724,2.0,"https://static.www.nfl.com/image/upload/f_auto,q_auto/league/m4dt3rza3lvzhhxsag4u",WAL505176,57193,32005741-4c50-5176-62e5-ca60fedbd783,2024.0,2024.0,CAR
2026,DAL,OL,G,56.0,ACT,Cooper Beebe,Cooper,Beebe,2001-05-19,76,335,Kansas State,00-0039348,,,,,,,,,2.0,"https://static.www.nfl.com/image/upload/f_auto,q_auto/league/yiwgl1ijhwrkaz881r9r",BEE069507,57194,32004245-4506-9507-693b-97777d082707,2024.0,2024.0,DAL
2026,LV,OL,OT,71.0,ACT,DJ Glaze,Delmar,Glaze,2002-08-04,76,331,Maryland,00-0039349,,,,,,,,,2.0,"https://static.www.nfl.com/image/upload/f_auto,q_auto/league/yj1mdamgenemfg28e4b9",GLA761060,57198,3200474c-4176-1060-bf39-44d4e2f381d5,2024.0,2024.0,LV
2026,CLE,OL,G,70.0,ACT,Zak Zinter,Zak,Zinter,2001-04-17,78,310,Michigan,00-0039350,,,,,,,,,2.0,"https://static.www.nfl.com/image/upload/f_auto,q_auto/league/oazl3mefjy66qacgf5ry",ZIN615024,57206,32005a49-4e61-5024-6aa5-537c5960518b,2024.0,2024.0,CLE
2026,SF,OL,OT,77.0,ACT,Dominick Puni,Dominick,Puni,2000-02-24,77,313,Kansas; Central Missouri,00-0039351,,,,,,,,,2.0,"https://static.www.nfl.com/image/upload/f_auto,q_auto/league/ig3zuxuiem0nqnrytcls",PUN141154,57207,32005055-4e14-1154-d73c-5f4c0140ba47,2024.0,2024.0,SF
2026,DAL,LB,LB,35.0,ACT,Marist Liufau,Marist,Liufau,2001-02-09,74,239,Notre Dame,00-0039352,4427816,4fe58953-14da-43d0-8394-e960d0d47c46,,17769,102789,LiufMa00,25245,11720,2.0,"https://static.www.nfl.com/image/upload/f_auto,q_auto/league/voinp0fsdncarxwbgrii",LIU098197,57208,32004c49-5509-8197-2b25-ee72cdcbe615,2024.0,2024.0,DAL
2026,JAX,DB,CB,4.0,ACT,Jarrian Jones,Jarrian,Jones,2001-05-08,71,190,Florida State; Mississippi State,00-0039353,4426448,fc21a61f-75aa-4398-973f-7ff1058e6a9e,,17778,97486,JoneJa14,25172,11725,2.0,"https://static.www.nfl.com/image/upload/f_auto,q_auto/league/h7p71pyzltv3nco6ktkj",JON448826,57217,32004a4f-4e44-8826-e4d7-e987c028e182,2024.0,2024.0,JAX
2026,CIN,DL,DT,91.0,ACT,McKinnley Jackson,McKinnley,Jackson,2001-12-26,74,330,Texas A&M,00-0039354,4692680,00b1481f-e562-4727-9e2b-9ab3293f2748,,17780,124324,JackMc00,25167,11713,2.0,"https://static.www.nfl.com/image/upload/f_auto,q_auto/league/qqi681wzmujua627n1db",JAC405131,57218,32004a41-4340-5131-b946-3fc29091199f,2024.0,2024.0,CIN
2026,WAS,WR,WR,11.0,ACT,Luke McCaffrey,Luke,McCaffrey,2001-04-02,74,195,Rice; Nebraska,00-0039355,4426948,5cfd82f8-9e73-48d7-914e-9051ff52d67d,40964,17820,101634,McCaLu00,24987,11650,2.0,"https://static.www.nfl.com/image/upload/f_auto,q_auto/league/iqzscuxu9lxjfhoyxsjg",MCC038410,57221,32004d43-4303-8410-9d97-2a58353f495e,2024.0,2024.0,WAS
2026,CAR,TE,TE,0.0,ACT,Ja'Tavion Sanders,Ja'Tavion,Sanders,2003-03-27,76,252,Texas,00-0039356,4431588,ffd2ff3f-4b56-4232-be8e-bf163c29f406,40995,17748,144717,SandJa01,24947,11600,2.0,"https://static.www.nfl.com/image/upload/f_auto,q_auto/league/le2akm1cbou170ioctxl",SAN343203,57222,32005341-4e34-3203-cb70-91304b1c422f,2024.0,2024.0,CAR
2026,LV,DB,CB,25.0,ACT,Decamerion Richardson,Decamerion,Richardson,2001-03-16,74,192,Mississippi State,00-0039357,4605498,9c6fe5a6-5553-4803-bc7a-93d095029a7d,,17983,124183,RichDe01,25151,11738,2.0,"https://static.www.nfl.com/image/upload/f_auto,q_auto/league/l2jarpo9v1hfsmcoqoeb",RIC408250,57233,32005249-4340-8250-3778-69b4e192c874,2024.0,2024.0,LV
2026,PIT,OL,G,66.0,ACT,Mason McCormick,Mason,McCormick,2000-05-25,77,315,South Dakota State,00-0039358,,,,,,,,,2.0,"https://static.www.nfl.com/image/upload/f_auto,q_auto/league/yp0vhffpxs7w9efy8nvh",MCC592977,57240,32004d43-4359-2977-3526-8911bdf90b01,2024.0,2024.0,PIT
2026,HOU,TE,TE,8.0,ACT,Cade Stover,Cade,Stover,2000-06-12,76,251,Ohio State,00-0039359,4426496,559d5222-0403-4a14-94c7-c7bd5072c939,40987,17794,101486,StovCa00,24986,11599,2.0,"https://static.www.nfl.com/image/upload/f_auto,q_auto/league/ltjwprbwuy9dtyz1dg7y",STO763332,57244,32005354-4f76-3332-ef91-581e774c28f8,2024.0,2024.0,HOU
2026,SF,DB,SAF,6.0,ACT,Malik Mustapha,Malik,Mustapha,2002-06-25,70,206,Wake Forest,00-0039360,4696211,b9500cb3-e259-4d5e-a75c-66b2611c0454,,17808,142358,MustMa00,25163,11731,2.0,"https://static.www.nfl.com/image/upload/f_auto,q_auto/league/de6mruukp9ydyppi9ah6",MUS701799,57245,32004d55-5370-1799-842f-a0b30531265e,2024.0,2024.0,SF
2026,TB,RB,RB,7.0,ACT,Bucky Irving,Mar'Keise,Irving,2002-08-19,70,194,Oregon; Minnesota,00-0039361,4596448,c5249c6f-bd1b-4352-8228-de2bd499ca0d,40993,17784,144970,IrviBu00,24967,11584,2.0,"https://static.www.nfl.com/image/upload/f_auto,q_auto/league/hmgpumoxwhvrrkcjuuuw",IRV731762,57246,32004952-5673-1762-cc21-a0207d2553dd,2024.0,2024.0,TB
2026,DET,OL,OL,59.0,ACT,Giovanni Manu,Giovanni,Manu,2001-01-26,79,350,University of British Columbia,00-0039362,,,,,,,,,2.0,"https://static.www.nfl.com/image/upload/f_auto,q_auto/league/ezxkwp5rtphn8k9rli7u",MAN729913,57247,32004d41-4e72-9913-1845-a0102a94d150,2024.0,2024.0,DET
2026,SF,RB,RB,31.0,ACT,Isaac Guerendo,Isaac,Guerendo,2000-06-28,72,221,Louisville; Wisconsin,00-0039363,4372561,eac64b21-6e9e-447a-bf18-8a00b5c12871,40998,17947,83806,GuerIs00,25063,11651,2.0,"https://static.www.nfl.com/image/upload/f_auto,q_auto/league/lr1qp5tsa5xshzt02urm",GUE547677,57250,32004755-4554-7677-8f5d-c4e05fdb16a1,2024.0,2024.0,SF
2026,DET,RB,RB,33.0,ACT,Sione Vaki,Sione,Vaki,2001-07-30,71,216,Utah,00-0039364,4912274,f5e0334b-b5f1-422f-a437-199c36cc108d,41006,17760,158505,VakiSi00,24930,11729,2.0,"https://static.www.nfl.com/image/upload/f_auto,q_auto/league/jfy4vewdyadb6n1xj2ao",VAK189231,57253,32005641-4b18-9231-3607-fdeb41216406,2024.0,2024.0,DET
2026,SF,WR,WR,19.0,ACT,Jacob Cowing,Jacob,Cowing,2001-02-04,69,170,Arizona; Texas-El Paso,00-0039365,4575665,9c145f4f-c9b1-4c2c-b011-8dc40167d0f1,40996,17008,100894,CowiJa00,24981,11616,2.0,"https://static.www.nfl.com/image/upload/f_auto,q_auto/league/nkyvxf2mewlwkozdszcg",COW532087,57256,3200434f-5753-2087-d639-9da7fffb6b08,2024.0,2024.0,SF
2026,LAC,DB,CB,29.0,ACT,Tarheeb Still,Tarheeb,Still,2002-06-09,73,196,Maryland,00-0039366,4432571,a28d9b86-30ec-40be-98bc-48089b23ba9c,,17936,129537,StilTa00,25139,11779,2.0,"https://static.www.nfl.com/image/upload/f_auto,q_auto/league/omjsmxcvxrgmkboiauhi",STI398856,57258,32005354-4939-8856-98dc-496341ae3506,2024.0,2024.0,LAC
2026,HOU,LB,LB,,RES,Xavier Thomas,Xavier,Thomas,1999-12-20,74,250,Clemson,00-0039367,4360304,086c1e2b-7551-4b55-9de5-1e98083c54ac,,17959,76807,ThomXa01,25272,11767,2.0,"https://static.www.nfl.com/image/upload/f_auto,q_auto/league/s2vfncfgbd15gufixlqf",THO410701,57259,32005448-4f41-0701-7963-119e70113d58,2024.0,2024.0,ARI
2026,WAS,LB,LB,58.0,ACT,Jordan Magee,Jordan,Magee,2001-03-24,75,226,Temple,00-0039368,4568617,0df0a32a-00df-40be-b8c8-774d923957c0,,17882,98155,MageJo00,25244,11778,2.0,"https://static.www.nfl.com/image/upload/f_auto,q_auto/league/ixr3jyd3kfvwqa5qrawh",MAG257251,57260,32004d41-4725-7251-3489-58ff471fb4f6,2024.0,2024.0,WAS
2026,LAC,DB,CB,20.0,ACT,Cam Hart,Cameron,Hart,2000-12-05,74,207,Notre Dame,00-0039369,4427404,78778a0e-d4a1-4a31-9e72-6d226733ba9d,,17843,102955,HartCa00,25298,11749,2.0,"https://static.www.nfl.com/image/upload/f_auto,q_auto/league/noczkerfdcdkwl2copl0",HAR659973,57261,32004841-5265-9973-d355-d2471cc5453a,2024.0,2024.0,LAC
2026,ATL,LB,LB,40.0,ACT,JD Bertrand,JD,Bertrand,2000-05-05,73,230,Notre Dame,00-0039370,4428872,fdb957eb-4146-4453-a6df-f65ca7bc1bb6,,17810,102787,BertJD00,25264,11770,2.0,"https://static.www.nfl.com/image/upload/f_auto,q_auto/league/aiooxohsxjemnkgprgqi",BER779588,57264,32004245-5277-9588-a05e-61bef361ec9c,2024.0,2024.0,ATL
2026,DEN,DB,CB,31.0,ACT,Kris Abrams-Draine,Kris,Abrams-Draine,2001-10-04,71,178,Missouri,00-0039371,4429193,f66366c2-7849-4c96-86d3-19882a7a27b7,,17828,124194,AbraKr00,25229,11765,2.0,"https://static.www.nfl.com/image/upload/f_auto,q_auto/league/q96h765zxponbrs6cnon",ABR462444,57266,32004142-5246-2444-8520-7fc5f4ad93f6,2024.0,2024.0,DEN
2026,NYJ,DB,DB,2.0,ACT,Jarvis Brownlee Jr.,Jarvis,Brownlee,2001-07-13,70,194,Louisville; Florida,00-0039372,4426817,ea3e1da8-9bae-43cc-9538-513976e968e5,,17994,99734,BrowJa09,25217,11766,2.0,"https://static.www.nfl.com/image/upload/f_auto,q_auto/league/u9vm18mpoxmzhukikjy2",BRO827589,57267,32004252-4f82-7589-c891-677a468d7ffd,2024.0,2024.0,TEN
2026,NO,RB,RB,30.0,ACT,Audric Estimé,Audric,Estime,2003-09-06,71,227,Notre Dame,00-0039373,4569682,3b86dd7c-0b21-448d-a662-5675e87fd0da,41019,17788,147476,EstiAu00,24971,11579,2.0,"https://static.www.nfl.com/image/upload/f_auto,q_auto/league/lcoend1mysjfhl8f4rrt",EST610772,57268,32004553-5461-0772-74c0-fa722e2922d5,2024.0,2024.0,DEN
2026,LV,LB,LB,44.0,ACT,Tommy Eichenberg,Tommy,Eichenberg,2001-01-11,74,233,Ohio State,00-0039374,4429560,9473b5d1-4889-465a-aeb1-6115d9d9386f,,17825,101488,EichTo00,25253,11761,2.0,"https://static.www.nfl.com/image/upload/f_auto,q_auto/league/nzujkx5ycu6leuz2ctie",EIC311468,57269,32004549-4331-1468-1cf8-577bffa54426,2024.0,2024.0,LV
2026,CIN,DB,CB,28.0,ACT,Josh Newton,Josh,Newton,2000-09-14,71,190,TCU; Louisiana-Monroe,00-0039375,4365319,9ed5ed68-dd6c-4ac4-8fb7-9f0be37c51b7,,17744,84268,NewtJo00,25023,11764,2.0,"https://static.www.nfl.com/image/upload/f_auto,q_auto/league/imssw1izljtqvd1j1nbp",NEW717321,57270,32004e45-5771-7321-9075-dad471752a62,2024.0,2024.0,CIN
2026,NO,QB,QB,2.0,ACT,Spencer Rattler,Spencer,Rattler,2000-09-28,72,211,South Carolina; Oklahoma,00-0039376,4426339,e0eecf78-86b2-4ee8-8ac9-d7713a138765,41043,17782,97408,RattSp00,23186,11562,2.0,"https://static.www.nfl.com/image/upload/f_auto,q_auto/league/uridusydmg6brwrmpmq6",RAT689214,57271,32005241-5468-9214-c9ac-83458db99cd0,2024.0,2024.0,NO
2026,IND,LB,LB,57.0,ACT,Jaylon Carlies,Jaylon,Carlies,2001-09-13,75,227,Missouri,00-0039377,4601021,dd21aafb-0647-4b85-aa55-603fb75a859f,,18006,124196,CarlJa01,25214,11777,2.0,"https://static.www.nfl.com/image/upload/f_auto,q_auto/league/evxurqzj007jgszo4zxz",CAR106062,57272,32004341-5210-6062-3aab-32ba6d133ec9,2024.0,2024.0,IND
2026,CLE,WR,WR,80.0,ACT,Jamari Thrash,Jamari,Thrash,2000-12-19,72,190,Louisville; Georgia State,00-0039379,4428678,1472d4aa-ffbf-4683-aa91-86bc4795b34e,41016,17686,97399,ThraJa01,24984,11633,2.0,"https://static.www.nfl.com/image/upload/f_auto,q_auto/league/byihyhwwpltzyetas85a",THR048621,57277,32005448-5204-8621-fa03-7d39e65c246b,2024.0,2024.0,CLE
2026,CAR,DB,CB,26.0,ACT,Chau Smith-Wade,Chau,Smith-Wade,2002-09-17,71,176,Washington State,00-0039380,4697636,6fccf852-00cf-4c11-b856-8e4d56acc646,,17877,131956,SmitCh05,25140,11771,2.0,"https://static.www.nfl.com/image/upload/f_auto,q_auto/league/zaw1uynft16o6ltvxjpf",SMI830146,57278,3200534d-4983-0146-6f7f-a3a4b4341521,2024.0,2024.0,CAR
2026,CHI,LB,LB,43.0,ACT,Dominique Hampton,Dominique,Hampton,2000-07-25,75,220,Washington,00-0039381,4361094,d83c6686-ffd6-41cd-a2ca-9583a0470769,,17998,83452,HampDo00,25187,11750,2.0,"https://static.www.nfl.com/image/upload/f_auto,q_auto/league/tcxzdfx8ra5fdotljqtz",HAM712740,57282,32004841-4d71-2740-14ec-b1d54a4522d1,2024.0,2024.0,WAS
2026,AZ,OL,OT,75.0,ACT,Christian Jones,Christian,Jones,2000-05-12,77,320,Texas,00-0039382,,,,,,,,,2.0,"https://static.www.nfl.com/image/upload/f_auto,q_auto/league/ng0yp2qqasthmwcyomzn",JON162388,57283,32004a4f-4e16-2388-f691-24ec23907fd5,2024.0,2024.0,ARI
2026,GB,DB,CB,38.0,ACT,Jaylin Simpson,Jaylin,Simpson,2000-05-17,72,179,Auburn,00-0039383,4567225,6cc15491-4e42-45c2-9c14-8448bc9f8993,,17841,98876,SimpJa00,25145,11775,2.0,"https://static.www.nfl.com/image/upload/f_auto,q_auto/league/nthmqimxeoowstxlj2b6",SIM531085,57285,32005349-4d53-1085-74f4-ae14d47edaa2,2024.0,2024.0,IND
2026,NYG,RB,RB,29.0,ACT,Tyrone Tracy Jr.,Tyrone,Tracy,1999-11-23,71,210,Purdue; Iowa,00-0039384,4360516,fc6c7973-79a9-4974-855e-bc13400fe641,41048,17967,84226,TracTy00,25092,11655,2.0,"https://static.www.nfl.com/image/upload/f_auto,q_auto/league/b9nje50lohbprf06xoom",TRA116277,57287,32005452-4111-6277-e892-3ab02612e4c2,2024.0,2024.0,NYG
2026,NO,WR,WR,16.0,ACT,Bub Means,Jerrod,Means,2001-01-10,74,215,Pittsburgh; Louisiana Tech,00-0039386,4427985,ef0feb13-57b8-474c-a723-cf03f57a321a,41045,17942,98847,MeanBu00,25133,11748,2.0,"https://static.www.nfl.com/image/upload/f_auto,q_auto/league/ombzgoqppbhusiwikupj",MEA763692,57291,32004d45-4176-3692-2c8e-4fc9349f4cc7,2024.0,2024.0,NO
2026,DAL,DB,DB,21.0,ACT,Caelen Carson,Caelen,Carson,2002-03-03,72,195,Wake Forest,00-0039387,4431006,6393b3f5-c426-4895-81d2-b96e0320c450,,17759,123377,CarsCa01,25213,11769,2.0,"https://static.www.nfl.com/image/upload/f_auto,q_auto/league/fh2ndkpodlxgqtvlnrz4",CAR566002,57295,32004341-5256-6002-2166-6c9236e01968,2024.0,2024.0,DAL
2026,NO,LB,LB,53.0,ACT,Jaylan Ford,Jaylan,Ford,2001-11-28,74,240,Texas,00-0039388,4566088,3982da83-370d-40e1-9aa7-632d60db4c4c,,17864,123114,FordJa02,25252,11747,2.0,"https://static.www.nfl.com/image/upload/f_auto,q_auto/league/qns0y4mrxe7icohn5ewg",FOR229985,57296,3200464f-5222-9985-c677-cbfd5c113949,2024.0,2024.0,NO
2026,PIT,DL,DT,91.0,ACT,Logan Lee,Logan,Lee,2000-06-12,77,286,Iowa,00-0039389,4569474,3132d9fc-95bc-43a9-8449-df3c74d872e8,,17935,101416,LeexLo00,25197,11811,2.0,"https://static.www.nfl.com/image/upload/f_auto,q_auto/league/uqzerr2nojwkwimbldeq",LEE445336,57298,32004c45-4544-5336-bd48-d3ab1770b89f,2024.0,2024.0,PIT
2026,NE,DB,CB,27.0,ACT,Marcellas Dial Jr.,Marcellas,Dial,2000-12-06,72,190,South Carolina; Georgia Military,00-0039390,4875079,2c5c81d9-07bd-40a7-8052-8c2fa1203834,,17984,146902,DialMa00,25203,11809,2.0,"https://static.www.nfl.com/image/upload/f_auto,q_auto/league/f7gahvkgajai22d7ndqh",DIA317841,57300,32004449-4131-7841-1bda-d307ef045f93,2024.0,2024.0,NE
2026,LAC,RB,RB,28.0,ACT,Kimani Vidal,Kimani,Vidal,2001-08-28,68,215,Troy,00-0039391,4430968,ed923635-f021-4b76-9dbb-9f1901eeaab9,41052,17821,123727,VidaKi00,25079,11647,2.0,"https://static.www.nfl.com/image/upload/f_auto,q_auto/league/huwihtava8gkxzb4cxb8",VID103821,57301,32005649-4410-3821-f78f-4dbf76ad9374,2024.0,2024.0,LAC
2026,HOU,WR,WR,,ACT,Jha'Quan Jackson,Jha'Quan,Jackson,2000-05-15,69,188,Tulane,00-0039392,4427575,bcb054df-47e9-411c-8c9d-eef1a9a25487,41065,17972,101135,JackJh00,25132,11808,2.0,"https://static.www.nfl.com/image/upload/f_auto,q_auto/league/f4oqjj2aez3lnnt2wego",JAC241006,57302,32004a41-4324-1006-280b-0745621b4191,2024.0,2024.0,TEN
2026,ATL,WR,WR,82.0,ACT,Casey Washington,Casey,Washington,2001-03-06,72,205,Illinois,00-0039394,4428796,98b9b952-b31f-47c4-9fac-9d7516af34df,41074,18044,101710,WashCa01,25304,11806,2.0,"https://static.www.nfl.com/image/upload/f_auto,q_auto/league/wkoysykj4htld4yajljn",WAS075963,57307,32005741-5307-5963-c06b-78584533e0b2,2024.0,2024.0,ATL
2026,HOU,LB,LB,56.0,ACT,Jamal Hill,Jamal,Hill,2001-04-01,72,226,Oregon,00-0039395,4427479,8ff249ba-9bd7-4faa-8e21-cfefabb561bb,,18059,100609,HillJa02,25337,11805,2.0,"https://static.www.nfl.com/image/upload/f_auto,q_auto/league/bgdos2dbar8m6nvgsnjd",HIL346674,57308,32004849-4c34-6674-5c5a-e534e25143dd,2024.0,2024.0,HOU
2026,DET,DL,DT,94.0,ACT,Mekhi Wingo,Mekhi,Wingo,2003-04-17,72,288,LSU; Missouri,00-0039396,4586333,f6f39738-d9ec-45bb-8d6c-e64dfccdf3e4,,17750,128050,WingMe00,24925,11804,2.0,"https://static.www.nfl.com/image/upload/f_auto,q_auto/league/ckvl3i75w2bockcqkaxs",WIN280067,57309,32005749-4e28-0067-e05b-a095c9de34df,2024.0,2024.0,DET
2026,AZ,WR,WR,83.0,ACT,Tejhaun Palmer,Tejhaun,Palmer,2000-05-19,74,210,UAB,00-0039397,4875912,99345c7e-a544-477c-8b57-a4a2b8bcce27,41079,18073,145443,PalmTe00,25338,11802,2.0,"https://static.www.nfl.com/image/upload/f_auto,q_auto/league/ngj0tmtegnrjbz5qcbql",PAL661865,57311,32005041-4c66-1865-8429-a408d8e352f7,2024.0,2024.0,ARI
2026,DAL,QB,QB,10.0,ACT,Joe Milton III,Joe,Milton,2000-03-06,77,246,Tennessee; Michigan,00-0039398,4360698,74043480-24ef-4c26-99d4-18f43d5b41d3,41060,17830,82151,MiltJo00,25025,11557,2.0,"https://static.www.nfl.com/image/upload/f_auto,q_auto/league/tsj9lobse1gxzanf39dt",MIL818788,57313,32004d49-4c81-8788-f5e1-fe90adee6d31,2024.0,2024.0,NE
2026,BUF,DL,DT,93.0,ACT,Zion Logue,Zion,Logue,2001-07-13,78,325,Georgia,00-0039400,4427826,17805ded-83cc-49b2-95f1-855841dcede5,,17949,98944,LoguZi00,25200,11798,2.0,"https://static.www.nfl.com/image/upload/f_auto,q_auto/league/hjvgh6qokifb6ebk8y96",LOG824407,57317,32004c4f-4782-4407-9200-767622ed6c1a,2024.0,2024.0,ATL
2026,NO,DL,DT,97.0,ACT,Khristian Boyd,Khristian,Boyd,2000-02-23,74,320,Northern Iowa,00-0039401,4384595,538b5b00-3ad4-45c2-8d97-26f8c57ba1ed,,18055,88444,BoydKh00,25335,11796,2.0,"https://static.www.nfl.com/image/upload/f_auto,q_auto/league/fkztmzly7yp8zquuz1yc",BOY229168,57319,3200424f-5922-9168-a020-723f63af0ce6,2024.0,2024.0,NO
2026,GB,DL,DT,63.0,ACT,Jaden Crumedy,Jaden,Crumedy,2000-07-30,76,301,Mississippi State,00-0039402,4362910,ab636859-ef8d-443e-b2db-b555b21705c8,,17885,83508,CrumJa00,25231,11795,2.0,"https://static.www.nfl.com/image/upload/f_auto,q_auto/league/xmbnm0swk4oqrrnslrn5",CRU236813,57320,32004352-5523-6813-a20b-aee47516f2d9,2024.0,2024.0,CAR
2026,MIN,K,K,16.0,ACT,Will Reichard,Will,Reichard,2001-01-09,73,190,Alabama,00-0039404,4567104,6f667582-b880-4c41-a105-59c347a36c0d,41093,17922,98965,ReicWi00,25113,11792,2.0,"https://static.www.nfl.com/image/upload/f_auto,q_auto/league/r1g0mqxqc23tmqmgdbwm",REI037913,57323,32005245-4903-7913-8590-ea14fc89ba01,2024.0,2024.0,MIN
2026,HOU,RB,RB,25.0,ACT,Jawhar Jordan,Jawhar,Jordan,1999-08-18,70,186,Louisville; Syracuse,00-0039405,4429939,d3ddb80f-6f08-4594-be42-4c2f0716f4ef,41064,17916,99595,JordJa00,24991,11588,2.0,"https://static.www.nfl.com/image/upload/f_auto,q_auto/league/kyopmcyi4hzko3cxiaxy",JOR314292,57325,32004a4f-5231-4292-d469-14bbab1f8a0b,2024.0,2024.0,HOU
2026,CLE,LB,LB,40.0,ACT,Nathaniel Watson,Nathaniel,Watson,2000-09-01,72,233,Mississippi State,00-0039406,4362895,7de6f8cd-e4bc-4a0e-b339-12990b4b7c57,,17898,81317,WatsNa00,25232,11790,2.0,"https://static.www.nfl.com/image/upload/f_auto,q_auto/league/imp6cipge01zacx6g4tr",WAT471746,57326,32005741-5447-1746-3779-3f5198d4afe6,2024.0,2024.0,CLE
2026,LV,RB,RB,23.0,ACT,Dylan Laube,Dylan,Laube,1999-12-14,69,204,New Hampshire,00-0039407,4366963,de5b56bd-33f0-48bc-b1e3-9523bd6bba64,41054,17818,88664,LaubDy00,25054,11574,2.0,"https://static.www.nfl.com/image/upload/f_auto,q_auto/league/lpizdza73bgksstymv5t",LAU037491,57328,32004c41-5503-7491-8712-116c9eaabb71,2024.0,2024.0,LV
2026,DET,OL,G,73.0,ACT,Christian Mahogany,Christian,Mahogany,2000-10-11,75,327,Boston College,00-0039408,,,,,,,,,2.0,"https://static.www.nfl.com/image/upload/f_auto,q_auto/league/lsxh6dh5fkomkwvfjlwi",MAH399714,57330,32004d41-4839-9714-9758-c27ab0db5eac,2024.0,2024.0,DET
2026,JAX,K,K,39.0,ACT,Cam Little,Cam,Little,2003-08-17,73,172,Arkansas,00-0039409,4686361,42d90cdf-5494-4576-bc1e-4b5d3de99f5f,41062,17926,146646,LittCa00,24960,11786,2.0,"https://static.www.nfl.com/image/upload/f_auto,q_auto/league/pfdod5cds77uznkotipk",LIT228870,57332,32004c49-5422-8870-662a-03e5e5f1c33d,2024.0,2024.0,JAX
2026,DAL,WR,WR,19.0,ACT,Ryan Flournoy,Ryan,Flournoy,1999-10-27,73,200,Southeast Missouri State; Iowa Western CC,00-0039410,5083754,ebf6bc25-5e74-4588-86d6-5dadba3f9bcd,41087,17974,159617,FlouRy00,25124,11783,2.0,"https://static.www.nfl.com/image/upload/f_auto,q_auto/league/tqwq3cgpqu7j9hzoyicx",FLO245061,57336,3200464c-4f24-5061-41f9-621c1f481420,2024.0,2024.0,DAL
2026,TB,OL,G,79.0,ACT,Elijah Klein,Elijah,Klein,2000-04-08,76,319,Texas-El Paso,00-0039411,,,,,,,,,2.0,"https://static.www.nfl.com/image/upload/f_auto,q_auto/league/icvvhledvoxc3b4exs0f",KLE242574,57340,32004b4c-4524-2574-48bd-f4613730d626,2024.0,2024.0,TB
2026,WAS,LB,LB,90.0,ACT,Javontae Jean-Baptiste,Javontae,Jean-Baptiste,2000-05-16,76,260,Notre Dame; Ohio State,00-0039412,4361357,5e6813f4-d436-45d2-a30e-f32a1e1b989c,,17953,83514,JeanJa00,25169,11816,2.0,"https://static.www.nfl.com/image/upload/f_auto,q_auto/league/cgw1mirojztblwmhsz45",JEA410228,57342,32004a45-4141-0228-15c7-489c4c7a1eeb,2024.0,2024.0,WAS
2026,CIN,DB,SAF,33.0,ACT,Daijahn Anthony,Daijahn,Anthony,2000-09-09,72,200,Mississippi; Liberty,00-0039414,4874448,709bd5ab-4e34-49fa-9203-f4dacfb5e226,,17997,147537,AnthDa00,25225,11831,2.0,"https://static.www.nfl.com/image/upload/f_auto,q_auto/league/wjjlh3vbqicqopz3qda7",ANT111455,57344,3200414e-5411-1455-6660-1276cba54e95,2024.0,2024.0,CIN
2026,GB,WR,WR,,ACT,Brenden Rice,Brenden,Rice,2002-03-18,75,210,USC; Colorado,00-0039415,4686781,5c33558d-02fb-4c99-88d3-37083472c19f,41098,17756,131692,RiceBr00,25101,11621,2.0,"https://static.www.nfl.com/image/upload/f_auto,q_auto/league/upu2vor6vg1wma5jpfqi",RIC069213,57345,32005249-4306-9213-8165-9126cfdc9e89,2024.0,2024.0,LAC
2026,AZ,DB,DB,39.0,ACT,Jaden Davis,Jaden,Davis,2001-07-18,70,182,Miami; Oklahoma,00-0039416,4426435,4c467662-7d7c-4a5f-b453-b0c871c72d8b,,18076,97250,DaviJa09,25346,11837,2.0,"https://static.www.nfl.com/image/upload/f_auto,q_auto/league/i69ylzegiwwf1qarla1d",DAV419291,57346,32004441-5641-9291-3510-df78d5f3c58c,2024.0,2024.0,ARI
2026,CLE,DB,CB,26.0,ACT,Myles Harden,Myles,Harden,2001-12-13,71,195,South Dakota,00-0039417,4695783,91fae7d2-6f40-4ad6-b49f-0d05405ada81,,17995,141857,HardMy00,25184,11836,2.0,"https://static.www.nfl.com/image/upload/f_auto,q_auto/league/r8uhacjplbkmlg2uoeou",HAR049297,57347,32004841-5204-9297-c764-1780b0487c93,2024.0,2024.0,CLE
2026,GB,DB,DB,,ACT,MJ Devonshire,Marlon,Devonshire,2000-09-12,71,186,Pittsburgh; Kentucky,00-0039418,4427068,ca7c7772-15a6-4bc8-a93e-11a369ddd14b,,17993,98832,DevoMJ00,25206,11825,2.0,"https://static.www.nfl.com/image/upload/f_auto,q_auto/league/ntllcok2oa83j6zouypd",DEV732066,57349,32004445-5673-2066-44b0-68da2ef75242,2024.0,2024.0,LV
2026,MIN,OL,G,65.0,ACT,Michael Jurgens,Michael,Jurgens,2000-01-01,76,311,Wake Forest,00-0039419,,,,,,,,,2.0,"https://static.www.nfl.com/image/upload/f_auto,q_auto/league/f30ska1lnevapmv8vait",JUR111238,57350,32004a55-5211-1238-283c-1d5616c4b810,2024.0,2024.0,MIN
2026,PIT,TE,TE,82.0,ACT,Jaheim Bell,Jaheim,Bell,2001-06-14,74,241,Florida State; South Carolina,00-0039420,4429262,c9b2f6f5-b8bc-48ca-ac33-fa18883c2f6b,41106,17848,124225,BellJa00,25104,11605,2.0,"https://static.www.nfl.com/image/upload/f_auto,q_auto/league/wm88pq0ncxo2wuktwqni",BEL377608,57351,32004245-4c37-7608-e6e1-a3f4f5be30e6,2024.0,2024.0,NE
2026,MIN,DL,DL,50.0,ACT,Levi Drake Rodriguez,Levi Drake,Rodriguez,2000-08-04,74,307,East Texas A&M,00-0039421,5093973,f755051d-6986-40c4-aba4-126af4b1842e,,18078,165670,RodrLe00,25348,11819,2.0,"https://static.www.nfl.com/image/upload/f_auto,q_auto/league/omsedg4telmr0fvhhegj",ROD676244,57352,3200524f-4467-6244-74b5-c1484cd93e04,2024.0,2024.0,MIN
2026,DAL,OL,OT,71.0,ACT,Nathan Thomas,Nathan,Thomas,2001-08-22,77,330,Louisiana-Lafayette,00-0039422,,,,,,,,,2.0,"https://static.www.nfl.com/image/upload/f_auto,q_auto/league/eqezy9smygtojjoshtgt",THO309072,57353,32005448-4f30-9072-12b6-d41fa3271f1a,2024.0,2024.0,DAL
2026,LV,DL,DT,96.0,ACT,Jonah Laulu,Jonah,Laulu,2000-06-30,77,289,Oklahoma; Hawaii,00-0039423,4373956,44d0ebd8-d1ca-4e6a-8af3-cbd55f6acc7d,,18056,75763,LaulJo00,25349,11827,2.0,"https://static.www.nfl.com/image/upload/f_auto,q_auto/league/zqjhfs8ufqncqsiuobgh",LAU559338,57354,32004c41-5555-9338-1f0f-8dbdba2b84c4,2024.0,2024.0,IND
2026,NO,WR,WR,14.0,ACT,Devaughn Vele,Devaughn,Vele,1997-12-12,77,210,Utah,00-0039424,4569559,2a638f35-a80a-46db-9722-12b49d45ab52,41097,17975,100637,VeleDe00,25198,11834,2.0,"https://static.www.nfl.com/image/upload/f_auto,q_auto/league/sxlrltvxbb2utwgjgdbt",VEL175757,57355,32005645-4c17-5757-4807-8639d5d53004,2024.0,2024.0,DEN
2026,NO,DL,DE,57.0,ACT,Myles Cole,Myles,Cole,2000-04-29,78,278,Texas Tech; Louisiana-Monroe,00-0039425,4365303,0d50064b-8915-46b2-bdc8-7582a1a17f8b,,17905,83500,ColeMy00,25233,11844,2.0,"https://static.www.nfl.com/image/upload/f_auto,q_auto/league/o5lyqgakz6zpshdrk7wu",COL153169,57356,3200434f-4c15-3169-e8c9-638b5cf60e05,2024.0,2024.0,JAX
2026,HOU,DL,DE,50.0,ACT,Solomon Byrd,Solomon,Byrd,1999-12-01,75,250,USC; Wyoming,00-0039427,4361689,cf6282ec-1e7e-4157-b2c1-fab1afa90f88,,17956,75742,ByrdSo00,25239,11829,2.0,"https://static.www.nfl.com/image/upload/f_auto,q_auto/league/h7hobk6khnt9enocvbbg",BYR594327,57358,32004259-5259-4327-ccca-9a65be216bdd,2024.0,2024.0,HOU
2026,TEN,LB,LB,52.0,ACT,James Williams,James,Williams,2003-02-15,76,232,Miami,00-0039430,4431613,3c58378b-d327-4d25-b2b9-1aead2975bcb,,17834,143955,WillJa15,24926,11847,2.0,"https://static.www.nfl.com/image/upload/f_auto,q_auto/league/r31rpfa1ju3bqddeuhom",WIL332566,57362,32005749-4c33-2566-ad75-de335f6a9aae,2024.0,2024.0,TEN
2026,NYJ,DL,DE,91.0,ACT,Jowon Briggs,Jowon,Briggs,2001-09-01,73,313,Cincinnati; Virginia,00-0039431,4426676,0b366a95-a3a6-4044-a9de-b6bf78fb339e,,18079,74867,BrigJo00,25350,11846,2.0,"https://static.www.nfl.com/image/upload/f_auto,q_auto/league/emqn6acxlbepnozv0cll",BRI147008,57363,32004252-4914-7008-f11f-43dbc9de9f1d,2024.0,2024.0,CLE
2026,KC,DL,DT,68.0,ACT,Marcus Harris,Marcus,Harris,2000-09-27,75,295,Auburn; Kansas,00-0039433,4573152,4b56e1ba-37e9-4f00-8782-717c6e6c4555,,17840,97937,HarrMa08,25158,11828,2.0,"https://static.www.nfl.com/image/upload/f_auto,q_auto/league/quoneugfzuopugny5kwp",HAR474674,57367,32004841-5247-4674-4622-c639bfe2198a,2024.0,2024.0,HOU
2026,SF,LB,LB,48.0,ACT,Tatum Bethune,Tatum,Bethune,2001-02-19,72,230,Florida State; UCF,00-0039435,4426698,5eb6ff1f-98c2-499b-9d11-37c3d1173993,,17961,98532,BethTa00,25263,11842,2.0,"https://static.www.nfl.com/image/upload/f_auto,q_auto/league/hbmwbevay9amntpkvfbt",BET334096,57371,32004245-5433-4096-9cd3-8690d0b53217,2024.0,2024.0,SF
2026,TEN,DL,DE,92.0,ACT,Jaylen Harrell,Jaylen,Harrell,2002-05-01,76,247,Michigan,00-0039436,4429058,bd77a854-4a7f-4840-a3f9-c5f428bd2dda,,17682,129579,HarrJa05,25222,11835,2.0,"https://static.www.nfl.com/image/upload/f_auto,q_auto/league/bchqpne0r2pz0plq34pv",HAR310353,57372,32004841-5231-0353-db0b-f7de9472b412,2024.0,2024.0,TEN
2026,BAL,WR,WR,86.0,ACT,Cornelius Johnson,Cornelius,Johnson,2000-11-29,75,208,Michigan,00-0039437,4426479,aef0e96a-d473-4991-9bb3-a9764d777a36,41099,17051,97996,JohnCo02,23146,11815,2.0,"https://static.www.nfl.com/image/upload/f_auto,q_auto/league/axeeamb8miomsn79q663",JOH139638,57373,32004a4f-4813-9638-ef0a-952ccb790dcc,2024.0,2024.0,LAC
2026,DEN,OL,G,66.0,ACT,Nick Gargiulo,Nicholas,Gargiulo,2000-07-19,77,310,South Carolina; Yale,00-0039438,,,,,,,,,2.0,"https://static.www.nfl.com/image/upload/f_auto,q_auto/league/pawbo1wviohv1ssxkgi3",GAR215720,57376,32004741-5221-5720-7895-ddf220567373,2024.0,2024.0,DEN
2026,CLE,OL,C,65.0,ACT,Kingsley Eguakun,Kingsley,Eguakun,2001-03-23,75,305,Florida,00-0039442,,,,,,,,,2.0,"https://static.www.nfl.com/image/upload/f_auto,q_auto/league/tybhcfzdfccvnxz4labx",EGU437422,57556,32004547-5543-7422-543e-16c95f93f09f,2024.0,2024.0,
2026,DET,LS,LS,49.0,ACT,Hogan Hatten,Hogan,Hatten,2000-08-06,74,239,Idaho,00-0039445,,,,,,,,,2.0,"https://static.www.nfl.com/image/upload/f_auto,q_auto/league/kgeurwp926ca1jb9ohyg",HAT771098,57559,32004841-5477-1098-8ff9-1fd055467d3a,2024.0,2024.0,
2026,NYG,OL,C,60.0,ACT,Bryan Hudson,Bryan,Hudson,2001-01-11,77,305,Louisville,00-0039446,,,,,,,,,2.0,"https://static.www.nfl.com/image/upload/f_auto,q_auto/league/mjwkrxup61p8m8c7zypa",HUD246242,57560,32004855-4424-6242-6f9f-5843ccd2f1bb,2024.0,2024.0,
2026,DET,DB,SAF,24.0,ACT,Loren Strickland,Loren,Strickland,2000-05-31,70,202,Ball State; University of Indianapolis,00-0039448,4917439,e24c79c0-07c1-11ef-8750-a30ae2a12558,,18341,156894,StriLo00,25628,12161,2.0,"https://static.www.nfl.com/image/upload/f_auto,q_auto/league/mdjbxwe641g71egv02ru",STR408872,57562,32005354-5240-8872-ef25-526efd545a20,2024.0,2024.0,
2026,NYJ,WR,WR,18.0,ACT,Isaiah Williams,Isaiah,Williams,2001-01-29,70,185,Illinois,00-0039451,4569371,2ddb2f40-07bc-11ef-82d9-5f86367458d3,41421,17977,97156,WillIs03,25205,11608,2.0,"https://static.www.nfl.com/image/upload/f_auto,q_auto/league/oh3pm7dzgswlgxn371tx",WIL319263,57565,32005749-4c31-9263-c2fd-331ed4ebd1b7,2024.0,2024.0,
2026,NO,DB,CB,22.0,ACT,Beanie Bishop Jr.,Shannon,Bishop,1999-12-17,70,184,West Virginia; Minnesota; Western Kentucky,00-0039454,4363052,c20acbf0-04f9-11ef-8561-b171b26383e5,,17933,83459,BishBe00,25417,11860,2.0,"https://static.www.nfl.com/image/upload/f_auto,q_auto/league/pl6ci3nsbltqwk2u3sbl",BIS687116,57568,32004249-5368-7116-3787-b146f5a6914c,2024.0,2024.0,
2026,CLE,TE,TE,82.0,ACT,Brenden Bates,Brenden,Bates,1999-10-16,77,255,Kentucky,00-0039458,4362603,eb055af0-0e1a-11ef-aa6c-9183e6948e0f,,18253,53746,BateBr00,25486,12374,2.0,"https://static.www.nfl.com/image/upload/f_auto,q_auto/league/th1klervgxrienmlierf",BAT104691,57572,32004241-5410-4691-194a-8756c632bfce,2024.0,2024.0,
2026,CHI,OL,OL,79.0,ACT,Theo Benedet,Theo,Benedet,2001-12-10,79,305,University of British Columbia,00-0039459,,,,,,,,,2.0,"https://static.www.nfl.com/image/upload/f_auto,q_auto/league/b1obftpy4k1rwqtp9gec",BEN023359,57573,32004245-4e02-3359-75e8-fbe6830283dc,2024.0,2024.0,
2026,BAL,LB,LB,48.0,ACT,Carl Jones,Carl,Jones,2001-08-08,74,230,UCLA,00-0039460,4569428,,,18255,100406,JoneCa05,,,2.0,"https://static.www.nfl.com/image/upload/f_auto,q_auto/league/a4lmh1641vpgogdu5hfy",JON148607,57574,32004a4f-4e14-8607-73a8-7339ec4c8a87,2024.0,2024.0,
2026,CHI,DL,DE,59.0,ACT,Jamree Kromah,Jamree,Kromah,2000-06-14,75,268,James Madison; Rutgers,00-0039461,,,,,,,,,2.0,"https://static.www.nfl.com/image/upload/f_auto,q_auto/league/grbmb6tryc8rluxw3jlz",KRO422612,57575,32004b52-4f42-2612-12ce-42f4c214f985,2024.0,2024.0,
2026,DAL,DB,DB,27.0,ACT,Reddy Steward,Reddrick,Steward,2001-05-04,71,178,Troy,00-0039465,4428584,53ca5630-071d-11ef-9523-7119a13023a1,,18259,97289,StewRe00,25484,12037,2.0,"https://static.www.nfl.com/image/upload/f_auto,q_auto/league/augbl90tb3qkkev6e0kq",STE729675,57579,32005354-4572-9675-2422-0cf1a2a0f2a2,2024.0,2024.0,
2026,BUF,DB,DB,33.0,ACT,Te'Cory Couch,Te'Cory,Couch,1999-09-06,70,185,Miami,00-0039469,,,,,,,,,2.0,"https://static.www.nfl.com/image/upload/f_auto,q_auto/league/vzh2dirtk77zm4vig1lx",COU032732,57583,3200434f-5503-2732-6c95-5da84c2fc00c,2024.0,2024.0,
2026,BUF,RB,RB,20.0,ACT,Frank Gore Jr.,Franklin,Gore,2002-03-13,68,201,Southern Mississippi,00-0039471,4429805,cd4c8e90-06f7-11ef-a3ab-0317e25dec4e,41243,17853,121457,GoreFr01,25100,11573,2.0,"https://static.www.nfl.com/image/upload/f_auto,q_auto/league/qzf7faowlqoh5nengpq5",GOR415561,57585,3200474f-5241-5561-1c30-18a57f560a0d,2024.0,2024.0,
2026,CIN,WR,WR,18.0,ACT,Xavier Johnson,Xavier,Johnson,1999-05-11,73,210,Ohio State,00-0039473,4385430,4bf636c0-0706-11ef-b33a-7b84ef0f7eb5,41274,18295,101641,JohnXa00,25459,11969,2.0,"https://static.www.nfl.com/image/upload/f_auto,q_auto/league/lrbygmechihaqjdlfc9o",JOH789349,57587,32004a4f-4878-9349-3ced-d3a0493ba212,2024.0,2024.0,
2026,JAX,DB,CB,31.0,ACT,Keni-H Lovely,Keni-H,Lovely,2000-05-12,70,182,Western Michigan,00-0039475,,,,,,,,,1.0,"https://static.www.nfl.com/image/upload/f_auto,q_auto/league/nwwo7kradjt4asnrnmts",LOV461711,57589,32004c4f-5646-1711-3228-81a3cee44d85,2025.0,2025.0,
2026,MIA,DB,CB,29.0,ACT,Storm Duck,Storm,Duck,2000-12-15,72,195,Louisville,00-0039481,4427103,84cde2b0-07c2-11ef-95e1-89469c9b9880,,18276,97705,DuckSt00,25382,12147,2.0,"https://static.www.nfl.com/image/upload/f_auto,q_auto/league/pas8heqf372ppqigvcoi",DUC093934,57596,32004455-4309-3934-ebb3-3a4d5bfc1a52,2024.0,2024.0,
2026,MIA,OL,C,60.0,ACT,Andrew Meyer,Andrew,Meyer,2000-01-14,75,295,Texas-El Paso,00-0039485,,,,,,,,,2.0,"https://static.www.nfl.com/image/upload/f_auto,q_auto/league/vhq8muro7sjixsgpmlux",MEY020320,57600,32004d45-5902-0320-4fd8-ba1f4068e3c2,2024.0,2024.0,
2026,GB,DB,SAF,41.0,ACT,Mark Perry,Mark,Perry,2001-05-30,72,211,TCU,00-0039488,,,,,,,,,2.0,"https://static.www.nfl.com/image/upload/f_auto,q_auto/league/lhupbjcs8nap7oj29r5g",PER649218,57603,32005045-5264-9218-68c6-ebb39255931a,2024.0,2024.0,
2026,SF,TE,TE,83.0,ACT,Hayden Rucci,Hayden,Rucci,2001-01-27,77,247,Wisconsin,00-0039489,4428396,,,18251,101680,RuccHa00,,,2.0,"https://static.www.nfl.com/image/upload/f_auto,q_auto/league/ditkdfxzbjpe6cqcv2ou",RUC033222,57604,32005255-4303-3222-1bc8-428fd6299ce8,2024.0,2024.0,
2026,CAR,WR,WR,18.0,ACT,Jalen Coker,Jalen,Coker,2001-10-30,75,213,Holy Cross,00-0039491,4695883,67977ab0-070b-11ef-978d-05d80704d329,41293,17976,143068,CokeJa01,25122,11646,2.0,"https://static.www.nfl.com/image/upload/f_auto,q_auto/league/tbo339znpzrfki8hri95",COK451291,57606,3200434f-4b45-1291-8e86-939dcb7ab63f,2024.0,2024.0,
2026,LA,K,K,92.0,ACT,Harrison Mevis,Harrison,Mevis,2002-03-27,72,245,Missouri,00-0039498,4574716,663ada70-0717-11ef-94de-1b2fbd1e412b,,17921,124212,MeviHa00,25119,12015,1.0,"https://static.www.nfl.com/image/upload/f_auto,q_auto/league/llxz144jnuzivgcvbxrl",MEV426541,57613,32004d45-5642-6541-c792-3b48c4af2cf6,2025.0,2025.0,
2026,LA,DB,DB,,ACT,Alex Johnson,Alex,Johnson,2000-10-11,72,185,UCLA,00-0039506,,,,,,,,,2.0,"https://static.www.nfl.com/image/upload/f_auto,q_auto/league/nzagvnoa9yroqgwpm8wq",JOH039836,57621,32004a4f-4803-9836-2f91-101af0c2ecf2,2024.0,2024.0,
2026,DAL,OL,OT,79.0,ACT,Marcellus Johnson,Marcellus,Johnson,2000-04-01,76,307,Missouri; Eastern Michigan,00-0039507,,,,,,,,,2.0,"https://static.www.nfl.com/image/upload/f_auto,q_auto/league/mtp3mdeer8efnat60zu2",JOH489096,57622,32004a4f-4848-9096-ee78-f01e0e92decb,2024.0,2024.0,
2026,NYG,OL,G,63.0,ACT,Jake Kubas,Jake,Kubas,2000-08-13,76,308,North Dakota State,00-0039508,,,,,,,,,2.0,"https://static.www.nfl.com/image/upload/f_auto,q_auto/league/dkifr9pw3zv7otboymtn",KUB262743,57623,32004b55-4226-2743-f3e2-ae57dba09bba,2024.0,2024.0,
2026,CLE,DB,SAF,41.0,ACT,Chris Edmonds,Chris,Edmonds,2001-07-16,74,210,Arizona State; Samford,00-0039513,4572922,,,18289,105737,EdmoCh01,,,2.0,"https://static.www.nfl.com/image/upload/f_auto,q_auto/league/fvujgol1xqagsysqgveu",EDM183741,57629,32004544-4d18-3741-ce50-733638bb4ae0,2024.0,2024.0,
2026,CLE,LB,LB,59.0,ACT,Winston Reid,Winston,Reid,1999-08-03,72,225,Weber State,00-0039515,4251125,f3790430-072a-11ef-a3a3-25be50b73d84,,18292,63354,ReidWi01,25359,12083,2.0,"https://static.www.nfl.com/image/upload/f_auto,q_auto/league/pdh6lfhfcihybfqdrodo",REI386326,57632,32005245-4938-6326-8ef4-bef213eb2b16,2024.0,2024.0,
2026,PIT,OL,OT,69.0,ACT,Lorenzo Thompson,Lorenzo,Thompson,2000-06-21,78,305,Rhode Island,00-0039517,,,,,,,,,2.0,"https://static.www.nfl.com/image/upload/f_auto,q_auto/league/d3gwgfz8yzxmqjsjrpus",THO628672,57635,32005448-4f62-8672-9ecd-3c61aad29608,2024.0,2024.0,
2026,NO,TE,TE,82.0,ACT,Treyton Welch,Treyton,Welch,2001-01-10,76,240,Wyoming,00-0039518,,,,,,,,,2.0,"https://static.www.nfl.com/image/upload/f_auto,q_auto/league/ar994jnqdyusmuvjkve1",WEL130588,57636,32005745-4c13-0588-355d-f136a7b07b1c,2024.0,2024.0,
2026,AZ,WR,WR,89.0,ACT,Xavier Weaver,Xavier,Weaver,2000-10-12,73,185,Colorado; University of South Florida,00-0039521,4428811,ffd59710-0582-11ef-823c-c3942ac17525,41202,18041,101130,WeavXa00,25032,11921,2.0,"https://static.www.nfl.com/image/upload/f_auto,q_auto/league/bevrgazhjzigxagrb0qo",WEA802270,57639,32005745-4180-2270-4001-4e374e6b003d,2024.0,2024.0,
2026,LAC,LB,LB,50.0,ACT,Emany Johnson,Emany,Johnson,2000-11-17,74,218,Nevada,00-0039526,4361437,5f0cb3a0-072f-11ef-bc8a-710de207b77a,,18244,83331,JohnEm00,25622,12087,2.0,"https://static.www.nfl.com/image/upload/f_auto,q_auto/league/cuupvisgljx3695uowf9",JOH223841,57645,32004a4f-4822-3841-6c7f-03359a6523fc,2024.0,2024.0,
2026,DAL,TE,TE,89.0,ACT,Brevyn Spann-Ford,Brevyn,Spann-Ford,1999-12-27,79,270,Minnesota,00-0039530,4360967,efc8d800-072b-11ef-892f-5b772aae3c25,41371,17908,84006,SpanBr00,25134,11593,2.0,"https://static.www.nfl.com/image/upload/f_auto,q_auto/league/tsblwzvfsxuvohhfagls",SPA500688,57649,32005350-4150-0688-83b8-e822e79db346,2024.0,2024.0,
2026,DAL,DB,SAF,32.0,ACT,Julius Wood,Julius,Wood,2001-05-02,73,194,East Carolina; Blinn College,00-0039532,4872841,a7011ca0-072f-11ef-aee1-63cc61868faa,,18247,151039,WoodJu00,25519,12089,2.0,"https://static.www.nfl.com/image/upload/f_auto,q_auto/league/opke4dsj9naunzwksrin",WOO081961,57651,3200574f-4f08-1961-3485-4b34f086fc3d,2024.0,2024.0,
2026,JAX,QB,QB,10.0,ACT,Carter Bradley,Carter,Bradley,2000-03-09,75,221,South Alabama; Toledo,00-0039534,4362260,30ee4a00-04fb-11ef-bec6-79d1846dfa68,41133,17918,77685,BradCa02,25044,11851,2.0,"https://static.www.nfl.com/image/upload/f_auto,q_auto/league/kw2ogega4ojum3hyecya",BRA119394,57653,32004252-4111-9394-d492-3227e4fed9a2,2024.0,2024.0,
2026,CIN,OL,OT,79.0,ACT,Andrew Coker,Andrew,Coker,2001-03-23,79,315,TCU,00-0039535,,,,,,,,,2.0,"https://static.www.nfl.com/image/upload/f_auto,q_auto/league/rktctznfvw80aflxw4xr",COK422041,57654,3200434f-4b42-2041-d6ea-bb25c63df9ec,2024.0,2024.0,
2026,NE,LB,LB,99.0,ACT,Amari Gainer,Amari,Gainer,2000-06-22,75,240,North Carolina; Florida State,00-0039539,4360469,eaa99000-04fe-11ef-8bc5-45a7fe95a203,,18140,77091,GainAm00,25449,11855,2.0,"https://static.www.nfl.com/image/upload/f_auto,q_auto/league/wiinmucsxqly9vkw95pe",GAI121407,57658,32004741-4912-1407-b7e2-88221e702f6d,2024.0,2024.0,
2026,LV,OL,C,67.0,ACT,Will Putnam,Will,Putnam,2000-08-13,76,301,Clemson,00-0039544,,,,,,,,,2.0,"https://static.www.nfl.com/image/upload/f_auto,q_auto/league/clwvsywtoyawl9dhn7gv",PUT177928,57663,32005055-5417-7928-da90-fac36337c4d4,2024.0,2024.0,
2026,PIT,OL,G,79.0,ACT,Steven Jones,Steven,Jones,2000-09-06,77,340,Oregon,00-0039555,,,,,,,,,2.0,"https://static.www.nfl.com/image/upload/f_auto,q_auto/league/dim9r6q8m4qolefb0thd",JON729180,57674,32004a4f-4e72-9180-2d60-a406a9731e23,2024.0,2024.0,
2026,DEN,LB,LB,56.0,ACT,Levelle Bailey,Levelle,Bailey,2000-12-04,74,225,Fresno State; Sacramento State,00-0039565,4428241,e9fd8540-0732-11ef-b2dc-3f8c2bf783f5,,18343,97956,BailLe00,25547,12111,2.0,"https://static.www.nfl.com/image/upload/f_auto,q_auto/league/bh2dnmiacue2xuedzqdc",BAI525506,57684,32004241-4952-5506-1d78-37d56fd4fd51,2024.0,2024.0,
2026,MIA,DB,DB,34.0,ACT,Omar Brown,Omar,Brown,2000-10-12,73,205,Nebraska,00-0039566,,,,,,,,,2.0,"https://static.www.nfl.com/image/upload/f_auto,q_auto/league/ikikzpdnsyzyfgkkbxbu",BRO567658,57685,32004252-4f56-7658-6da7-faba40c04b72,2024.0,2024.0,
2026,DEN,OL,OT,73.0,ACT,Frank Crum,Frank,Crum,2000-05-14,79,315,Wyoming,00-0039568,,,,,,,,,2.0,"https://static.www.nfl.com/image/upload/f_auto,q_auto/league/nqmf9kmlsjtxbahxjzd7",CRU156249,57687,32004352-5515-6249-f6af-9e7e6f235d9d,2024.0,2024.0,
2026,DEN,DL,DT,90.0,ACT,Jordan Miller,Jordan,Miller,2000-01-20,75,307,SMU; Miami,00-0039570,,,,,,,,,2.0,"https://static.www.nfl.com/image/upload/f_auto,q_auto/league/saptvfbqmkyqkbjxuumj",MIL365829,57689,32004d49-4c36-5829-9038-35565194a2cb,2024.0,2024.0,
2026,IND,K,K,3.0,ACT,Spencer Shrader,Spencer,Shrader,1999-05-19,74,201,Notre Dame; University of South Florida,00-0039576,4571557,2d7fa2f0-07d6-11ef-b188-b11373ae105b,,18268,100974,ShraSp00,25403,12185,2.0,"https://static.www.nfl.com/image/upload/f_auto,q_auto/league/i63zrj1idnss37cpe1yo",SHR088990,57696,32005348-5208-8990-747a-06e7413e364f,2024.0,2024.0,
2026,AZ,QB,QB,12.0,ACT,Kedon Slovis,Kedon,Slovis,2001-04-11,74,223,BYU; Pittsburgh; USC,00-0039577,4428512,4842ee80-07d1-11ef-977b-d7c6de486031,41476,17979,100580,SlovKe00,23182,11648,2.0,"https://static.www.nfl.com/image/upload/f_auto,q_auto/league/nyfoex8q88tq9fatpleo",SLO748677,57697,3200534c-4f74-8677-805f-b3005fb4ef05,2024.0,2024.0,
2026,IND,OL,G,68.0,ACT,Dalton Tucker,Dalton,Tucker,2000-03-18,78,307,Marshall,00-0039578,,,,,,,,,2.0,"https://static.www.nfl.com/image/upload/f_auto,q_auto/league/ikcln549vz9d3uekqa1k",TUC086662,57698,32005455-4308-6662-de94-da5e336b46b6,2024.0,2024.0,
2026,TB,DB,DB,39.0,ACT,Marcus Banks,Marcus,Banks,2000-10-08,72,190,Mississippi State; Alabama,00-0039582,,,,,,,,,2.0,"https://static.www.nfl.com/image/upload/f_auto,q_auto/league/ob0uq7pyr6vhjsp253l1",BAN567876,57702,32004241-4e56-7876-bf95-c1225df17a2a,2024.0,2024.0,
2026,CAR,DB,CB,20.0,ACT,Tyrek Funderburk,Tyrek,Funderburk,2000-11-28,72,185,Appalachian State; Richmond,00-0039586,4367330,8c1e02f0-0706-11ef-83ee-df242a895580,,18061,83356,FundTy00,25362,11993,2.0,"https://static.www.nfl.com/image/upload/f_auto,q_auto/league/jg5k5dmy0aexbdcadikd",FUN493157,57706,32004655-4e49-3157-c532-4e42c3fe0023,2024.0,2024.0,
2026,TB,WR,WR,19.0,ACT,Kameron Johnson,Kameron,Johnson,2002-03-17,70,170,Barton College,00-0039589,5097554,94c41960-0712-11ef-b01e-875e1e5d6ffb,,18307,165866,JohnKa01,25642,11994,2.0,"https://static.www.nfl.com/image/upload/f_auto,q_auto/league/ms7auybbkq1nwbd2ev0d",JOH398825,57709,32004a4f-4839-8825-b3b0-38d1e8a7a49c,2024.0,2024.0,
2026,TB,DB,SAF,38.0,ACT,Rashad Wisdom,Rashad,Wisdom,2001-06-06,69,210,Texas-San Antonio,00-0039596,4428917,,,18402,97249,WisdRa00,,,2.0,"https://static.www.nfl.com/image/upload/f_auto,q_auto/league/b1tsjkgvh7sb3yaxpexg",WIS034607,57716,32005749-5303-4607-30dc-826a3a172d0f,2024.0,2024.0,
2026,CAR,DB,SAF,36.0,ACT,Demani Richardson,Demani,Richardson,2000-10-07,73,215,Texas A&M,00-0039601,4426926,325fd170-0716-11ef-ba1c-2110081547cc,,18002,98852,RichDe03,25149,12011,2.0,"https://static.www.nfl.com/image/upload/f_auto,q_auto/league/tpjhwnupzg65sx5zyzbx",RIC408520,57721,32005249-4340-8520-ae0c-f3e223703703,2024.0,2024.0,
2026,HOU,RB,RB,44.0,ACT,British Brooks,British,Brooks,1999-11-18,71,225,North Carolina,00-0039603,4373273,2ef88b80-07cf-11ef-96cf-876a6c13e638,,18300,77714,BrooBr01,25452,12171,2.0,"https://static.www.nfl.com/image/upload/f_auto,q_auto/league/wpjous6xnyvfbuoupdqd",BRO118766,57731,32004252-4f11-8766-fb4c-cc09f079d780,2024.0,2024.0,
2026,PIT,DL,DT,65.0,ACT,Kyler Baugh,Kyler,Baugh,2001-11-28,74,305,Minnesota; Houston Christian University,00-0039609,,,,,,,,,2.0,"https://static.www.nfl.com/image/upload/f_auto,q_auto/league/msxyjmtg7hazylokz2ci",BAU226433,57737,32004241-5522-6433-b510-a755c3ef0c65,2024.0,2024.0,
2026,NYG,DB,CB,36.0,ACT,Rico Payton,Rico,Payton,1999-11-28,72,182,Pittsburg State (KS); Southern Illinois,00-0039620,4368350,c3046dc0-0573-11ef-b660-4d07270c2b35,,18110,86957,PaytRi00,25469,11899,2.0,"https://static.www.nfl.com/image/upload/f_auto,q_auto/league/heykcojxfu8pgciqrlqp",PAY698744,57748,32005041-5969-8744-ab6a-51e48c2fdbb2,2024.0,2024.0,
2026,NO,LB,LB,44.0,ACT,Isaiah Stalbird,Isaiah,Stalbird,2000-07-18,73,215,South Dakota State,00-0039622,4361194,2cd70910-0574-11ef-b715-3db186b90a94,,18111,83325,StalIs00,25470,11893,2.0,"https://static.www.nfl.com/image/upload/f_auto,q_auto/league/seronol9msa4ijg9saj8",STA201687,57750,32005354-4120-1687-f39f-8aff9781aa39,2024.0,2024.0,
2026,NO,WR,WR,15.0,ACT,Mason Tipton,Mason,Tipton,2000-09-27,71,187,Yale,00-0039623,4573697,91918b20-0572-11ef-96c1-f73e6ad39631,41188,18107,109617,TiptMa00,25409,11895,2.0,"https://static.www.nfl.com/image/upload/f_auto,q_auto/league/ec09iyl2olrttgosoo8i",TIP628557,57751,32005449-5062-8557-462c-64c42c657cb3,2024.0,2024.0,
2026,CHI,OL,OL,60.0,ACT,Kyle Hergel,Kyle,Hergel,1999-10-07,74,315,Boston College; Texas State-San Marcos,00-0039624,,,,,,,,,2.0,"https://static.www.nfl.com/image/upload/f_auto,q_auto/league/u2cf73fu8feagsg5p3u6",HER073147,57752,32004845-5207-3147-82e9-4835038418b0,2024.0,2024.0,
2026,PIT,WR,WR,85.0,ACT,Cole Burgess,Cole,Burgess,2000-02-11,73,192,Cortland State Of New York,00-0039626,5192448,efe48d60-07db-11ef-8ada-f18c6785cc00,,18281,183105,BurgCo00,25504,12210,2.0,"https://static.www.nfl.com/image/upload/f_auto,q_auto/league/h7hfiivkpnfkwbvh9dvg",BUR070856,57767,32004255-5207-0856-b8cd-cf8aec7220eb,2024.0,2024.0,
2026,CIN,TE,TE,85.0,ACT,Cam Grandy,Cam,Grandy,1999-11-19,77,253,Illinois State; Missouri Western,00-0039631,4700712,8e6c6eb0-0725-11ef-b490-715b3492492e,,18284,134552,GranCa00,25513,12062,2.0,"https://static.www.nfl.com/image/upload/f_auto,q_auto/league/uay5dmniqx1baal3q3uu",GRA307858,57772,32004752-4130-7858-9911-3c2b174939de,2024.0,2024.0,
2026,CIN,DB,SAF,37.0,ACT,PJ Jules,PJ,Jules,2001-05-14,72,203,Southern Illinois,00-0039632,4429946,3a9818a0-0727-11ef-a006-5971d281be7d,,18066,104232,JulePJ00,25507,12058,2.0,"https://static.www.nfl.com/image/upload/f_auto,q_auto/league/mdsohdnjax1gfb2nq0sv",JUL207645,57773,32004a55-4c20-7645-82d2-b33657402384,2024.0,2024.0,
2026,NYJ,P,P,14.0,ACT,Austin McNamara,Austin,McNamara,2001-02-24,76,204,Texas Tech,00-0039634,4427982,dedc98e0-0728-11ef-95cc-fb98346370c2,,17924,99363,McNaAu00,25397,12076,1.0,"https://static.www.nfl.com/image/upload/f_auto,q_auto/league/d1jzdrpscex7eoxlha6o",MCN116062,57775,32004d43-4e11-6062-cfc4-1b7b0a8f9d4b,2025.0,2025.0,
2026,CAR,LB,LB,40.0,ACT,Maema Njongmeta,Maema,Njongmeta,2001-03-09,72,232,Wisconsin,00-0039637,4428125,38c63ba0-0723-11ef-acb3-9348ceb755d6,,17964,101465,NjonMa00,25237,12057,2.0,"https://static.www.nfl.com/image/upload/f_auto,q_auto/league/aik3wm5jyjce87g81saz",NJO367214,57778,32004e4a-4f36-7214-ea3a-58daa5f3ecb5,2024.0,2024.0,
2026,TEN,TE,TE,88.0,ACT,David Martin-Robinson,David,Martin-Robinson,1999-12-26,75,247,Temple,00-0039648,4360978,dad0d560-0c9e-11ef-b2f4-ab1e3a869265,,18301,77892,MartDa01,25647,12357,2.0,"https://static.www.nfl.com/image/upload/f_auto,q_auto/league/yaqmqzscsglgylchv7ez",MAR796418,57789,32004d41-5279-6418-9bc3-bb531ef0c667,2024.0,2024.0,
2026,TEN,WR,WR,80.0,ACT,Bryce Oliver,Bryce,Oliver,2000-05-19,73,214,Youngstown State; Kentucky,00-0039650,4362617,e88c3c70-06fa-11ef-92ba-0de371d8ef1a,,18302,84248,OlivBr02,25687,11959,2.0,"https://static.www.nfl.com/image/upload/f_auto,q_auto/league/w8z5zvas0nli3yekxw7w",OLI201080,57791,32004f4c-4920-1080-fcd1-3bb8180dafe9,2024.0,2024.0,
2026,DET,RB,RB,26.0,ACT,Jabari Small,Jabari,Small,2002-01-31,71,213,Tennessee,00-0039652,4432545,bd14f200-0c9d-11ef-b4ed-99c2e96904b1,41661,17944,124298,SmalJa00,25322,12356,2.0,"https://static.www.nfl.com/image/upload/f_auto,q_auto/league/qp1dxfvd3pqr1ufz5tu1",SMA578887,57793,3200534d-4157-8887-ccef-abcdb6adf824,2024.0,2024.0,
2026,GB,OL,G,61.0,ACT,Karsen Barnhart,Karsen,Barnhart,2001-03-02,76,306,Michigan,00-0039655,,,,,,,,,2.0,"https://static.www.nfl.com/image/upload/f_auto,q_auto/league/p9tsbk3hn5hrtgyhzlyq",BAR514415,57796,32004241-5251-4415-fc61-816b3cfef8a5,2024.0,2024.0,
2026,DET,DB,SAF,12.0,ACT,Thomas Harper,Thomas,Harper,2000-11-05,70,195,Notre Dame; Oklahoma State,00-0039660,4569323,cc1d5cf0-0500-11ef-bb66-eba00fd362a6,,18134,97325,HarpTh00,25421,11872,2.0,"https://static.www.nfl.com/image/upload/f_auto,q_auto/league/bdyujpkrppbqewigjqz5",HAR293894,57801,32004841-5229-3894-cf13-c98a1bcf2627,2024.0,2024.0,
2026,LV,DB,DB,29.0,ACT,Chigozie Anusiem,Chigozie,Anusiem,2000-11-05,73,200,Colorado State; California,00-0039676,4360475,,,18155,83031,AnusCh00,,,2.0,"https://static.www.nfl.com/image/upload/f_auto,q_auto/league/pp6vsmzyplbm98g2srpp",ANU456205,57817,3200414e-5545-6205-4975-b40691cc3435,2024.0,2024.0,
2026,WAS,QB,QB,15.0,ACT,Sam Hartman,Sam,Hartman,1999-07-29,73,209,Notre Dame; Wake Forest,00-0039677,4361994,007971f0-f012-11ed-833c-ebfbb713adc7,,17664,77618,HartSa00,24154,11376,2.0,"https://static.www.nfl.com/image/upload/f_auto,q_auto/league/mj9bvcyihsspmkwcbral",HAR733165,57818,32004841-5273-3165-18c9-dd03a4f138e2,2024.0,2024.0,
2026,IND,DB,DB,34.0,ACT,Ben Nikkel,Ben,Nikkel,2001-05-12,73,210,Iowa State; McPherson College,00-0039679,,,,,,,,,2.0,"https://static.www.nfl.com/image/upload/f_auto,q_auto/league/fkcepx7rxzcihpicm1ki",NIK314876,57820,32004e49-4b31-4876-9ed1-5922f55abe41,2024.0,2024.0,
2026,WAS,DB,DB,18.0,ACT,Tyler Owens,Tyler,Owens,2001-05-12,74,213,Texas Tech; Texas,00-0039681,4572460,782d0d60-0655-11ef-bea4-a5fd3793027b,,17999,99271,OwenTy00,25159,11934,2.0,"https://static.www.nfl.com/image/upload/f_auto,q_auto/league/gu2idezjli59r53v2wcf",OWE797879,57822,32004f57-4579-7879-26cf-dd82806a6392,2024.0,2024.0,
2026,ATL,DB,DB,20.0,ACT,A.J. Woods,Anthony,Woods,2001-03-28,71,195,Pittsburgh,00-0039685,,,,,,,,,2.0,"https://static.www.nfl.com/image/upload/f_auto,q_auto/league/yohte1maut9dlvju1nda",WOO400916,57826,3200574f-4f40-0916-e834-d5877cceecdd,2024.0,2024.0,
2026,WAS,TE,TE,80.0,ACT,Colson Yankoff,Colson,Yankoff,2000-03-01,76,225,UCLA; Washington,00-0039686,4361088,8344b150-0667-11ef-8407-311b2612bbe3,,18160,83589,YankCo00,25674,11942,2.0,"https://static.www.nfl.com/image/upload/f_auto,q_auto/league/h26w7a1eousqky5ncxlc",YAN546972,57827,32005941-4e54-6972-c7b0-535efac0de29,2024.0,2024.0,
2026,NE,DB,SAF,24.0,ACT,Dell Pettus,Dell,Pettus,2001-06-02,71,200,Troy,00-0039692,4428232,48abbb80-075a-11ef-a2f5-8dc558cf6193,,18149,97290,PettDe00,25582,12115,2.0,"https://static.www.nfl.com/image/upload/f_auto,q_auto/league/omllcau4s0bifkgcxom1",PET741120,57845,32005045-5474-1120-376c-73b633ea3e82,2024.0,2024.0,
2026,SF,DL,DL,58.0,ACT,Evan Anderson,Evan,Anderson,2002-02-14,75,326,Florida Atlantic,00-0039696,4612182,3a8c7440-0584-11ef-a728-9b9d81627453,,17875,123590,AndeEv00,25413,11923,2.0,"https://static.www.nfl.com/image/upload/f_auto,q_auto/league/brvzpgd97dixgsux1pse",AND229801,57859,3200414e-4422-9801-dc52-fbe4d773f850,2024.0,2024.0,
2026,SF,OL,C,66.0,ACT,Drake Nugent,Drake,Nugent,2001-02-09,73,300,Michigan; Stanford,00-0039700,,,,,,,,,2.0,"https://static.www.nfl.com/image/upload/f_auto,q_auto/league/l0uqw19mggw4h7bmzuek",NUG406244,57863,32004e55-4740-6244-7045-70ff6d489745,2024.0,2024.0,
2026,DEN,RB,RB,25.0,ACT,Cody Schrader,Cody,Schrader,1999-09-08,69,214,Missouri; Truman State University,00-0039703,4391845,70c949c0-057f-11ef-ae83-716cc96c95b8,41193,17829,157177,SchrCo00,25049,11644,2.0,"https://static.www.nfl.com/image/upload/f_auto,q_auto/league/gbptxwqdnbu9hppxe03l",SCH489290,57866,32005343-4848-9290-b9ff-ca2315d7a7cc,2024.0,2024.0,
2026,MIN,WR,WR,82.0,ACT,Jeshaun Jones,Jeshaun,Jones,1999-12-22,73,188,Maryland,00-0039710,4360637,,,17691,84283,JoneJe01,,,2.0,"https://static.www.nfl.com/image/upload/f_auto,q_auto/league/trfwuw8uqmwzjomjl9ly",JON463280,57873,32004a4f-4e46-3280-ec07-7b1f9996f387,2024.0,2024.0,
2026,MIN,DB,CB,6.0,ACT,Dwight McGlothern,Dwight,McGlothern,2002-02-06,74,185,Arkansas,00-0039714,4429128,0b114d80-0584-11ef-8549-c35bdee1a640,,17992,124103,McGlDw00,25168,11905,2.0,"https://static.www.nfl.com/image/upload/f_auto,q_auto/league/x8pdiatwc5de3xsv2sis",MCG502452,57877,32004d43-4750-2452-f50b-d013530d26a3,2024.0,2024.0,
2026,PIT,OL,G,72.0,ACT,Doug Nester,Doug,Nester,2000-08-07,78,306,West Virginia; Virginia Tech,00-0039716,,,,,,,,,2.0,"https://static.www.nfl.com/image/upload/f_auto,q_auto/league/xba9pn8tshxtkvedsvgm",NES744064,57879,32004e45-5374-4064-6b71-9eed6cdb7f22,2024.0,2024.0,
2026,MIN,LB,LB,98.0,ACT,Bo Richter,Bo,Richter,2000-08-13,73,248,Air Force,00-0039718,4875564,ee995e00-0591-11ef-bf22-39578731379d,,18182,145962,RichBo01,25433,11929,2.0,"https://static.www.nfl.com/image/upload/f_auto,q_auto/league/ojvyvjqz4svgyxo8oxbm",RIC708840,57881,32005249-4370-8840-730a-0a8bbf33d483,2024.0,2024.0,
2026,MIN,DL,DL,94.0,ACT,Taki Taimani,Taki,Taimani,1999-10-06,73,324,Oregon; Washington,00-0039720,4361114,53ab1910-0596-11ef-9ab5-875e1d93ea64,,18184,82468,TaimTa00,25436,11930,2.0,"https://static.www.nfl.com/image/upload/f_auto,q_auto/league/nuxnsmxjxv4ny8q7wwrx",TAI415291,57883,32005441-4941-5291-fe0e-4dfef556d465,2024.0,2024.0,
2026,LAC,WR,WR,82.0,ACT,JaQuae Jackson,JaQuae,Jackson,2000-01-30,73,184,Rutgers; California (PA),00-0039722,,,,,,,,,2.0,,JAC229311,57885,32004a41-4322-9311-b318-88ec39ccca71,2024.0,2024.0,
2026,NO,DB,CB,38.0,ACT,Jayden Price,Jayden,Price,2000-04-05,71,185,North Dakota State,00-0039725,,,,,,,,,1.0,"https://static.www.nfl.com/image/upload/f_auto,q_auto/league/bacgfbfytnj8hei8jmn7",PRI209749,57888,32005052-4920-9749-306e-b5147b760683,2025.0,2025.0,
2026,TEN,OL,OT,55.0,ACT,JC Latham,JC,Latham,2003-02-08,78,342,Alabama,00-0039731,,,,,,,,,2.0,"https://static.www.nfl.com/image/upload/f_auto,q_auto/league/w7zgtcktgcxgkbc7zdti",LAT059109,57128,32004c41-5405-9109-f911-a29e9cf30811,2024.0,2024.0,TEN
2026,DEN,QB,QB,10.0,ACT,Bo Nix,Bo,Nix,2000-02-25,74,217,Oregon; Auburn,00-0039732,4426338,f056c8ed-6ee5-492c-af11-3f7e3d97195c,40875,16995,97790,NixxBo00,25069,11563,2.0,"https://static.www.nfl.com/image/upload/f_auto,q_auto/league/igirshmrr6lqtxcpxsea",NIX118212,57133,32004e49-5811-8212-6abe-fc1a8b4f4942,2024.0,2024.0,DEN
2026,JAX,DL,DT,99.0,ACT,Ruke Orhorhoro,Ruke,Orhorhoro,2001-10-13,76,294,Clemson,00-0039733,4430271,9f88e08f-2988-445e-bcc5-9dad063a9cda,,17762,99768,OrhoRu00,25280,11695,2.0,"https://static.www.nfl.com/image/upload/f_auto,q_auto/league/erx6ismqu4gmu2dy6hq2",ORH415291,57156,32004f52-4841-5291-3d07-20a45c6b3ad7,2024.0,2024.0,ATL
2026,LA,DL,DT,55.0,ACT,Braden Fiske,Braden,Fiske,2000-01-18,77,294,Florida State; Western Michigan,00-0039734,4362245,905fb2a2-6fc0-4af5-9f3c-860956cd164b,,17775,76958,FiskBr00,25218,11677,2.0,"https://static.www.nfl.com/image/upload/f_auto,q_auto/league/eviqsptyuqhpsxjcann2",FIS731693,57160,32004649-5373-1693-e7a6-c020adf11994,2024.0,2024.0,LA
2026,LV,OL,C,58.0,ACT,Jackson Powers-Johnson,Jackson,Powers-Johnson,2003-01-23,75,325,Oregon,00-0039735,,,,,,,,,2.0,"https://static.www.nfl.com/image/upload/f_auto,q_auto/league/o2lpxcphdigzwbjr12jh",POW794167,57165,3200504f-5779-4167-83dd-3629b89576e1,2024.0,2024.0,LV
2026,IND,OL,G,71.0,ACT,Matt Goncalves,Matthew,Goncalves,2001-01-26,78,317,Pittsburgh,00-0039736,,,,,,,,,2.0,"https://static.www.nfl.com/image/upload/f_auto,q_auto/league/n432zjyizpchrcgyg0if",GON059327,57200,3200474f-4e05-9327-3d0d-6cea7b9a11d2,2024.0,2024.0,IND
2026,AZ,TE,TE,87.0,ACT,Tip Reiman,Tip,Reiman,2001-09-17,77,271,Illinois,00-0039737,4696700,44767e85-080f-4212-b2f2-cba160c81a9f,40959,17966,129423,ReimTi00,25141,11716,2.0,"https://static.www.nfl.com/image/upload/f_auto,q_auto/league/ep1rsbi0visivscxnezd",REI577302,57203,32005245-4957-7302-3782-d7697a4f655d,2024.0,2024.0,ARI
2026,LA,RB,RB,24.0,ACT,Blake Corum,Blake,Corum,2000-11-25,68,202,Michigan,00-0039738,4429096,93ba1da2-3679-4ddc-9687-0802349f9ee2,40962,17690,129574,CoruBl00,24116,11586,2.0,"https://static.www.nfl.com/image/upload/f_auto,q_auto/league/gytdgnrjj3jk8rlfxz85",COR783995,57204,3200434f-5278-3995-2ab1-10c11dc750f2,2024.0,2024.0,LA
2026,PIT,WR,WR,14.0,ACT,Roman Wilson,Roman,Wilson,2001-06-19,70,186,Michigan,00-0039739,4431492,43563ab6-46b9-44d3-aaf2-bc1eb4d1f8d1,40952,17043,129604,WilsRo02,25039,11630,2.0,"https://static.www.nfl.com/image/upload/f_auto,q_auto/league/kcwymznjg9q8n8i7f4rc",WIL777750,57205,32005749-4c77-7750-194f-0fd7ed86214a,2024.0,2024.0,PIT
2026,PHI,LB,LB,58.0,ACT,Jalyx Hunt,Jalyx,Hunt,2001-03-13,75,252,Houston Christian University; Cornell,00-0039740,4571162,b779251c-3250-405f-ae4a-3cadbf6925d9,,17951,105989,HuntJa02,25160,11703,2.0,"https://static.www.nfl.com/image/upload/f_auto,q_auto/league/cg8yroxxd3znnkt894rm",HUN249742,57215,32004855-4e24-9742-b212-73017a032b03,2024.0,2024.0,PHI
2026,PIT,LB,LB,41.0,ACT,Payton Wilson,Payton,Wilson,2000-04-21,76,242,N.C. State,00-0039741,4361652,6a7047a5-52ab-4e2d-8ab0-6d27b6930822,,17758,77127,WilsPa00,25035,11727,2.0,"https://static.www.nfl.com/image/upload/f_auto,q_auto/league/n9it3axjeciqsxirtize",WIL772747,57219,32005749-4c77-2747-aac4-9ba7cad134d0,2024.0,2024.0,PIT
2026,CIN,OL,OT,73.0,ACT,Javon Foster,Javon,Foster,2000-03-31,77,319,Missouri,00-0039742,,,,,,,,,2.0,"https://static.www.nfl.com/image/upload/f_auto,q_auto/league/prtgyvoecyhb5rvhvni2",FOS422601,57235,3200464f-5342-2601-9382-68a5b7a3d54b,2024.0,2024.0,JAX
2026,CIN,DL,DT,68.0,ACT,Jordan Jefferson,Jordan,Jefferson,2001-09-24,76,317,LSU,00-0039743,4569448,fac7a140-ee4e-4328-bc1a-dad500b1acfe,,17813,99325,JeffJo01,25174,11736,2.0,"https://static.www.nfl.com/image/upload/f_auto,q_auto/league/lky3oayjpet8c7dpniwb",JEF262504,57237,32004a45-4626-2504-bd92-1b84ab6f9a54,2024.0,2024.0,JAX
2026,IND,OL,G,60.0,ACT,Tanor Bortolini,Tanor,Bortolini,2002-06-17,76,303,Wisconsin,00-0039744,,,,,,,,,2.0,"https://static.www.nfl.com/image/upload/f_auto,q_auto/league/l2a99kq58evu0ykaabaj",BOR657714,57238,3200424f-5265-7714-eb1d-71a3c5fae5a3,2024.0,2024.0,IND
2026,CHI,P,P,19.0,ACT,Tory Taylor,Tory,Taylor,1997-07-10,76,225,Iowa,00-0039745,4686889,48df6eca-81f4-49ce-8908-48196a041c57,,17925,129481,TaylTo01,25110,11732,2.0,"https://static.www.nfl.com/image/upload/f_auto,q_auto/league/hzzvpzjiab6znxvkp6la",TAY752367,57243,32005441-5975-2367-ed49-a9dcc28c40dd,2024.0,2024.0,CHI
2026,PHI,RB,RB,28.0,ACT,Will Shipley,William,Shipley,2002-08-29,71,210,Clemson,00-0039746,4431545,796e223d-e8d5-42ab-afb4-557fa6183357,41002,17802,144138,ShipWi00,25102,11577,2.0,"https://static.www.nfl.com/image/upload/f_auto,q_auto/league/rdps3spkhbztc2mbd6ty",SHI386967,57248,32005348-4938-6967-5869-f740d03ae02a,2024.0,2024.0,PHI
2026,CAR,WR,WR,80.0,ACT,Ainias Smith,Ainias,Smith,2001-05-31,69,176,Texas A&M,00-0039747,4428532,83a78cfb-5e71-4131-b706-3661bb6396e1,41030,17015,99207,SmitAi00,23144,11615,2.0,"https://static.www.nfl.com/image/upload/f_auto,q_auto/league/iaetfkaakeblxepssyj9",SMI024570,57273,3200534d-4902-4570-58a4-c92360387358,2024.0,2024.0,PHI
2026,LA,DL,DE,90.0,ACT,Tyler Davis,Tyler,Davis,2000-11-01,74,306,Clemson,00-0039749,4568217,4adfc559-1138-4476-a095-3bbaa7ba18b3,,17799,97610,DaviTy05,25224,11799,2.0,"https://static.www.nfl.com/image/upload/f_auto,q_auto/league/jbwaqwv5imuhydw4vkzc",DAV781781,57316,32004441-5678-1781-8e6a-1ff7fbcc25b1,2024.0,2024.0,LA
2026,LA,WR,WR,88.0,ACT,Jordan Whittington,Jordan,Whittington,2000-10-01,73,202,Texas,00-0039751,4569382,7cc58a3b-157a-4f43-a7de-5bc403f9ce6b,41083,17688,97623,WhitJo04,25201,11623,2.0,"https://static.www.nfl.com/image/upload/f_auto,q_auto/league/w5h5q9jwyaimdjlnracx",WHI807684,57333,32005748-4980-7684-d81b-d4fd81b04bcb,2024.0,2024.0,LA
2026,CIN,DL,DE,52.0,ACT,Cedric Johnson,Cedric,Johnson,2002-09-06,75,264,Mississippi,00-0039752,4430065,606de6c7-99a3-4d0e-b6c3-a5c570d402bc,,17847,124136,JohnCe01,25177,11785,2.0,"https://static.www.nfl.com/image/upload/f_auto,q_auto/league/y8vnhfnnacug6nhwgg91",JOH103362,57334,32004a4f-4810-3362-5117-3332c8f949c9,2024.0,2024.0,CIN
2026,LA,OL,G,50.0,ACT,Beaux Limmer,Beaux,Limmer,2001-06-10,77,318,Arkansas,00-0039753,,,,,,,,,2.0,"https://static.www.nfl.com/image/upload/f_auto,q_auto/league/bopewz77rbml5wtk6k9g",LIM523267,57337,32004c49-4d52-3267-2601-cef2d3c962cd,2024.0,2024.0,LA
2026,TB,TE,TE,82.0,ACT,Devin Culp,Devin,Culp,2000-02-02,76,237,Washington,00-0039754,4361112,c62dcaf1-79e3-4e15-8fb0-e7cb30a18fe4,41120,17965,84080,CulpDe00,25144,11820,2.0,"https://static.www.nfl.com/image/upload/f_auto,q_auto/league/p5mk3qxwrbwdr3y3kt6u",CUL534924,57366,32004355-4c53-4924-6111-acbfbc1f6900,2024.0,2024.0,TB
2026,CLE,OL,OT,72.0,ACT,KT Leveston,Kaitori,Leveston,1999-10-28,76,335,Kansas State,00-0039755,,,,,,,,,2.0,"https://static.www.nfl.com/image/upload/f_auto,q_auto/league/rxb4bdtphlyualqund7c",LEV473045,57374,32004c45-5647-3045-89cf-0f53ccac82e5,2024.0,2024.0,LA
2026,NE,RB,RB,26.0,ACT,Terrell Jennings,Terrell,Jennings,2001-01-03,72,217,Florida A&M,00-0039757,4427600,e6fc9a80-1168-11ef-8e6a-d7d3a1fb0861,,18368,102408,JennTe00,25090,12412,2.0,"https://static.www.nfl.com/image/upload/f_auto,q_auto/league/iddgabjbju6ye5s9mmjg",JEN627185,57841,32004a45-4e62-7185-d6ac-81311d406644,2024.0,2024.0,
2026,BUF,LB,LB,44.0,ACT,Joe Andreessen,Joe,Andreessen,2000-02-07,73,240,Buffalo,00-0039763,4366349,73da40c0-0fe7-11ef-ae8b-ddf8e5486729,,18329,108177,AndrJo02,25771,12397,2.0,"https://static.www.nfl.com/image/upload/f_auto,q_auto/league/dxjiepgx7txqoyftigxy",AND641325,57902,3200414e-4464-1325-166a-eb840c77ad81,2024.0,2024.0,
2026,CLE,DL,DT,62.0,ACT,Elijah Chatman,Elijah,Chatman,2000-12-05,72,278,SMU,00-0039764,4429392,34ca0550-0c95-11ef-9a13-a1b03b54c0ec,,18333,97568,ChatEl00,25738,12319,2.0,"https://static.www.nfl.com/image/upload/f_auto,q_auto/league/cal1mv8sgmirpeamwt40",CHA734689,57903,32004348-4173-4689-9e61-c00472c63aa7,2024.0,2024.0,
2026,NE,DB,CB,22.0,ACT,Charles Woods,Charles,Woods,2000-06-17,71,185,SMU; West Virginia; Illinois State,00-0039770,4368113,9e43feb0-07c6-11ef-a682-8f29ee4a79f3,,18387,89148,WoodCh01,25673,12137,2.0,"https://static.www.nfl.com/image/upload/f_auto,q_auto/league/ykruciq8bomy0ez2t7gc",WOO433487,57909,3200574f-4f43-3487-dcd4-969147bc0a7b,2024.0,2024.0,
2026,LA,DB,CB,30.0,ACT,Josh Wallace,Josh,Wallace,2000-07-05,72,190,Michigan; UMass Amherst,00-0039772,4572371,424e1560-07c5-11ef-96b2-79ba17dd049f,,17937,97676,WallJo00,25131,12132,2.0,"https://static.www.nfl.com/image/upload/f_auto,q_auto/league/budszyjdjn52puloxjc7",WAL463437,57911,32005741-4c46-3437-5d1d-34c8f1403e41,2024.0,2024.0,
2026,LA,LB,LB,48.0,ACT,Omar Speights,Omar,Speights,2001-03-02,73,234,LSU; Oregon State,00-0039774,4428550,c24e8e40-07c3-11ef-b253-11c65affe8a4,,17914,97723,SpeiOm00,25542,12140,2.0,"https://static.www.nfl.com/image/upload/f_auto,q_auto/league/amlicxegqeiqvmg9gko0",SPE286083,57913,32005350-4528-6083-9730-b6ffade66008,2024.0,2024.0,
2026,LA,LB,LB,58.0,ACT,Elias Neal,Elias,Neal,2001-09-11,72,221,Marshall,00-0039775,4428098,,,18386,97693,NealEl00,,,2.0,"https://static.www.nfl.com/image/upload/f_auto,q_auto/league/fteuyr6ahmsckhvdn9rx",NEA161334,57915,32004e45-4116-1334-91f3-28c98432d681,2024.0,2024.0,
2026,LA,DB,SAF,2.0,ACT,Jaylen McCollough,Jaylen,McCollough,2000-10-12,72,211,Tennessee,00-0039776,4427120,e3f6e380-07c3-11ef-8c61-79ad930f01f9,,18385,98845,McCoJa02,25560,12142,2.0,"https://static.www.nfl.com/image/upload/f_auto,q_auto/league/ofhqho42cem1dxzez96u",MCC485248,57916,32004d43-4348-5248-50e4-d1d6a302c4cc,2024.0,2024.0,
2026,LA,DB,DB,33.0,ACT,Cam Lampkin,Cam,Lampkin,2001-07-31,71,176,Washington State; Utah State,00-0039780,4427752,b2986c00-08ae-11ef-aa35-dd89832b46ac,,18381,101146,LampCa00,25635,12230,2.0,"https://static.www.nfl.com/image/upload/f_auto,q_auto/league/z5acqxfjpahjqktpcupg",LAM764081,57920,32004c41-4d76-4081-588e-a0a3fd2543cc,2024.0,2024.0,
2026,PIT,DL,DE,72.0,ACT,Anthony Goodlow,Anthony,Goodlow,2000-07-25,77,283,Oklahoma State,00-0039783,4372378,,,18380,77164,GoodAn00,,,2.0,"https://static.www.nfl.com/image/upload/f_auto,q_auto/league/t0hwhg8j0fqbmwi2i5sd",GOO276234,57923,3200474f-4f27-6234-5899-7c3a7e83c83a,2024.0,2024.0,
2026,LA,OL,OL,67.0,ACT,Justin Dedich,Justin,Dedich,2000-04-21,74,296,USC,00-0039784,,,,,,,,,2.0,"https://static.www.nfl.com/image/upload/f_auto,q_auto/league/sr4uaptfcy3lcmzawhck",DED284513,57924,32004445-4428-4513-3bd8-6f95492eb5e4,2024.0,2024.0,
2026,NYJ,DB,DB,37.0,ACT,Qwan'tez Stiggers,Qwan'tez,Stiggers,2002-01-08,72,197,,00-0039789,5208977,3c69c44b-9d3c-478d-82a5-42852df8ddd7,,17940,169764,StigQw00,25334,11755,2.0,"https://static.www.nfl.com/image/upload/f_auto,q_auto/league/yiiqa5sbaclz4bvnpvul",STI351543,56903,32005354-4935-1543-9ae0-94207f32c46c,2024.0,2024.0,NYJ
2026,NYJ,OL,OT,74.0,ACT,Olumuyiwa Fashanu,Olumuyiwa,Fashanu,2002-12-09,78,312,Penn State,00-0039790,,,,,,,,,2.0,"https://static.www.nfl.com/image/upload/f_auto,q_auto/league/clf1wkkpzzsrnffv8wew",FAS215841,57132,32004641-5321-5841-928a-eb3cf26b2462,2024.0,2024.0,NYJ
2026,BAL,LB,LB,50.0,ACT,Adisa Isaac,Adisa,Isaac,2001-10-04,76,254,Penn State,00-0039791,4426372,ba7ea327-3c96-4470-bd72-cad811f4e1df,,17749,101406,IsaaAd00,25162,11722,2.0,"https://static.www.nfl.com/image/upload/f_auto,q_auto/league/fpvlobhp5quijr95riqk",ISA069215,57214,32004953-4106-9215-25ad-e3a4021a3f62,2024.0,2024.0,BAL
2026,BAL,WR,WR,81.0,ACT,Devontez Walker,Devontez,Walker,2001-06-19,73,198,North Carolina; Kent State; North Carolina Central,00-0039792,4696882,b5d1ed29-c72a-45ff-ae60-337e13728b2f,40991,17728,145773,WalkDe01,24978,11629,2.0,"https://static.www.nfl.com/image/upload/f_auto,q_auto/league/d8qrpenynncwink7dqs2",WAL125280,57234,32005741-4c12-5280-b9cc-679bea874bd8,2024.0,2024.0,BAL
2026,SEA,TE,TE,88.0,ACT,AJ Barner,AJ,Barner,2002-05-03,78,251,Michigan; Indiana,00-0039793,4576297,e96127b4-d381-43d4-b0ae-8790c706756f,41001,17811,129433,BarnAJ00,25106,11603,2.0,"https://static.www.nfl.com/image/upload/f_auto,q_auto/league/ul77k5rqbqzd5zzqsaea",BAR235889,57242,32004241-5223-5889-95d9-0ba3aeeb36ed,2024.0,2024.0,SEA
2026,NYJ,RB,RB,0.0,ACT,Braelon Allen,Braelon,Allen,2004-01-20,73,235,Wisconsin,00-0039794,4685247,d7f72deb-c1e2-47a2-b651-887f0e33dc44,40981,17702,145159,AlleBr05,24934,11576,2.0,"https://static.www.nfl.com/image/upload/f_auto,q_auto/league/pdaa8u0x2qepyklabdr3",ALL063734,57255,3200414c-4c06-3734-6e11-4c57194f79b4,2024.0,2024.0,NYJ
2026,SEA,DB,CB,28.0,ACT,Nehemiah Pritchett,Nehemiah,Pritchett,2001-02-11,72,190,Auburn,00-0039795,4567222,06418ca3-6c11-4654-ad86-59bac5370e23,,17783,98875,PritNe00,25154,11753,2.0,"https://static.www.nfl.com/image/upload/f_auto,q_auto/league/ao9rpvbwn2ckx5ejcodx",PRI790475,57257,32005052-4979-0475-45d7-4f092566c86a,2024.0,2024.0,SEA
2026,BAL,RB,RB,26.0,ACT,Rasheen Ali,Rasheen,Ali,2001-02-16,71,210,Marshall,00-0039796,4690013,9aeb79b0-e55b-4341-8c6b-233971b667a7,41033,17026,121717,AlixRa00,25045,11570,2.0,"https://static.www.nfl.com/image/upload/f_auto,q_auto/league/zwjrkzu3ia3cfrwgotqt",ALI140900,57286,3200414c-4914-0900-a1c1-afdcb9da9c39,2024.0,2024.0,BAL
2026,NYJ,RB,RB,32.0,ACT,Isaiah Davis,Isaiah,Davis,2002-02-21,73,220,South Dakota State,00-0039798,4695404,849789be-b8f0-4d97-a777-2fcf336efa6a,41031,17057,138299,DaviIs00,25064,11571,2.0,"https://static.www.nfl.com/image/upload/f_auto,q_auto/league/hsozhwgsuffsfrc4qdp2",DAV410574,57294,32004441-5641-0574-531b-0bc55bd5bc41,2024.0,2024.0,NYJ
2026,AZ,DB,CB,16.0,ACT,Max Melton,Malachi,Melton,2002-04-15,71,187,Rutgers,00-0039807,4698113,5f3ab1fc-cdc0-499d-8cc2-36433b9ac7f6,,17817,129889,MeltMa00,25165,11693,2.0,"https://static.www.nfl.com/image/upload/f_auto,q_auto/league/inf9atuivxldaqlq8xdi",MEL610078,57164,32004d45-4c61-0078-d54e-f88d1ef7246e,2024.0,2024.0,ARI
2026,AZ,OL,G,74.0,ACT,Isaiah Adams,Isaiah,Adams,2000-07-21,76,316,Illinois; Garden City CC,00-0039808,,,,,,,,,2.0,"https://static.www.nfl.com/image/upload/f_auto,q_auto/league/vhbpzmpvgkkun2onlp9s",ADA373948,57192,32004144-4137-3948-a77f-ac8f4d02b20f,2024.0,2024.0,ARI
2026,DEN,LB,LB,52.0,ACT,Jonah Elliss,Jonah,Elliss,2003-04-03,74,246,Utah,00-0039809,4687592,c33c2e37-fc99-4ab3-b609-d588c9141e9a,,17730,146458,ElliJo03,24970,11714,2.0,"https://static.www.nfl.com/image/upload/f_auto,q_auto/league/f3dukr2ntse8qnsyhu3b",ELL749388,57197,3200454c-4c74-9388-4f20-87da6cc5ab27,2024.0,2024.0,DEN
2026,GB,RB,RB,32.0,ACT,MarShawn Lloyd,MarShawn,Lloyd,2001-01-05,69,220,USC; South Carolina,00-0039811,4429023,7b8967bc-a3a5-4aa4-bd1f-2846663ca831,40971,17795,124247,LloyMa00,23211,11581,2.0,"https://static.www.nfl.com/image/upload/f_auto,q_auto/league/ufhthbjqbgb6mggscdc9",LLO673464,57209,32004c4c-4f67-3464-78d4-33609054aa9a,2024.0,2024.0,GB
2026,GB,LB,LB,59.0,ACT,Ty'Ron Hopper,Ty'Ron,Hopper,2001-04-26,74,228,Missouri; Florida,00-0039812,4567406,9fb2ac11-8c14-4039-9a3f-32d11343b73d,,17859,98781,HoppTy00,25249,11712,2.0,"https://static.www.nfl.com/image/upload/f_auto,q_auto/league/taqdlsfufqh99ucbl5zm",HOP640560,57212,3200484f-5064-0560-858f-6453d28a5167,2024.0,2024.0,GB
2026,GB,DB,SAF,33.0,ACT,Evan Williams,Evan,Williams,2001-07-28,71,200,Oregon; Fresno State,00-0039813,4428863,8fbc9bcf-c367-46bc-8017-ce87e84aeaff,,18003,73864,WillEv00,25125,11739,2.0,"https://static.www.nfl.com/image/upload/f_auto,q_auto/league/phwdofvsdjhqecxyx1kb",WIL277058,57232,32005749-4c27-7058-ee24-9b66ebbbc9c8,2024.0,2024.0,GB
2026,CIN,TE,TE,83.0,ACT,Erick All,Erick,All,2000-09-13,77,255,Iowa; Michigan,00-0039814,4427834,5523779b-db60-4158-b232-8391bc7db65b,40989,17696,52595,AllxEr00,25208,11592,2.0,"https://static.www.nfl.com/image/upload/f_auto,q_auto/league/ifkhcxze7lnxkpzjvsmk",ALL004828,57236,3200414c-4c00-4828-f0d3-e53762691665,2024.0,2024.0,CIN
2026,SEA,LB,LB,48.0,ACT,Tyrice Knight,Tyrice,Knight,1999-12-20,72,233,Texas-El Paso; Independence Comm. College,00-0039815,4686540,d1f88078-0acd-4d6d-95f4-cf0c5bb7cb90,,17963,122025,KnigTy00,25246,11734,2.0,"https://static.www.nfl.com/image/upload/f_auto,q_auto/league/eqhzoc3hrxk94vxolfws",KNI756662,57239,32004b4e-4975-6662-8893-60383370e77f,2024.0,2024.0,SEA
2026,IND,WR,WR,6.0,ACT,Anthony Gould,Anthony,Gould,2001-04-06,68,174,Oregon State,00-0039816,4429684,f1f3f15f-f4a5-4d6e-b075-95f4815a384e,41046,17971,97078,GoulAn00,25126,11762,2.0,"https://static.www.nfl.com/image/upload/f_auto,q_auto/league/kplzuye1iocg1vyec3ru",GOU228729,57263,3200474f-5522-8729-5dc4-7b9f21129015,2024.0,2024.0,IND
2026,GB,OL,C,62.0,ACT,Jacob Monk,Jacob,Monk,2001-06-04,75,308,Duke,00-0039817,,,,,,,,,2.0,"https://static.www.nfl.com/image/upload/f_auto,q_auto/league/djkllxmjl8nexngwzoe8",MON229580,57284,32004d4f-4e22-9580-3239-cea8dbb601f0,2024.0,2024.0,GB
2026,GB,DB,SAF,27.0,ACT,Kitan Oladapo,Olakitan,Oladapo,2000-10-10,74,216,Oregon State,00-0039818,4374037,abc5dadd-fe68-4a0e-8b64-6b6ca2717858,,17884,83349,OladKi00,25161,11763,2.0,"https://static.www.nfl.com/image/upload/f_auto,q_auto/league/vxt0byaznbu2o42n2ft7",OLA083057,57290,32004f4c-4108-3057-70ea-361ad5227056,2024.0,2024.0,GB
2026,GB,OL,OT,79.0,ACT,Travis Glover,Travis,Glover,2000-08-17,78,317,Georgia State,00-0039819,,,,,,,,,2.0,"https://static.www.nfl.com/image/upload/f_auto,q_auto/league/prqijh0olxjpcq1clcj2",GLO698900,57322,3200474c-4f69-8900-6094-b60bdbb333ca,2024.0,2024.0,GB
2026,NYG,DB,DB,22.0,ACT,Andru Phillips,Andru,Phillips,2001-11-30,71,180,Kentucky,00-0039821,4431321,3e7f9f29-7288-4963-b858-e284f051387a,,17846,124075,PhilAn02,25157,11700,2.0,"https://static.www.nfl.com/image/upload/f_auto,q_auto/league/kh3iigah1t49ywg0scb9",PHI113751,57191,32005048-4911-3751-9395-e8d40a3e1534,2024.0,2024.0,NYG
2026,CHI,OL,OT,72.0,ACT,Kiran Amegadjie,Kiran,Amegadjie,2002-02-01,77,326,Yale,00-0039822,,,,,,,,,2.0,"https://static.www.nfl.com/image/upload/f_auto,q_auto/league/hpm4zz5v7xgnaqqwfxta",AME283781,57196,3200414d-4528-3781-117b-20e12d587385,2024.0,2024.0,CHI
2026,AZ,DB,CB,28.0,ACT,Elijah Jones,Elijah,Jones,2000-01-08,73,185,Boston College,00-0039823,4360203,6e1e18d1-3dab-4333-aa02-97354d316c6f,,18071,76632,JoneEl00,25173,11717,2.0,"https://static.www.nfl.com/image/upload/f_auto,q_auto/league/tti0os0zrmotgh6icpls",JON275726,57211,32004a4f-4e27-5726-7a49-e84a04ed3b1f,2024.0,2024.0,ARI
2026,KC,TE,TE,12.0,ACT,Jared Wiley,Jared,Wiley,2000-11-02,78,249,TCU; Texas,00-0039824,4430723,a952a370-a43f-45ec-8371-0665f0b9551e,40978,17894,98508,WileJa00,25112,11595,2.0,"https://static.www.nfl.com/image/upload/f_auto,q_auto/league/dd7n41tzytkvgbrqvtda",WIL054234,57252,32005749-4c05-4234-3a6b-be0cb1a9ec84,2024.0,2024.0,KC
2026,KC,DB,SAF,21.0,ACT,Jaden Hicks,Jaden,Hicks,2002-08-16,73,215,Washington State,00-0039825,4685232,3e4f799d-5567-4239-9513-86a16a674073,,17797,146512,HickJa01,24969,11728,2.0,"https://static.www.nfl.com/image/upload/f_auto,q_auto/league/lvcirt1ekbyj97v6mdzx",HIC502297,57254,32004849-4350-2297-11d9-fa778a10e70e,2024.0,2024.0,KC
2026,PHI,LB,LB,54.0,ACT,Jeremiah Trotter Jr.,Jeremiah,Trotter,2002-12-24,72,225,Clemson,00-0039826,4432777,1159549f-4be1-440b-a950-a6bfab44d5ce,,17755,144142,TrotJe01,24932,11752,2.0,"https://static.www.nfl.com/image/upload/f_auto,q_auto/league/fbgpf6iqljasd4h1miw2",TRO498404,57276,32005452-4f49-8404-fca0-14fc270b6c67,2024.0,2024.0,PHI
2026,KC,OL,C,60.0,ACT,Hunter Nourzad,Hunter,Nourzad,2000-11-26,75,317,Penn State; Cornell,00-0039827,,,,,,,,,2.0,"https://static.www.nfl.com/image/upload/f_auto,q_auto/league/bya9repc8ahypqokozbd",NOU415291,57280,32004e4f-5541-5291-467e-22dbf261fa56,2024.0,2024.0,KC
2026,MIN,OL,OT,73.0,ACT,Walter Rouse,Walter,Rouse,2001-03-09,78,330,Oklahoma; Stanford,00-0039828,,,,,,,,,2.0,"https://static.www.nfl.com/image/upload/f_auto,q_auto/league/orggdqqfg9dnr0sjfo2y",ROU504348,57297,3200524f-5550-4348-8c9d-23bda84dfb69,2024.0,2024.0,MIN
2026,NYG,LB,LB,53.0,ACT,Darius Muasau,Darius,Muasau,2001-02-10,72,234,UCLA; Hawaii,00-0039829,4428072,9ed90b2b-c650-41c0-9cee-2fbd8fc95546,,17868,86008,MuasDa00,25243,11807,2.0,"https://static.www.nfl.com/image/upload/f_auto,q_auto/league/jp2tinbi0erohx4jdtta",MUA504282,57303,32004d55-4150-4282-5c7d-35d1ebfc7709,2024.0,2024.0,NYG
2026,LA,OL,C,63.0,ACT,Dylan McMahon,Dylan,McMahon,2001-01-22,75,290,N.C. State,00-0039830,,,,,,,,,2.0,"https://static.www.nfl.com/image/upload/f_auto,q_auto/league/leco1c20tura5d1xcqna",MCM094922,57310,32004d43-4d09-4922-64fb-5d63d88d9d9f,2024.0,2024.0,PHI
2026,GB,DB,DB,36.0,ACT,Kamal Hadden,Kamal,Hadden,2001-01-17,73,192,Tennessee; Independence Comm. College; Auburn,00-0039831,4427356,ae33b86e-d67d-4b38-87e8-f7c666b4a88b,,17832,146931,HaddKa00,25190,11787,2.0,"https://static.www.nfl.com/image/upload/f_auto,q_auto/league/j3ty1m9rac4bqcysjwqp",HAD230716,57331,32004841-4423-0716-2b52-5ce6bc2fb341,2024.0,2024.0,KC
2026,HOU,OL,OT,63.0,ACT,Jarrett Kingston,Jarrett,Kingston,1999-12-02,76,308,USC; Washington State,00-0039832,,,,,,,,,2.0,"https://static.www.nfl.com/image/upload/f_auto,q_auto/league/orbaqigx4j1gwsae5sec",KIN700686,57335,32004b49-4e70-0686-5485-4ea570daf481,2024.0,2024.0,SF
2026,KC,OL,G,61.0,ACT,C.J. Hanson,Christopher,Hanson,2001-03-03,77,300,Holy Cross,00-0039833,,,,,,,,,2.0,"https://static.www.nfl.com/image/upload/f_auto,q_auto/league/sem0xiz0jubhx5nww1ma",HAN641526,57368,32004841-4e64-1526-f2d7-7385c0fd0090,2024.0,2024.0,KC
2026,LA,DB,SAF,5.0,ACT,Kamren Kinchens,Kamren,Kinchens,2002-09-29,72,201,Miami,00-0039834,4596363,c4c31524-3ac6-4337-bd99-4085f92d4a13,,17722,143946,KincKa00,25027,11726,2.0,"https://static.www.nfl.com/image/upload/f_auto,q_auto/league/ixanabxmodk5m1xp8u8s",KIN099099,57220,32004b49-4e09-9099-7562-5ccc68eaf694,2024.0,2024.0,LA
2026,LAC,DL,DT,92.0,ACT,Justin Eboigbe,Justin,Eboigbe,2001-04-09,77,292,Alabama,00-0039835,4567138,ace0e155-59e7-44b1-ad04-cd08ba02209a,,17803,98925,EboiJu00,25211,11743,2.0,"https://static.www.nfl.com/image/upload/f_auto,q_auto/league/gb5maqjfoxpesige0io1",EBO415291,57226,32004542-4f41-5291-7d8a-20ad6284064c,2024.0,2024.0,LAC
2026,LV,LB,LB,54.0,ACT,Brennan Jackson,Brennan,Jackson,2000-10-14,76,263,Washington State,00-0039836,4373471,0088498b-6f39-4cc2-9102-4aabd7491674,,17842,82474,JackBr02,25164,11751,2.0,"https://static.www.nfl.com/image/upload/f_auto,q_auto/league/aacqz576jq1ykkanftmc",JAC055625,57275,32004a41-4305-5625-f062-306e30ea43cc,2024.0,2024.0,LA
2026,ATL,LB,LB,48.0,ACT,Bralen Trice,Bralen,Trice,2001-02-26,76,274,Washington,00-0039837,4428713,1c5dddf1-b744-4019-b57b-4fc8a3798dee,,17676,100550,TricBr00,25033,11721,2.0,"https://static.www.nfl.com/image/upload/f_auto,q_auto/league/gky2k8v2wu87yxfsmp4f",TRI034508,57195,32005452-4903-4508-bbeb-b6c5aac80eca,2024.0,2024.0,ATL
2026,HOU,DB,SAF,2.0,ACT,Calen Bullock,Calen,Bullock,2003-04-30,75,190,USC,00-0039838,4431517,f53fd561-f47b-4db2-8318-022246e447ae,,17737,146424,BullCa00,24961,11710,2.0,"https://static.www.nfl.com/image/upload/f_auto,q_auto/league/vmntsl9qah1vffuguarz",BUL475420,57199,32004255-4c47-5420-e681-392e513abf49,2024.0,2024.0,HOU
2026,SEA,OL,G,64.0,ACT,Christian Haynes,Christian,Haynes,2000-04-13,75,318,Connecticut,00-0039839,,,,,,,,,2.0,"https://static.www.nfl.com/image/upload/f_auto,q_auto/league/sq5n5s8fi0xgc1udqygl",HAY586893,57202,32004841-5958-6893-e64a-1f011921652d,2024.0,2024.0,SEA
2026,CHI,DL,DE,94.0,ACT,Austin Booker,Austin,Booker,2002-12-14,78,245,Kansas; Minnesota,00-0039840,4683553,e062739b-9948-47aa-aa50-604483c45b8b,,17839,144990,BookAu00,24942,11760,2.0,"https://static.www.nfl.com/image/upload/f_auto,q_auto/league/gxs1vf40thpixmxwdvmc",BOO005373,57265,3200424f-4f00-5373-700b-a9f16bc56e46,2024.0,2024.0,CHI
2026,PHI,DB,CB,33.0,ACT,Cooper DeJean,Cooper,DeJean,2003-02-09,72,198,Iowa,00-0039841,4682618,f213bbc9-1294-4bce-84b0-3752e63ff363,,17705,144867,DeJeCo00,24968,11678,2.0,"https://static.www.nfl.com/image/upload/f_auto,q_auto/league/meqy50bhzwvghrwbtjg5",DEJ226521,57161,32004445-4a22-6521-966b-4b5a2f95ff19,2024.0,2024.0,PHI
2026,ATL,OL,OT,72.0,ACT,Michael Jerrell,Michael,Jerrell,1999-08-18,77,309,Findlay,00-0039842,,,,,,,,,2.0,"https://static.www.nfl.com/image/upload/f_auto,q_auto/league/sb2h7jazorwloacnwj2z",JER477236,57327,32004a45-5247-7236-6333-a1bdf940c65e,2024.0,2024.0,SEA
2026,CHI,TE,TE,80.0,ACT,Qadir Ismail,Qadir,Ismail,2000-02-17,78,245,Samford; Villanova,00-0039843,,,,,,,,,2.0,"https://static.www.nfl.com/image/upload/f_auto,q_auto/league/jytklgwcw2siv9q8xppu",ISM055951,57962,32004953-4d05-5951-b572-c53d104be17d,2024.0,2024.0,
2026,KC,OL,OT,76.0,ACT,Kingsley Suamataia,Kingsley,Suamataia,2003-01-18,76,326,BYU; Oregon,00-0039844,,,,,,,,,2.0,"https://static.www.nfl.com/image/upload/f_auto,q_auto/league/xhqrjshk8fbkaxz9dvbm",SUA474618,57184,32005355-4147-4618-4251-759ae782e397,2024.0,2024.0,KC
2026,TB,DB,DB,23.0,ACT,Tykee Smith,Tykee,Smith,2001-02-18,70,202,Georgia; West Virginia,00-0039846,4428522,1ebc26a2-8705-4db2-b177-1b5acc21b5fa,,17770,99500,SmitTy05,25143,11705,2.0,"https://static.www.nfl.com/image/upload/f_auto,q_auto/league/mjjhxgflmtw3byqbidfw",SMI765745,57210,3200534d-4976-5745-c6d9-98123ebbe683,2024.0,2024.0,TB
2026,NYG,TE,TE,84.0,ACT,Theo Johnson,Theodore,Johnson,2001-02-26,78,264,Penn State,00-0039847,4429148,a5d4bb1d-c130-47c2-808a-2dd1f85005fb,41003,17021,129787,JohnTh00,23142,11597,2.0,"https://static.www.nfl.com/image/upload/f_auto,q_auto/league/naoiheinxogchairenzf",JOH679524,57228,32004a4f-4867-9524-edd3-b9ccfa7618ee,2024.0,2024.0,NYG
2026,AZ,WR,WR,18.0,ACT,Marvin Harrison Jr.,Marvin,Harrison,2002-08-11,75,220,Ohio State,00-0039849,4432708,e8da21a8-796d-48a2-b644-57d08983ae01,40893,17674,145056,HarrMa09,24974,11628,2.0,"https://static.www.nfl.com/image/upload/f_auto,q_auto/league/hwpoo1icpnh8emjvqaii",HAR648677,57125,32004841-5264-8677-2fca-6edc0b245f94,2024.0,2024.0,ARI
2026,GB,LB,LB,56.0,ACT,Edgerrin Cooper,Edgerrin,Cooper,2001-11-17,74,229,Texas A&M,00-0039850,4430438,5424462c-3f8e-4e2a-832d-c29916d395cb,,17753,124311,CoopEd00,25021,11687,2.0,"https://static.www.nfl.com/image/upload/f_auto,q_auto/league/huidssokjxzmjjeyb80d",COO535990,57166,3200434f-4f53-5990-fc98-570859860963,2024.0,2024.0,GB
2026,NE,QB,QB,10.0,ACT,Drake Maye,Drake,Maye,2002-08-30,76,225,North Carolina,00-0039851,4431452,d0c0630e-8925-4b81-a32b-e4146d95f01f,40881,17673,143969,MayeDr00,24958,11564,2.0,"https://static.www.nfl.com/image/upload/f_auto,q_auto/league/oyap81gtzcvnfmripis1",MAY289639,57124,32004d41-5928-9639-2999-10019fb4c292,2024.0,2024.0,NE
2026,CLE,LB,LB,,ACT,Jared Verse,Jared,Verse,2000-11-04,76,265,Florida State; Albany,00-0039852,4578085,6c0c2ab2-8333-4eb0-adb5-d8e0095d50ec,,17711,101912,VersJa00,24139,11665,2.0,"https://static.www.nfl.com/image/upload/f_auto,q_auto/league/rapkhulnj8vsblkkgcca",VER641394,57140,32005645-5264-1394-6f3f-97bc714466d7,2024.0,2024.0,LA
2026,AZ,DL,DL,56.0,ACT,Darius Robinson,Darius,Robinson,2001-09-13,77,285,Missouri,00-0039854,4569480,7ceb8b7a-9797-4186-8dbe-4446b415c0fb,,17790,98946,RobiDa01,25299,11658,2.0,"https://static.www.nfl.com/image/upload/f_auto,q_auto/league/lfmoncmd0jh5hj67eola",ROB388955,57148,3200524f-4238-8955-ee72-4b029172a7eb,2024.0,2024.0,ARI
2026,TB,WR,WR,11.0,ACT,Jalen McMillan,Jalen,McMillan,2001-12-07,73,192,Washington,00-0039855,4430834,c2b25795-8c63-425a-8790-f6d626dbf0d3,40954,17763,131905,McMiJa01,25098,11618,2.0,"https://static.www.nfl.com/image/upload/f_auto,q_auto/league/x2jipyhqclsgx4cmsqct",MCM472299,57213,32004d43-4d47-2299-41b9-9748c436ab7f,2024.0,2024.0,TB
2026,HOU,OL,OT,57.0,ACT,Blake Fisher,Blake,Fisher,2003-03-25,78,312,Notre Dame,00-0039857,,,,,,,,,2.0,"https://static.www.nfl.com/image/upload/f_auto,q_auto/league/eco81lxhu3wgpkkqjsyw",FIS188380,57180,32004649-5318-8380-1b6c-d98c454fff5d,2024.0,2024.0,HOU
2026,TEN,LB,LB,33.0,ACT,Cedric Gray,Cedric,Gray,2002-10-30,74,235,North Carolina,00-0039858,4429834,bc424a1d-0931-404a-8997-5278b1a50d73,,17849,122835,GrayCe00,25250,11742,2.0,"https://static.www.nfl.com/image/upload/f_auto,q_auto/league/v3hwfmdmrsjinn4f8o2y",GRA613330,57227,32004752-4161-3330-dc0f-75cbcc511887,2024.0,2024.0,TEN
2026,ATL,DL,DE,54.0,ACT,Brandon Dorlus,Brandon,Dorlus,2001-03-22,75,295,Oregon,00-0039859,4427090,46ed0b03-015e-4d22-a034-4eeb242aa6a7,,17743,100452,DorlBr00,24997,11740,2.0,"https://static.www.nfl.com/image/upload/f_auto,q_auto/league/dl97qpbtsjpwrpuhfa9g",DOR149742,57230,3200444f-5214-9742-cbfb-0320fefadf8b,2024.0,2024.0,ATL
2026,NO,DB,CB,1.0,ACT,Kool-Aid McKinstry,Ga'Quincy,McKinstry,2002-09-30,71,199,Alabama,00-0039860,4433975,db912dac-e488-4c39-806b-a10e990d6bf4,,17715,146602,McKiKo00,25007,11675,2.0,"https://static.www.nfl.com/image/upload/f_auto,q_auto/league/grkovrh00bnekyi46niz",MCK667314,57162,32004d43-4b66-7314-9644-0b09c691ed50,2024.0,2024.0,NO
2026,NYG,DB,SAF,27.0,ACT,Tyler Nubin,Tyler,Nubin,2001-06-14,74,210,Minnesota,00-0039861,4430261,be2b6a6f-0e18-4394-a681-d414a3a306b8,,17723,97895,NubiTy00,25026,11674,2.0,"https://static.www.nfl.com/image/upload/f_auto,q_auto/league/qsakq172gdexg9js8gs1",NUB415291,57168,32004e55-4241-5291-e6bf-14aed7afde74,2024.0,2024.0,NYG
2026,DET,DB,CB,2.0,ACT,Ennis Rakestraw Jr.,Ennis,Rakestraw,2002-06-05,71,188,Missouri,00-0039862,4566092,c4da8885-d3f7-4593-b325-3e3dc408d1b6,,17720,124215,RakeEn00,24950,11689,2.0,"https://static.www.nfl.com/image/upload/f_auto,q_auto/league/qqwcajwnacksgjhwm4jx",RAK373762,57182,32005241-4b37-3762-cf08-2d11d0e427b9,2024.0,2024.0,DET
2026,NE,OL,OT,70.0,ACT,Caedan Wallace,Caedan,Wallace,2000-04-18,77,314,Penn State; West Virginia,00-0039863,,,,,,,,,2.0,"https://static.www.nfl.com/image/upload/f_auto,q_auto/league/piat3j8hslqspj8fd7c6",WAL422259,57189,32005741-4c42-2259-ffd8-7b5f32694b32,2024.0,2024.0,NE
2026,AZ,DB,SAF,42.0,ACT,Dadrion Taylor-Demerson,Dadrion,Taylor-Demerson,2001-01-20,70,197,Texas Tech,00-0039864,4428633,ed59f931-fb26-4809-b862-a29fb7825942,,17996,97348,TaylDa02,25138,11744,2.0,"https://static.www.nfl.com/image/upload/f_auto,q_auto/league/sowjjszg6dsa2welwenx",TAY812808,57225,32005441-5981-2808-5fd7-3fe9e12204ea,2024.0,2024.0,ARI
2026,GB,DB,SAF,7.0,ACT,Javon Bullard,Javon,Bullard,2002-09-05,70,198,Georgia,00-0039867,4688930,0bf54af0-cd8f-48ac-96b9-b742562a3e53,,17765,146726,BullJa00,24959,11686,2.0,"https://static.www.nfl.com/image/upload/f_auto,q_auto/league/vag7xsajiqpambybsapn",BUL364409,57179,32004255-4c36-4409-64d7-463d99975cab,2024.0,2024.0,GB
2026,DEN,WR,WR,11.0,ACT,Troy Franklin,Troy,Franklin,2003-02-06,75,180,Oregon,00-0039868,4431280,765dffd8-8112-4078-86a1-924ccebf1069,41009,17719,146567,FranTr00,24973,11627,2.0,"https://static.www.nfl.com/image/upload/f_auto,q_auto/league/belpdlyoda8cmzbvjkqh",FRA545210,57223,32004652-4154-5210-6c05-a56029ed000f,2024.0,2024.0,DEN
2026,PIT,OL,OT,76.0,ACT,Troy Fautanu,Troy,Fautanu,2000-10-11,76,317,Washington,00-0039871,,,,,,,,,2.0,"https://static.www.nfl.com/image/upload/f_auto,q_auto/league/a9cndfqf5alglid0muel",FAU766320,57141,32004641-5576-6320-9bff-99e263b92b33,2024.0,2024.0,PIT
2026,BUF,DB,SAF,24.0,ACT,Cole Bishop,Cole,Bishop,2002-10-24,74,207,Utah,00-0039872,4676004,9098b52a-bc60-4a3d-9eaa-4611966a576e,,17838,146454,BishCo00,24941,11682,2.0,"https://static.www.nfl.com/image/upload/f_auto,q_auto/league/xvpwenwn8smwotkdso3a",BIS244955,57181,32004249-5324-4955-7828-cfb9c0a6ebae,2024.0,2024.0,BUF
2026,BUF,DL,DT,90.0,ACT,DeWayne Carter,DeWayne,Carter,2000-12-10,74,302,Duke,00-0039873,4426883,f5f02301-7ec2-48ae-b67e-31fd01cc070b,,17766,98175,CartDe03,25238,11706,2.0,"https://static.www.nfl.com/image/upload/f_auto,q_auto/league/kvvk49few3r68c7xl2xy",CAR644270,57216,32004341-5264-4270-5a2f-d6f27bdca523,2024.0,2024.0,BUF
2026,MIA,RB,RB,5.0,ACT,Jaylen Wright,Jaylen,Wright,2003-04-01,70,208,Tennessee,00-0039874,4682745,ba9e1390-028b-47c9-8710-84cee3fa25de,41010,17800,146934,WrigJa04,24923,11643,2.0,"https://static.www.nfl.com/image/upload/f_auto,q_auto/league/i3wlfgqsynl7qaa4tsqw",WRI398099,57241,32005752-4939-8099-f6ee-7772cc125a42,2024.0,2024.0,MIA
2026,BUF,RB,RB,7.0,ACT,Ray Davis,Re'Mahn,Davis,1999-11-20,68,211,Kentucky; Vanderbilt; Temple,00-0039875,4429501,a856dd59-ed95-471a-bfb9-fbd0566bd1a9,40980,17792,101072,DaviRa04,24980,11575,2.0,"https://static.www.nfl.com/image/upload/f_auto,q_auto/league/pm9llppbueodtjjj9u8l",DAV632804,57249,32004441-5663-2804-a8ce-2174ee79562e,2024.0,2024.0,BUF
2026,BUF,OL,C,62.0,ACT,Sedrick Van Pran-Granger,Sedrick,Van Pran-Granger,2001-10-23,76,315,Georgia,00-0039876,,,,,,,,,2.0,"https://static.www.nfl.com/image/upload/f_auto,q_auto/league/o6ayso1ks19s4n2te2n9",VAN715349,57262,32005641-4e71-5349-190d-7420371fab37,2024.0,2024.0,BUF
2026,TB,LB,LB,59.0,ACT,Mohamed Kamara,Mohamed,Kamara,2000-06-09,73,253,Colorado State,00-0039877,4427677,7bd0810c-c806-43b1-a793-9cd9cb33c546,,17812,97731,KamaMo00,25178,11754,2.0,"https://static.www.nfl.com/image/upload/f_auto,q_auto/league/ta8la6ajibj2brazlyxj",KAM316529,57279,32004b41-4d31-6529-d10b-c40ece704f5c,2024.0,2024.0,MIA
2026,CLE,LB,LB,54.0,ACT,Edefuan Ulofoshio,Edefuan,Ulofoshio,2000-01-23,73,240,Washington,00-0039878,4374280,b231b9d4-d3fe-437d-91b0-c6619cd175c0,,17836,81459,UlofEd00,25235,11757,2.0,"https://static.www.nfl.com/image/upload/f_auto,q_auto/league/qkcez8tpxdriiu1zihqi",ULO415291,57281,3200554c-4f41-5291-3cc2-1bcb2e45fd62,2024.0,2024.0,BUF
2026,BUF,LB,LB,56.0,ACT,Javon Solomon,Javon,Solomon,2001-01-17,73,246,Troy,00-0039879,4428548,fcd72650-13b8-4a8d-bc2f-d6b28d46a431,,17957,97821,SoloJa00,25274,11759,2.0,"https://static.www.nfl.com/image/upload/f_auto,q_auto/league/a4ytbrhlefwr3ri8ruwu",SOL228092,57289,3200534f-4c22-8092-733c-eec3f091d0b7,2024.0,2024.0,BUF
2026,MIA,WR,WR,6.0,ACT,Malik Washington,Malik,Washington,2000-10-20,68,195,Virginia; Northwestern,00-0039880,4569603,d7f4fd2c-ba4f-49ca-bd92-443a506e9eb4,41058,17863,97108,WashMa00,25103,11610,2.0,"https://static.www.nfl.com/image/upload/f_auto,q_auto/league/kwcgtsbpd0rpwsgq2npe",WAS519225,57304,32005741-5351-9225-4aef-42e21658d0ee,2024.0,2024.0,MIA
2026,SF,DB,SAF,,ACT,Patrick McMorris,Patrick,McMorris,2001-10-18,72,206,California; San Diego State,00-0039881,4430158,5137b06d-af47-47d7-8c1b-968fd511ea29,,18001,101309,McMoPa00,25166,11797,2.0,"https://static.www.nfl.com/image/upload/f_auto,q_auto/league/e9mhvs0g9yq7t7ctwntp",MCM691571,57318,32004d43-4d69-1571-88ee-eb223394ff4a,2024.0,2024.0,MIA
2026,BUF,OL,OT,68.0,ACT,Tylan Grable,Tylan,Grable,1999-10-04,77,313,UCF; Jacksonville State,00-0039882,,,,,,,,,2.0,"https://static.www.nfl.com/image/upload/f_auto,q_auto/league/hudj8gmxaieg16wrhxj5",GRA027444,57324,32004752-4102-7444-a454-6645dfedea6f,2024.0,2024.0,BUF
2026,PIT,DB,CB,,RES,Daequan Hardy,Daequan,Hardy,2001-06-13,69,178,Penn State,00-0039883,4429743,10126054-8bc0-4470-b1a8-a98c94c0afb7,,17906,101365,HardDa02,25182,11781,2.0,"https://static.www.nfl.com/image/upload/f_auto,q_auto/league/ufab4bt7hohj24mzr91v",HAR090900,57339,32004841-5209-0900-d135-816afa52800e,2024.0,2024.0,BUF
2026,MIA,WR,WR,84.0,ACT,Tahj Washington,Tahj,Washington,2001-05-16,70,175,USC; Memphis,00-0039884,4567506,298d990d-9fd4-4cdf-8fcd-a7c3043d17fd,41104,17978,97288,WashTa00,25199,11821,2.0,"https://static.www.nfl.com/image/upload/f_auto,q_auto/league/homslu3sftjfqqnrcmt5",WAS731428,57361,32005741-5373-1428-528e-5f3b4a22a973,2024.0,2024.0,MIA
2026,NYJ,DL,DT,99.0,ACT,T'Vondre Sweat,T'Vondre,Sweat,2001-07-11,76,366,Texas,00-0039886,4428617,136f06ed-a718-4551-b1b2-feda889b9b98,,17754,99321,SweaTV01,25031,11691,2.0,"https://static.www.nfl.com/image/upload/f_auto,q_auto/league/kltw5qbkonldsneuvjrz",SWE036191,57159,32005357-4503-6191-3121-111b51ed5d1a,2024.0,2024.0,TEN
2026,ATL,OL,G,73.0,ACT,Layden Robinson,Layden,Robinson,2001-05-03,75,311,Texas A&M,00-0039887,,,,,,,,,2.0,"https://static.www.nfl.com/image/upload/f_auto,q_auto/league/tbkngviqid6uoq2pi2is",ROB617155,57224,3200524f-4261-7155-7352-5ca27cf72de8,2024.0,2024.0,NE
2026,PHI,DB,CB,27.0,ACT,Quinyon Mitchell,Quinyon,Mitchell,2001-07-18,72,193,Toledo,00-0039888,4686273,93e6a6eb-a91e-4705-b5de-faa10f741913,,17731,130628,MitcQu00,25030,11662,2.0,"https://static.www.nfl.com/image/upload/f_auto,q_auto/league/kkniksj5urk8jm7pzd1f",MIT626299,57143,32004d49-5462-6299-bd40-a17d9ef6d8a5,2024.0,2024.0,PHI
2026,ATL,DL,DT,92.0,ACT,Maason Smith,Maason,Smith,2002-10-13,77,306,LSU,00-0039889,4431567,32f98e05-a998-4e0c-8131-0e4b17cb7dd5,,17669,146774,SmitMa07,24945,11698,2.0,"https://static.www.nfl.com/image/upload/f_auto,q_auto/league/zornbxwkgz44oi2jwts8",SMI501138,57169,3200534d-4950-1138-61be-6010d78fdcb8,2024.0,2024.0,JAX
2026,NYJ,WR,WR,15.0,ACT,Adonai Mitchell,Adonai,Mitchell,2002-10-08,74,205,Texas; Georgia,00-0039890,4597500,190dbc97-2b7c-4023-b6b0-5729b854b60b,40915,17668,146712,MitcAd00,24954,11625,2.0,"https://static.www.nfl.com/image/upload/f_auto,q_auto/league/hwwacoa3pqapd7pgahfx",MIT056120,57173,32004d49-5405-6120-269b-4e222571d8ba,2024.0,2024.0,IND
2026,JAX,WR,WR,7.0,ACT,Brian Thomas Jr.,Brian,Thomas,2002-10-08,74,209,LSU,00-0039893,4432773,271a233e-68b3-4261-a3aa-7667eaf9d3cc,40883,17716,146760,ThomBr06,24933,11631,2.0,"https://static.www.nfl.com/image/upload/f_auto,q_auto/league/plnekkriys4cm11rnxwl",THO419793,57144,32005448-4f41-9793-7e94-7811f8a76eb2,2024.0,2024.0,JAX
2026,KC,WR,WR,1.0,ACT,Xavier Worthy,Xavier,Worthy,2003-04-27,71,165,Texas,00-0039894,4683062,52e049b1-0a7a-4e7f-9866-d2848e9cc478,40877,17687,144718,WortXa00,24924,11624,2.0,"https://static.www.nfl.com/image/upload/f_auto,q_auto/league/ue6fp8xwnyo7ftvabbb8",WOR741496,57149,3200574f-5274-1496-c9ca-5c4709faa05b,2024.0,2024.0,KC
2026,CLE,DL,DT,51.0,ACT,Mike Hall Jr.,Michael,Hall,2003-06-13,75,300,Ohio State,00-0039895,4600415,593fdfcf-8852-457e-bb9a-0411533eca32,,17793,145076,HallMi00,24975,11692,2.0,"https://static.www.nfl.com/image/upload/f_auto,q_auto/league/ykpxjvmielzqpguubka1",HAL648337,57175,32004841-4c64-8337-1c7b-c1256a64f35a,2024.0,2024.0,CLE
2026,PIT,OL,C,54.0,ACT,Zach Frazier,Zach,Frazier,2001-08-29,75,310,West Virginia,00-0039896,,,,,,,,,2.0,"https://static.www.nfl.com/image/upload/f_auto,q_auto/league/oxuh5tbhz1n1f1mjysql",FRA828596,57172,32004652-4182-8596-4fec-dd3254a7b4f6,2024.0,2024.0,PIT
2026,LAC,OL,OT,76.0,ACT,Joe Alt,Joe,Alt,2003-02-28,80,322,Notre Dame,00-0039897,,,,,,,,,2.0,"https://static.www.nfl.com/image/upload/f_auto,q_auto/league/q9fywrpehvxy7sdpgacs",ALT138430,57126,3200414c-5413-8430-67ff-edafc240dc72,2024.0,2024.0,LAC
2026,WAS,DB,CB,0.0,ACT,Mike Sainristil,Mike,Sainristil,2000-10-03,70,182,Michigan,00-0039898,4428414,f20bc1dc-7243-4c87-8274-a6e311c21ef9,,17768,97180,SainMi00,25147,11676,2.0,"https://static.www.nfl.com/image/upload/f_auto,q_auto/league/udlw8qhbduz4z49jv3jm",SAI624938,57171,32005341-4962-4938-6c41-d09bb59ca3c5,2024.0,2024.0,WAS
2026,MIA,OL,OT,52.0,ACT,Patrick Paul,Patrick,Paul,2001-11-01,79,326,Houston,00-0039899,,,,,,,,,2.0,"https://static.www.nfl.com/image/upload/f_auto,q_auto/league/obt8tnqeeoks0ubhcxgn",PAU315620,57176,32005041-5531-5620-7bbd-28573053873c,2024.0,2024.0,MIA
2026,BUF,WR,WR,0.0,ACT,Keon Coleman,Keon,Coleman,2003-05-17,75,213,Florida State; Michigan State,00-0039901,4635008,6752915f-efe5-473d-a520-78cadfab6dda,40911,17732,144949,ColeKe02,24964,11637,2.0,"https://static.www.nfl.com/image/upload/f_auto,q_auto/league/f3cx4kmpdmqftr79ueiv",COL295571,57154,3200434f-4c29-5571-54fa-77236b775ae1,2024.0,2024.0,BUF
2026,TB,LB,LB,43.0,ACT,Chris Braswell,Chris,Braswell,2001-10-25,75,255,Alabama,00-0039902,4428989,5bd59487-cd06-4286-bc62-17cae182abf9,,17718,123908,BrasCh01,24988,11679,2.0,"https://static.www.nfl.com/image/upload/f_auto,q_auto/league/u5abg52apl8dtgthu80k",BRA659472,57178,32004252-4165-9472-3a1c-e69045fc8ee1,2024.0,2024.0,TB
2026,DET,DB,CB,6.0,ACT,Terrion Arnold,Terrion,Arnold,2003-03-22,72,195,Alabama,00-0039903,4592837,bee08d8d-3b1a-4375-9ea3-e627da925807,,17712,146603,ArnoTe00,24940,11661,2.0,"https://static.www.nfl.com/image/upload/f_auto,q_auto/league/h3rbtalyoblh2szat9qc",ARN739342,57145,32004152-4e73-9342-f72d-04074002484c,2024.0,2024.0,DET
2026,GB,OL,OT,77.0,ACT,Jordan Morgan,Jordan,Morgan,2001-08-04,77,311,Arizona,00-0039904,,,,,,,,,2.0,"https://static.www.nfl.com/image/upload/f_auto,q_auto/league/g4afet48rjhc2wdcbu7l",MOR166787,57146,32004d4f-5216-6787-ef94-4c5252cbb096,2024.0,2024.0,GB
2026,TB,OL,C,62.0,ACT,Graham Barton,Graham,Barton,2002-06-01,77,314,Duke,00-0039905,,,,,,,,,2.0,"https://static.www.nfl.com/image/upload/f_auto,q_auto/league/n5msbiirsuzkgu63vfrf",BAR768688,57147,32004241-5276-8688-5a6e-aadc714bdd3c,2024.0,2024.0,TB
2026,WAS,DL,DT,95.0,ACT,Jer'Zhan Newton,Jer'Zhan,Newton,2002-08-31,74,295,Illinois,00-0039906,4430560,9d373d6d-66f7-4ba9-9226-5d5e89a23a5e,,17707,129420,NewtJe00,25041,11699,2.0,"https://static.www.nfl.com/image/upload/f_auto,q_auto/league/hgrxkwfkaiozsegi9sbp",NEW714885,57157,32004e45-5771-4885-82c7-4990610c7ce7,2024.0,2024.0,WAS
2026,NO,WR,WR,13.0,ACT,Ja'Lynn Polk,Ja'Lynn,Polk,2002-04-11,73,203,Washington; Texas Tech,00-0039907,4430637,446ecdc5-470d-4cb6-9a77-b54c108e3d3a,40914,17684,123153,PolkJa00,24952,11619,2.0,"https://static.www.nfl.com/image/upload/f_auto,q_auto/league/w4hcfpfjrpt0fchb0xmm",POL136646,57158,3200504f-4c13-6646-64f9-3598ba01ba77,2024.0,2024.0,NE
2026,CIN,DL,DT,90.0,ACT,Kris Jenkins,Kristopher,Jenkins,2001-10-10,75,310,Michigan,00-0039908,4432301,ffb4ddbb-f7be-47e8-b5de-19c32d68fc49,,17740,129584,JenkKr01,25012,11688,2.0,"https://static.www.nfl.com/image/upload/f_auto,q_auto/league/nuyy0laahr8mf5dojflu",JEN339534,57170,32004a45-4e33-9534-d419-9403eb944b45,2024.0,2024.0,CIN
2026,WAS,QB,QB,5.0,ACT,Jayden Daniels,Jayden,Daniels,2000-12-18,76,210,LSU; Arizona State,00-0039910,4426348,bab8c65a-9fff-410d-8e34-dc2f636d890e,40896,17692,97993,DaniJa02,23235,11566,2.0,"https://static.www.nfl.com/image/upload/f_auto,q_auto/league/vrdweg39v1ay4zoc0lgp",DAN567618,57123,32004441-4e56-7618-ab61-f08cbf558acd,2024.0,2024.0,WAS
2026,MIA,LB,LB,44.0,ACT,Chop Robinson,Demeioun,Robinson,2003-01-02,75,254,Penn State; Maryland,00-0039911,4431586,9838dba3-f510-494b-b3ad-8639f792d182,,17742,144901,RobiCh00,24949,11663,2.0,"https://static.www.nfl.com/image/upload/f_auto,q_auto/league/ewtuqjaehnnkdo1qcwfl",ROB380868,57142,3200524f-4238-0868-8a7e-cc28fab8615c,2024.0,2024.0,MIA
2026,WAS,TE,TE,82.0,ACT,Ben Sinnott,Ben,Sinnott,2002-06-14,76,245,Kansas State,00-0039912,4690923,b5c717af-9116-483c-9ab3-c9db0a988ab8,40931,17833,122616,SinnBe00,24985,11596,2.0,"https://static.www.nfl.com/image/upload/f_auto,q_auto/league/zwjmu9wyutlpkace9ukf",SIN713776,57174,32005349-4e71-3776-3bdc-4e1c4b9de595,2024.0,2024.0,WAS
2026,WAS,OL,G,74.0,ACT,Brandon Coleman,Brandon,Coleman,2000-10-12,78,320,TCU; Trinity Valley CC,00-0039913,,,,,,,,,2.0,"https://static.www.nfl.com/image/upload/f_auto,q_auto/league/u80ymxkfqhyx08gofhbj",COL221902,57188,3200434f-4c22-1902-c2a9-024e4ce6fb72,2024.0,2024.0,WAS
2026,LAC,WR,WR,15.0,ACT,Ladd McConkey,Andrew,McConkey,2001-11-11,72,185,Georgia,00-0039915,4612826,473bc7e5-c393-4f21-9e49-3ffc16711238,40908,17724,124030,McCoLa00,25097,11635,2.0,"https://static.www.nfl.com/image/upload/f_auto,q_auto/league/qsvdiebsa34jtkcrjpju",MCC512833,57155,32004d43-4351-2833-c30c-76941288e843,2024.0,2024.0,LAC
2026,SF,WR,WR,1.0,ACT,Ricky Pearsall,Ricky,Pearsall,2000-09-09,73,189,Florida; Arizona State,00-0039916,4428209,aca4c1b8-915f-4295-92e4-05b51feee6b1,40892,17761,100660,PearRi00,24982,11638,2.0,"https://static.www.nfl.com/image/upload/f_auto,q_auto/league/ko3lwlcfkxaykcspt4nw",PEA307677,57152,32005045-4130-7677-7b9e-0f0ef8659c89,2024.0,2024.0,SF
2026,ATL,QB,QB,9.0,ACT,Michael Penix Jr.,Michael,Penix,2000-05-08,75,220,Washington; Indiana,00-0039917,4360423,6499a161-b221-4591-b122-d99ece1be64b,40889,17700,82134,PeniMi00,23242,11559,2.0,"https://static.www.nfl.com/image/upload/f_auto,q_auto/league/azvyjzp2sa8cnljbp3i7",PEN238127,57129,32005045-4e23-8127-7dad-e744751fdd0c,2024.0,2024.0,ATL
2026,CHI,QB,QB,18.0,ACT,Caleb Williams,Caleb,Williams,2001-11-18,73,226,USC; Oklahoma,00-0039918,4431611,49d4b627-3f19-49a8-ae33-f539e0fb1f88,40900,17695,144622,WillCa03,24927,11560,2.0,"https://static.www.nfl.com/image/upload/f_auto,q_auto/league/h4qs11kutwiw7whekmyt",WIL176897,57122,32005749-4c17-6897-a516-9754023602e6,2024.0,2024.0,CHI
2026,CHI,WR,WR,15.0,ACT,Rome Odunze,Rome,Odunze,2002-06-03,75,215,Washington,00-0039919,4431299,f64694e0-0381-11ef-973d-5176a0ecbee4,40901,17020,73774,OdunRo00,24977,11620,2.0,"https://static.www.nfl.com/image/upload/f_auto,q_auto/league/yqjdhpsno75du0n72u4w",ODU426541,57130,32004f44-5542-6541-431c-1a51e8792659,2024.0,2024.0,CHI
2026,CLE,WR,WR,83.0,ACT,Malachi Corley,Malachi,Corley,2002-03-21,71,215,Western Kentucky,00-0039920,4613104,bae59933-8b94-4837-990e-f0a4ced3cdbb,40944,17777,66272,CorlMa00,24979,11617,2.0,"https://static.www.nfl.com/image/upload/f_auto,q_auto/league/lay1p8pvwrglmqorc6ev",COR399318,57186,3200434f-5239-9318-5ea5-c37fcf81e517,2024.0,2024.0,NYJ
2026,AZ,RB,RB,33.0,ACT,Trey Benson,Trey,Benson,2002-07-23,72,220,Florida State; Oregon,00-0039921,4429275,0c1253f2-1822-445d-8590-fea6fd32703f,40958,17767,131705,BensTr01,24292,11589,2.0,"https://static.www.nfl.com/image/upload/f_auto,q_auto/league/x2bxb0fd54ffwwdu5scz",BEN649191,57187,32004245-4e64-9191-567b-28b29177bf93,2024.0,2024.0,ARI
2026,MIN,QB,QB,9.0,ACT,J.J. McCarthy,Jonathan,McCarthy,2003-01-20,75,219,Michigan,00-0039923,4433970,587cc3c3-aeda-4ac7-8803-a7e4db195534,40905,17689,144918,McCaJJ00,24956,11565,2.0,"https://static.www.nfl.com/image/upload/f_auto,q_auto/league/omybnfokapjw6jwb5dd3",MCC189531,57131,32004d43-4318-9531-b3f5-120a14383239,2024.0,2024.0,MIN
2026,MIN,LB,LB,15.0,ACT,Dallas Turner,Dallas,Turner,2003-02-02,75,247,Alabama,00-0039924,4565190,1455441c-7e0e-484e-8e8a-5c7606b59709,,17710,146604,TurnDa01,24931,11667,2.0,"https://static.www.nfl.com/image/upload/f_auto,q_auto/league/ytexkn6nluavjbwmknrv",TUR246013,57138,32005455-5224-6013-e478-961d1c8f7101,2024.0,2024.0,MIN
2026,CIN,OL,OT,71.0,ACT,Amarius Mims,Amarius,Mims,2002-10-14,80,350,Georgia,00-0039925,,,,,,,,,2.0,"https://static.www.nfl.com/image/upload/f_auto,q_auto/league/ac9cfdykktbm8xs4dwy6",MIM574524,57139,32004d49-4d57-4524-e183-7486e766def2,2024.0,2024.0,CIN
2026,SEA,OL,OT,61.0,ACT,Jalen Sundell,Jalen,Sundell,1999-10-18,77,300,North Dakota State,00-0039926,,,,,,,,,2.0,"https://static.www.nfl.com/image/upload/f_auto,q_auto/league/ymw1mlr8v9aihxcb7ltm",SUN280236,57634,32005355-4e28-0236-3427-f635d435261a,2024.0,2024.0,
2026,BUF,OL,OT,67.0,ACT,Travis Clayton,Travis,Clayton,2001-02-17,79,303,,00-0039930,,,,,,,,,2.0,"https://static.www.nfl.com/image/upload/f_auto,q_auto/league/tdbgv3ewtd2oml9qomdf",CLA826931,57341,3200434c-4182-6931-55e8-0b9b4cf80da4,2024.0,2024.0,BUF
2026,PIT,LB,LB,45.0,ACT,Julius Welschof,Julius,Welschof,1997-03-12,78,265,Charlotte,00-0039931,,,,,,,,,2.0,"https://static.www.nfl.com/image/upload/f_auto,q_auto/league/tgvfe8glolehjf8nbyvg",WEL727679,57382,32005745-4c72-7679-2aaf-9272d9512669,2024.0,2024.0,
2026,LAC,OL,OT,78.0,ACT,Laekin Vakalahi,Laekin,Vakalahi,2003-01-28,77,327,,00-0039932,,,,,,,,,2.0,"https://static.www.nfl.com/image/upload/f_auto,q_auto/league/hvbbskxa8g8a65j32dak",VAK014831,57412,32005641-4b01-4831-86e0-73039d7351c2,2024.0,2024.0,
2026,IND,OL,OT,78.0,ACT,Bayron Matos,Bayron,Matos,2000-12-08,79,334,University of South Florida; New Mexico,00-0039933,,,,,,,,,2.0,"https://static.www.nfl.com/image/upload/f_auto,q_auto/league/bql2gq2luop8qnulromp",MAT354835,57593,32004d41-5435-4835-373b-a7451d0e7339,2024.0,2024.0,
2026,BAL,DL,DT,65.0,ACT,David Olajiga,David,Olajiga,1997-11-03,75,315,Central Missouri; Butler County JC,00-0039938,,,,,,,,,2.0,"https://static.www.nfl.com/image/upload/f_auto,q_auto/league/frjxco4b18t7ndwnulq2",OLA249173,57914,32004f4c-4124-9173-7d43-6f81bd373a9b,2024.0,2024.0,
2026,SEA,LB,LB,50.0,ACT,Jamie Sheriff,Jamie,Sheriff,2000-08-18,73,254,South Alabama; Mississippi Gulf Coast CC,00-0039944,4685984,7293eba0-5423-11ef-921f-9d5e2bfaf044,,18428,121433,SherJa01,25853,12436,2.0,"https://static.www.nfl.com/image/upload/f_auto,q_auto/league/e28cwk7tjf3r8uakkj1a",SHE587560,58044,32005348-4558-7560-ebea-915416aadbdb,2024.0,2024.0,
2026,AZ,LB,LB,41.0,ACT,Elliott Brown,Elliott,Brown,1998-02-02,77,245,Virginia,00-0039956,,,,,,,,,1.0,"https://static.www.nfl.com/image/upload/f_auto,q_auto/league/hm7lcvs9qqdvccajfptv",BRO414236,55623,32004252-4f41-4236-4a1d-2d9115cab842,2025.0,2025.0,
2026,WAS,DL,DE,59.0,ACT,T.J. Maguranyanga,Thabani,Maguranyanga,2002-12-22,76,222,,00-0040004,5278092,,,18775,197942,MaguTJ00,,,1.0,"https://static.www.nfl.com/image/upload/f_auto,q_auto/league/gzwkqtfyk6wukjkpil64",MAG777340,58183,32004d41-4777-7340-8a47-dc22097fe7dc,2025.0,2025.0,
2026,DAL,OL,G,52.0,ACT,Tyler Booker,Tyler,Booker,2004-04-12,76,321,Alabama,00-0040007,,,,,,,,,1.0,"https://static.www.nfl.com/image/upload/f_auto,q_auto/league/azivrh3fiumeisv0deyi",BOO053216,58214,3200424f-4f05-3216-dcbe-0b23974f3ac7,2025.0,2025.0,DAL
2026,DAL,DB,CB,34.0,ACT,Shavon Revel Jr.,Shavon,Revel,2002-04-12,73,194,East Carolina; Louisburg,00-0040008,5095865,385fc1f3-4dca-476d-85a6-c02929e8fc8c,,18580,162653,ReveSh00,26023,12559,1.0,"https://static.www.nfl.com/image/upload/f_auto,q_auto/league/af84hncoicg65gvvainl",REV425416,58281,32005245-5642-5416-ac3c-20485f3d0919,2025.0,2025.0,DAL
2026,GB,WR,WR,83.0,ACT,Savion Williams,Savion,Williams,2001-11-22,76,222,TCU,00-0040009,4431487,06fb642c-b10b-4b23-966a-13668a7c4426,,18554,123101,WillSa01,26105,12482,1.0,"https://static.www.nfl.com/image/upload/f_auto,q_auto/league/fkhkv59ojmqixfxkzmno",WIL520796,58292,32005749-4c52-0796-a21b-79528a1ef4f7,2025.0,2025.0,GB
2026,GB,DL,DE,99.0,ACT,Barryn Sorrell,Barryn,Sorrell,2002-12-22,75,256,Texas,00-0040010,4683643,6120d1a4-44bb-478d-8911-a7543418f1ad,,18666,144739,SorrBa00,26123,12644,1.0,"https://static.www.nfl.com/image/upload/f_auto,q_auto/league/pum0i8kdur90wpfqkypv",SOR501140,58329,3200534f-5250-1140-40f1-bdc46d818b07,2025.0,2025.0,GB
2026,DAL,LB,LB,50.0,ACT,Shemar James,Shemar,James,2004-06-24,73,222,Florida,00-0040011,4685400,5c012614-be18-4d9f-8134-112e40e5f54f,,18731,157749,JameSh00,26049,12614,1.0,"https://static.www.nfl.com/image/upload/f_auto,q_auto/league/uskv4glg2yn5ye0fz3yl",JAM592520,58357,32004a41-4d59-2520-7cc7-2ea293c03c33,2025.0,2025.0,DAL
2026,GB,LB,LB,45.0,ACT,Collin Oliver,Collin,Oliver,2002-09-23,74,240,Oklahoma State,00-0040012,4683059,06b22647-5eb6-4e2b-9943-cda9758305c8,,18672,144664,OlivCo00,26139,12669,1.0,"https://static.www.nfl.com/image/upload/f_auto,q_auto/league/oi1m7dfixmjcyq8jaj2f",OLI233599,58364,32004f4c-4923-3599-c80c-faf526d39877,2025.0,2025.0,GB
2026,PHI,LB,LB,42.0,ACT,Smael Mondon Jr.,Smael,Mondon,2003-02-13,74,225,Georgia,00-0040013,4431573,980ab578-c9d3-4ba5-912d-b723e5b6a0fb,,18721,146725,MondSm01,26163,12667,1.0,"https://static.www.nfl.com/image/upload/f_auto,q_auto/league/tbyyduioarpumchzmfdj",MON125860,58366,32004d4f-4e12-5860-8b72-68c955f1174e,2025.0,2025.0,PHI
2026,GB,QB,QB,18.0,ACT,Kyle McCord,Kyle,McCord,2002-09-19,75,218,Syracuse; Ohio State,00-0040014,4433971,451c7689-4fc2-410a-a33f-22dfa2ab37d4,,18498,145053,McCoKy00,26085,12494,1.0,"https://static.www.nfl.com/image/upload/f_auto,q_auto/league/hkbbhsm1fmmkfn87rdyl",MCC549616,58386,32004d43-4354-9616-2bb6-3e898b438243,2025.0,2025.0,PHI
2026,PHI,OL,OT,78.0,ACT,Myles Hinton,Myles,Hinton,2002-01-09,78,323,Michigan; Stanford,00-0040015,,,,,,,,,1.0,"https://static.www.nfl.com/image/upload/f_auto,q_auto/league/biosewck1guygaadlkid",HIN754388,58396,32004849-4e75-4388-f845-7b8158004e52,2025.0,2025.0,PHI
2026,GB,DL,DT,91.0,ACT,Warren Brinson,Warren,Brinson,2002-02-04,77,315,Georgia,00-0040016,4429136,93246c54-f4ab-43bf-8666-bb7c1895b544,,18694,124013,BrinWa00,26173,12704,1.0,"https://static.www.nfl.com/image/upload/f_auto,q_auto/league/wbsv4uzbd2wytxysgznq",BRI485289,58403,32004252-4948-5289-47c1-98e908bc92e7,2025.0,2025.0,GB
2026,DAL,OL,OT,69.0,ACT,Ajani Cornelius,Ajani,Cornelius,2002-05-21,76,310,Oregon; Rhode Island,00-0040017,,,,,,,,,1.0,"https://static.www.nfl.com/image/upload/f_auto,q_auto/league/fdwnpupu32uzrnoxl34d",COR457885,58409,3200434f-5245-7885-59ed-fb1e2c63e751,2025.0,2025.0,DAL
2026,CIN,LB,LB,56.0,ACT,Antwaun Powell-Ryland,Antwaun,Powell-Ryland,2002-02-23,75,252,Virginia Tech; Florida,00-0040018,4429009,63ddbf22-f7f5-4552-8617-142b2417ee64,,18671,124392,PoweAn00,26119,12697,1.0,"https://static.www.nfl.com/image/upload/f_auto,q_auto/league/nyczp3qv1kblzd5xatbu",POW576627,58414,3200504f-5757-6627-a4a6-055d338129ef,2025.0,2025.0,PHI
2026,DAL,DL,DT,93.0,ACT,Jay Toia,Jay,Toia,2003-07-16,74,342,UCLA; USC,00-0040019,4431603,09ab3357-370f-4d35-abfe-4576d00e5c87,,18710,146406,ToiaJa00,26200,12737,1.0,"https://static.www.nfl.com/image/upload/f_auto,q_auto/league/qletoidqmfaooqky1ra6",TOI207645,58422,3200544f-4920-7645-e159-c4e776b05152,2025.0,2025.0,DAL
2026,TEN,DB,CB,21.0,ACT,Micah Robinson,Micah,Robinson,2002-02-05,71,183,Tulane,00-0040020,4695280,9362edb6-b774-4f56-be92-234da2567364,,18821,139042,RobiMi01,26332,12730,1.0,"https://static.www.nfl.com/image/upload/f_auto,q_auto/league/km9fm82gypzf94hhrajh",ROB654530,58442,3200524f-4265-4530-51b6-4fc71a58bd11,2025.0,2025.0,GB
2026,DAL,RB,RB,37.0,ACT,Phil Mafah,Phil,Mafah,2002-10-24,73,232,Clemson,00-0040021,4431562,54b97d06-1639-46a3-9dcc-67320687281d,,18531,144123,MafaPh00,25955,12738,1.0,"https://static.www.nfl.com/image/upload/f_auto,q_auto/league/k1njpmidvzsbe9tithio",MAF207645,58444,32004d41-4620-7645-f1d0-28aa9410f815,2025.0,2025.0,DAL
2026,BUF,DL,DT,71.0,ACT,Tommy Akingbesote,Tommy,Akingbesote,2003-02-25,76,316,Maryland,00-0040022,4683450,6d43a6f4-d210-40f7-a877-9169ae6a500d,,18713,144906,AkinTo00,26219,12739,1.0,"https://static.www.nfl.com/image/upload/f_auto,q_auto/league/bgyqqzyyprqdpjhhufqf",AKI346426,58452,3200414b-4934-6426-c9a7-efc630662efb,2025.0,2025.0,DAL
2026,GB,OL,G,73.0,ACT,John Williams,John,Williams,2002-01-17,76,322,Cincinnati,00-0040023,,,,,,,,,1.0,"https://static.www.nfl.com/image/upload/f_auto,q_auto/league/ihc2mzr8myq0dz3bwzg4",WIL373988,58455,32005749-4c37-3988-fe19-1fab722959ac,2025.0,2025.0,GB
2026,PHI,WR,WR,80.0,ACT,Darius Cooper,Darius,Cooper,2001-11-22,71,210,Tarleton State,00-0040024,4715355,2aa4ddb0-2775-11f0-9d31-3b5afe6c6d5f,,18958,136866,CoopDa01,25307,13150,1.0,"https://static.www.nfl.com/image/upload/f_auto,q_auto/league/gafypo1xvg1cbkt7hj6b",COO529552,58469,3200434f-4f52-9552-7aa6-55a813195147,2025.0,2025.0,
2026,SEA,DB,SAF,43.0,ACT,Maxen Hook,Maxen,Hook,2001-08-19,72,205,Toledo,00-0040026,,,,,,,,,1.0,"https://static.www.nfl.com/image/upload/f_auto,q_auto/league/xua80bfgjbnymieq34jm",HOO284822,58471,3200484f-4f28-4822-38d2-0299cafc5b34,2025.0,2025.0,
2026,PHI,DB,DB,49.0,ACT,Brandon Johnson,Brandon,Johnson,2003-03-25,70,185,Oregon; Duke,00-0040027,4594338,,,18960,143858,JohnBr24,,,1.0,,JOH078167,58472,32004a4f-4807-8167-8ba1-8828cefc1317,2025.0,2025.0,
2026,PHI,OL,OT,63.0,ACT,Hollin Pierce,Hollin,Pierce,2001-04-19,80,341,Rutgers,00-0040031,,,,,,,,,1.0,,PIE301658,58476,32005049-4530-1658-ad91-2f7a7a787804,2025.0,2025.0,
2026,GB,DB,SAF,37.0,ACT,Johnathan Baldwin,Johnathan,Baldwin,2003-02-08,72,190,UNLV,00-0040033,4709980,,,18975,146214,BaldJo01,,,1.0,"https://static.www.nfl.com/image/upload/f_auto,q_auto/league/nszonpbrnxmspkzxo5x6",BAL362551,58478,32004241-4c36-2551-8171-5b9bd3c6848f,2025.0,2025.0,
2026,GB,OL,OT,72.0,ACT,Brant Banks,Brant,Banks,2000-05-01,79,306,Rice,00-0040034,,,,,,,,,1.0,"https://static.www.nfl.com/image/upload/f_auto,q_auto/league/jkwwvs3hyvcdffvzu4vl",BAN414352,58479,32004241-4e41-4352-6f4b-4b2c76d807e2,2025.0,2025.0,
2026,WAS,OL,G,,ACT,Tyler Cooper,Tyler,Cooper,2001-04-20,77,302,Minnesota,00-0040036,,,,,,,,,1.0,"https://static.www.nfl.com/image/upload/f_auto,q_auto/league/dymop4pvr1t60tfcopdk",COO785476,58481,3200434f-4f78-5476-e5a9-6c408818e474,2025.0,2025.0,
2026,CLE,DB,DB,,ACT,Tyron Herring,Tyron,Herring,2001-04-14,74,195,Delaware; Dartmouth,00-0040038,,,,,,,,,1.0,"https://static.www.nfl.com/image/upload/f_auto,q_auto/league/n24y07apkftvjzlpcqyg",HER565478,58483,32004845-5256-5478-c95e-1afd26a3e83a,2025.0,2025.0,
2026,LAC,RB,RB,35.0,ACT,Amar Johnson,Amar,Johnson,2003-01-31,70,205,South Dakota State,00-0040039,4878878,9ec3d420-250a-11f0-aaad-b190600d09cf,,18949,148220,JohnAm00,26493,12928,1.0,"https://static.www.nfl.com/image/upload/f_auto,q_auto/league/wnjb3pmx77q3mxvlyjh7",JOH050998,58484,32004a4f-4805-0998-c07f-616749e26250,2025.0,2025.0,
2026,GB,DL,DT,93.0,ACT,Nazir Stackhouse,Nazir,Stackhouse,2002-04-18,76,327,Georgia,00-0040041,4429142,0dd9d3e0-250c-11f0-8fb6-cb407e763387,,17815,124040,StacNa00,26206,12927,1.0,"https://static.www.nfl.com/image/upload/f_auto,q_auto/league/wytykm0xlylytd0mjuhv",STA065527,58486,32005354-4106-5527-dc9f-00887a740714,2025.0,2025.0,
2026,DAL,LB,LB,45.0,ACT,Justin Barron,Justin,Barron,2001-10-25,76,235,Syracuse,00-0040043,4429249,265c3bc0-2439-11f0-8939-314790007249,,18982,123032,BarrJu00,26304,12853,1.0,"https://static.www.nfl.com/image/upload/f_auto,q_auto/league/zs4zturses7efusvelgx",BAR661092,58488,32004241-5266-1092-a4af-bc72beb3728c,2025.0,2025.0,
2026,DAL,DB,DB,48.0,ACT,Zion Childress,Zion,Childress,2002-01-21,71,203,Kentucky; Texas State-San Marcos,00-0040044,4685841,,,18807,121963,ChilZi00,,,1.0,"https://static.www.nfl.com/image/upload/f_auto,q_auto/league/ztip0cqmsacdfxfbzp0o",CHI409665,58489,32004348-4940-9665-71d3-dbf999d44b5b,2025.0,2025.0,
2026,DAL,DB,DB,38.0,ACT,Alijah Clark,Alijah,Clark,2003-07-11,73,187,Syracuse; Rutgers,00-0040045,4595352,503614b0-243a-11f0-a456-558ce379768a,,18638,145141,ClarAl01,26110,12855,1.0,"https://static.www.nfl.com/image/upload/f_auto,q_auto/league/hgngltkqac56xxyijzev",CLA142440,58490,3200434c-4114-2440-d9a3-7c67ecf4bce0,2025.0,2025.0,
2026,AZ,TE,TE,45.0,ACT,Rivaldo Fairweather,Rivaldo,Fairweather,2002-07-19,75,249,Auburn; Florida International,00-0040046,,,,,,,,,1.0,"https://static.www.nfl.com/image/upload/f_auto,q_auto/league/b7rl2yn733lmsko4fres",FAI635059,58491,32004641-4963-5059-5d8a-275ee97c87ed,2025.0,2025.0,
2026,DAL,WR,WR,80.0,ACT,Traeshon Holden,Traeshon,Holden,2001-09-12,75,205,Oregon; Alabama,00-0040048,4429172,50ac1100-23d7-11f0-9908-fbcde49adcd9,,18495,123917,HoldTr00,26095,12849,1.0,"https://static.www.nfl.com/image/upload/f_auto,q_auto/league/my3ntas057z8u3rjjwvt",HOL049971,58493,3200484f-4c04-9971-3815-7d9003e96b4f,2025.0,2025.0,
2026,HOU,WR,WR,85.0,ACT,Josh Kelly,Josh,Kelly,2001-07-01,73,192,Texas Tech; Washington State; Fresno State,00-0040049,,,,,,,,,1.0,"https://static.www.nfl.com/image/upload/f_auto,q_auto/league/nntxxgeciimyac2cbogv",KEL665478,58494,32004b45-4c66-5478-adc0-3552a962ef56,2025.0,2025.0,
2026,SEA,DB,CB,31.0,ACT,Tyrone Broden,Tyrone,Broden,2001-02-26,77,194,Arkansas; Bowling Green,00-0040053,,,,,,,,,1.0,"https://static.www.nfl.com/image/upload/f_auto,q_auto/league/tym9nyluqkz0yoc86oe0",BRO073061,58498,32004252-4f07-3061-52c6-108a87678492,2025.0,2025.0,
2026,MIA,DL,DE,58.0,ACT,Seth Coleman,Seth,Coleman,2000-12-07,75,246,Illinois,00-0040054,,,,,,,,,1.0,"https://static.www.nfl.com/image/upload/f_auto,q_auto/league/koorszafsliq9vpb7joa",COL341912,58499,3200434f-4c34-1912-eabd-d7c178de4da0,2025.0,2025.0,
2026,SEA,LB,LB,47.0,ACT,Jalan Gaines,Jalan,Gaines,2001-04-12,75,242,Illinois State; Dubuque,00-0040055,,,,,,,,,0.0,,GAI348205,58500,32004741-4934-8205-56be-8d505f2ada64,2026.0,2026.0,
2026,SEA,LB,LB,51.0,ACT,Jared Ivey,Jared,Ivey,2001-12-05,78,274,Mississippi; Georgia Tech,00-0040056,4605478,521af940-2556-11f0-b31c-15f75b688f25,,18673,122480,IveyJa00,26199,13048,1.0,"https://static.www.nfl.com/image/upload/f_auto,q_auto/league/fqigdowq0uvjnr0acx4e",IVE642353,58501,32004956-4564-2353-8983-ad2c5b6e042c,2025.0,2025.0,
2026,SEA,TE,TE,89.0,ACT,Nick Kallerup,Nick,Kallerup,2001-03-27,77,266,Minnesota,00-0040058,4569547,,,18968,101679,KallNi00,,,1.0,"https://static.www.nfl.com/image/upload/f_auto,q_auto/league/ct2o0g6obg4yfb6opzlq",KAL460451,58503,32004b41-4c46-0451-46d5-71ece7c66090,2025.0,2025.0,
2026,SEA,OL,OT,79.0,ACT,Amari Kight,Amari,Kight,2000-12-21,78,299,UCF; Alabama,00-0040059,,,,,,,,,1.0,"https://static.www.nfl.com/image/upload/f_auto,q_auto/league/geobk1ufvn2wvlwmss3w",KIG133486,58504,32004b49-4713-3486-b6b9-6b78edbc1acf,2025.0,2025.0,
2026,SEA,LB,LB,57.0,ACT,Connor O'Toole,Connor,O'Toole,2002-08-27,75,248,Utah,00-0040061,4605491,,,18971,131869,OTooCo00,,,1.0,"https://static.www.nfl.com/image/upload/f_auto,q_auto/league/fvrgej9ifncdq5ywexos",OTO311468,58507,32004f54-4f31-1468-d7c2-bb3c65370c75,2025.0,2025.0,
2026,SEA,DL,DT,70.0,ACT,J.R. Singleton,J.R.,Singleton,2002-02-13,73,299,Iowa State,00-0040063,,,,,,,,,1.0,"https://static.www.nfl.com/image/upload/f_auto,q_auto/league/xj6kwzkuejml3io1x4qe",SIN428265,58509,32005349-4e42-8265-4f73-335b30096011,2025.0,2025.0,
2026,SEA,DL,DT,69.0,ACT,Wy'Kevious Thomas,Wy'Kevious,Thomas,2000-07-05,73,301,South Alabama,00-0040064,,,,,,,,,1.0,"https://static.www.nfl.com/image/upload/f_auto,q_auto/league/oze4dwftg5cerptvolzb",THO409943,58510,32005448-4f40-9943-4dc4-f5e12010533e,2025.0,2025.0,
2026,LAC,DB,DB,37.0,ACT,Isas Waxter,Isas,Waxter,2001-09-17,73,209,Villanova,00-0040065,,,,,,,,,1.0,"https://static.www.nfl.com/image/upload/f_auto,q_auto/league/x2fjhhi3vmidvtnagqte",WAX415291,58511,32005741-5841-5291-aa88-456b8803a21d,2025.0,2025.0,
2026,MIA,LB,LB,42.0,ACT,Jackson Woodard,Ernest,Woodard,2002-07-02,74,230,UNLV; Arkansas,00-0040066,4685637,,,18726,123973,WoodJa02,,,1.0,"https://static.www.nfl.com/image/upload/f_auto,q_auto/league/az85ciifheyqiga3yqot",WOO202677,58512,3200574f-4f20-2677-b10a-62d866c44ccd,2025.0,2025.0,
2026,SEA,RB,RB,31.0,ACT,Jacardia Wright,Jacardia,Wright,2000-09-26,72,218,Missouri State; Kansas State,00-0040067,4428943,,,18864,99250,WrigJa05,,,1.0,"https://static.www.nfl.com/image/upload/f_auto,q_auto/league/tvfxv5q8uxf9k2wosp0q",WRI344516,58513,32005752-4934-4516-3021-1ea86d601ac5,2025.0,2025.0,
2026,BAL,OL,OT,51.0,ACT,Emery Jones Jr.,Emery,Jones,2004-03-05,77,320,LSU,00-0040068,,,,,,,,,1.0,"https://static.www.nfl.com/image/upload/f_auto,q_auto/league/bteu559usxxvvs2duvvv",JON826254,58296,32004a4f-4e82-6254-6d7b-f8d3486734a0,2025.0,2025.0,BAL
2026,BAL,LB,LB,40.0,ACT,Teddye Buchanan,Teddye,Buchanan,2002-10-03,74,240,California,00-0040069,4698244,3dbb3f2f-f605-4a09-bced-2c45d985c994,,18734,142172,BuchTe00,26164,12640,1.0,"https://static.www.nfl.com/image/upload/f_auto,q_auto/league/gdrupqieujvpskzimnbb",BUC221280,58334,32004255-4322-1280-615f-e0ff6a162892,2025.0,2025.0,BAL
2026,BAL,OL,OT,74.0,ACT,Carson Vinson,Carson,Vinson,2001-11-13,79,321,Alabama A&M,00-0040070,,,,,,,,,1.0,"https://static.www.nfl.com/image/upload/f_auto,q_auto/league/m8gsuiawihqrjuoywfuo",VIN560679,58346,32005649-4e56-0679-5c8d-da2cbc83a858,2025.0,2025.0,BAL
2026,PHI,DB,CB,22.0,ACT,Mac McWilliams,Decarrion,McWilliams,2001-11-29,70,191,UCF; UAB,00-0040071,4689651,c603e45d-8112-4553-be24-42c3e0d858b5,,18604,121497,McWiMa01,26168,12678,1.0,"https://static.www.nfl.com/image/upload/f_auto,q_auto/league/qu2ctz43halajxgtxfwt",MCW493398,58350,32004d43-5749-3398-68cb-69d9d9d0b102,2025.0,2025.0,PHI
2026,KC,LB,LB,31.0,ACT,Jeffrey Bassa,Jeffrey,Bassa,2002-09-20,74,235,Oregon,00-0040072,4602389,fb38f3cd-8e90-4c41-b10e-0ed37d97c3bc,,18725,146552,BassJe00,26069,12672,1.0,"https://static.www.nfl.com/image/upload/f_auto,q_auto/league/bzt58zbyfoxwxe1nhczt",BAS574230,58361,32004241-5357-4230-2944-1cd531fa1efa,2025.0,2025.0,KC
2026,BAL,DB,CB,31.0,ACT,Bilhal Kone,Bilhal,Kone,2002-03-03,73,190,Western Michigan; Iowa Central CC-Eagle Grove,00-0040073,5083656,befc6f0c-3f07-4852-b719-01ae6cb1dc7d,,18595,159385,KoneBi00,26115,12714,1.0,"https://static.www.nfl.com/image/upload/f_auto,q_auto/league/w82orwuc1iuhim9mnyk6",KON230717,58383,32004b4f-4e23-0717-22bb-6f8fd7cdc893,2025.0,2025.0,BAL
2026,BAL,K,K,33.0,ACT,Tyler Loop,Steven,Loop,2001-08-04,71,191,Arizona,00-0040074,4697745,a6b8b5d3-a2f2-4532-ade3-dc122b6b240c,,18742,131582,LoopTy00,26109,12711,1.0,"https://static.www.nfl.com/image/upload/f_auto,q_auto/league/vp3vows5aq3sgnadgtjf",LOO732927,58391,32004c4f-4f73-2927-e3fa-114dc0dcbfe0,2025.0,2025.0,BAL
2026,BAL,WR,WR,10.0,ACT,LaJohntay Wester,LaJohntay,Wester,2002-03-29,69,170,Colorado; Florida Atlantic,00-0040075,4690143,f4e1d4de-95e9-452e-95ab-3555989d90bb,,18567,123616,WestLa01,26104,12699,1.0,"https://static.www.nfl.com/image/upload/f_auto,q_auto/league/grf2sg34y8tvysnqiamd",WES648867,58408,32005745-5364-8867-8fe0-c66a8116df17,2025.0,2025.0,BAL
2026,BAL,DL,DT,93.0,ACT,Aeneas Peebles,Aeneas,Peebles,2001-09-03,72,289,Virginia Tech; Duke,00-0040076,4565311,763488fa-9768-4624-89f2-bec0baba7334,,18700,122379,PeebAe00,26114,12696,1.0,"https://static.www.nfl.com/image/upload/f_auto,q_auto/league/fi3wuv7cm3hx5xotrbaq",PEE160116,58415,32005045-4516-0116-455d-0fa56ed36d0d,2025.0,2025.0,BAL
2026,BAL,DB,CB,37.0,ACT,Robert Longerbeam,Robert,Longerbeam,2001-01-18,71,175,Rutgers,00-0040077,4575860,ee2fdc5e-e57f-4ce7-b64f-f54f6932b3be,,18612,129886,LongRo00,26190,12695,1.0,"https://static.www.nfl.com/image/upload/f_auto,q_auto/league/ipdnrb8kmnzpxrnrtqdg",LON679052,58417,32004c4f-4e67-9052-5c43-02f0f91d4f56,2025.0,2025.0,BAL
2026,KC,RB,RB,24.0,ACT,Brashard Smith,Brashard,Smith,2003-04-11,70,196,SMU; Miami,00-0040078,4596602,3170164a-1718-4a39-9ef2-e18104e35fef,,18529,143951,SmitBr09,25899,12455,1.0,"https://static.www.nfl.com/image/upload/f_auto,q_auto/league/u3t4csj7hhcgymvb8ldf",SMI082538,58433,3200534d-4908-2538-e2f9-73c89a5b03c8,2025.0,2025.0,KC
2026,TEN,OL,G,71.0,ACT,Garrett Dellinger,Garrett,Dellinger,2002-02-18,77,320,LSU,00-0040079,,,,,,,,,1.0,"https://static.www.nfl.com/image/upload/f_auto,q_auto/league/ugcarobhj84xcupluwzq",DEL474675,58448,32004445-4c47-4675-5a61-c3c077c9d91e,2025.0,2025.0,BAL
2026,KC,TE,TE,88.0,ACT,Jake Briningstool,Jake,Briningstool,2002-12-09,78,240,Clemson,00-0040081,4431196,46190530-23ab-11f0-a8c1-91b88a8cabac,,18542,124831,BrinJa00,25969,12817,1.0,"https://static.www.nfl.com/image/upload/f_auto,q_auto/league/bbw1wih1q82vtzvxkk0p",BRI394749,58515,32004252-4939-4749-302a-af2e17a0e040,2025.0,2025.0,
2026,GB,OL,OT,78.0,ACT,Dalton Cooper,Dalton,Cooper,2001-03-15,78,326,Oklahoma State; Texas State-San Marcos,00-0040083,,,,,,,,,1.0,"https://static.www.nfl.com/image/upload/f_auto,q_auto/league/zgewpafoxlnqpcixwrej",COO526333,58517,3200434f-4f52-6333-a2da-f12fa3c7fe2a,2025.0,2025.0,
2026,BUF,WR,WR,82.0,ACT,Mac Dalena,Mac,Dalena,2001-10-04,71,180,Fresno State,00-0040086,,,,,,,,,0.0,"https://static.www.nfl.com/image/upload/f_auto,q_auto/league/oqhxaxrtdfwn6qdojcxp",DAL281990,58520,32004441-4c28-1990-51ae-bf04c5add99d,2026.0,2026.0,
2026,NO,DL,DT,59.0,ACT,Coziah Izzard,Coziah,Izzard,2001-11-06,75,305,Penn State,00-0040088,,,,,,,,,1.0,"https://static.www.nfl.com/image/upload/f_auto,q_auto/league/bpi5f2bncw2wnhndpamu",IZZ415291,58522,3200495a-5a41-5291-5b4c-9ba866bd8dd9,2025.0,2025.0,
2026,KC,DB,DB,38.0,ACT,Kevin Knowles,Kevin,Knowles,2003-04-09,71,190,Florida State,00-0040089,4602648,,,19003,143885,KnowKe00,,,1.0,"https://static.www.nfl.com/image/upload/f_auto,q_auto/league/xgenulob3njuvpzrruvl",KNO366523,58523,32004b4e-4f36-6523-3e23-693fd9929178,2025.0,2025.0,
2026,KC,OL,OL,79.0,ACT,Esa Pole,Esa,Pole,2001-07-04,79,319,Washington State; Chabot College,00-0040092,,,,,,,,,1.0,"https://static.www.nfl.com/image/upload/f_auto,q_auto/league/sycm0risgka3nsidelxs",POL060273,58526,3200504f-4c06-0273-8c3e-f3d8caf21811,2025.0,2025.0,
2026,KC,DB,DB,39.0,ACT,Melvin Smith Jr.,Melvin,Smith,2002-04-12,73,185,Southern Arkansas,00-0040093,,,,,,,,,1.0,,SMI829494,58527,3200534d-4982-9494-6fdb-e1ba9fad4d09,2025.0,2025.0,
2026,KC,TE,TE,49.0,ACT,Tre Watson,Tre,Watson,2002-10-12,77,250,Texas A&M; Fresno State,00-0040094,,,,,,,,,1.0,"https://static.www.nfl.com/image/upload/f_auto,q_auto/league/kuwbcilatg2stkpzop8x",WAT555987,58528,32005741-5455-5987-8009-68d7fda11355,2025.0,2025.0,
2026,BAL,OL,OT,78.0,ACT,Gerad Lichtenhan,Gerad,Lichtenhan,2001-12-03,80,330,Oregon State,00-0040098,,,,,,,,,1.0,"https://static.www.nfl.com/image/upload/f_auto,q_auto/league/har06avt5mj9zsewkl66",CHR365182,58532,32004348-5236-5182-31ad-fc4c29533677,2025.0,2025.0,
2026,BAL,WR,WR,87.0,ACT,Xavier Guillory,Xavier,Guillory,2001-07-13,74,203,Arizona State; Idaho State,00-0040099,,,,,,,,,0.0,"https://static.www.nfl.com/image/upload/f_auto,q_auto/league/fkpfwkw2ecotee1lytry",GUI717857,58533,32004755-4971-7857-1018-44f890edfee7,2026.0,2026.0,
2026,BAL,LB,LB,49.0,ACT,Jay Higgins,Jay,Higgins,2002-02-14,72,230,Iowa,00-0040100,4565350,d4476190-254e-11f0-bbb1-dfff98110c96,,18732,129469,HiggJa01,26072,13024,1.0,"https://static.www.nfl.com/image/upload/f_auto,q_auto/league/zsbevehh3h4bsqiyga5q",HIG226102,58534,32004849-4722-6102-1624-b21189e2f7bc,2025.0,2025.0,
2026,BAL,DB,SAF,39.0,ACT,Keondre Jackson,Keondre,Jackson,2002-05-02,74,215,Illinois State,00-0040104,4878287,,,18806,138208,JackKe03,,,1.0,"https://static.www.nfl.com/image/upload/f_auto,q_auto/league/qfivqhbkjnmtqgzmjuxh",JAC304744,58538,32004a41-4330-4744-799d-338476688916,2025.0,2025.0,
2026,TB,DL,DT,93.0,ACT,Jayson Jones,Jayson,Jones,2001-10-29,78,335,Auburn; Oregon,00-0040105,,,,,,,,,1.0,"https://static.www.nfl.com/image/upload/f_auto,q_auto/league/qkdddlclftzuaq2dyemi",JON449923,58539,32004a4f-4e44-9923-23d0-02ef131812e5,2025.0,2025.0,
2026,IND,DB,DB,36.0,ACT,Reuben Lowery,Reuben,Lowery,2002-07-30,69,204,Tennessee-Chattanooga,00-0040106,4692970,,,18992,129393,LoweRe00,,,1.0,"https://static.www.nfl.com/image/upload/f_auto,q_auto/league/izccmtei81rlnzdahwgb",LOW570595,58540,32004c4f-5757-0595-d2ce-b0251b91be17,2025.0,2025.0,
2026,PHI,LB,LB,,ACT,Chandler Martin,Chandler,Martin,2002-12-11,72,230,Memphis; East Tennessee State,00-0040108,4695086,,,18993,139005,MartCh02,,,1.0,"https://static.www.nfl.com/image/upload/f_auto,q_auto/league/po0lpcvyloyque4kmnjy",MAR530903,58542,32004d41-5253-0903-d50c-dab70e4c84e3,2025.0,2025.0,
2026,BAL,OL,G,74.0,ACT,Jared Penning,Jared,Penning,2000-09-17,77,319,Northern Iowa,00-0040110,,,,,,,,,1.0,"https://static.www.nfl.com/image/upload/f_auto,q_auto/league/h7ky4yyp0699reoncakx",PEN365533,58544,32005045-4e36-5533-9daf-9bde9e4bc105,2025.0,2025.0,
2026,BAL,DB,DB,28.0,ACT,Marquise Robinson,Marquise,Robinson,2002-07-16,73,192,Arkansas; South Alabama,00-0040112,,,,,,,,,1.0,"https://static.www.nfl.com/image/upload/f_auto,q_auto/league/kkdudauyswxni3gex1nb",ROB633088,58546,3200524f-4263-3088-6f59-b49b993e1579,2025.0,2025.0,
2026,KC,OL,OT,71.0,ACT,Josh Simmons,Josh,Simmons,2002-12-26,77,310,Ohio State; San Diego State,00-0040116,,,,,,,,,1.0,"https://static.www.nfl.com/image/upload/f_auto,q_auto/league/q6zopiqcmhy8fpsxvrdf",SIM248456,58234,32005349-4d24-8456-5aa5-20aab1d301b0,2025.0,2025.0,KC
2026,KC,LB,LB,59.0,ACT,Cooper McDonald,Cooper,McDonald,2001-08-07,75,240,TCU; San Diego State,00-0040118,4567826,fa96e690-2ac6-11f0-ac7e-b50f952a60f6,,19009,131903,McDoCo01,26658,13174,1.0,"https://static.www.nfl.com/image/upload/f_auto,q_auto/league/v0oin5wbqdnsmsf5uckx",MCD242462,58591,32004d43-4424-2462-85cd-e22357abf3da,2025.0,2025.0,
2026,KC,WR,WR,82.0,ACT,Jimmy Holiday,Jimmy,Holiday,2001-12-16,73,211,Louisiana Tech; Western Kentucky; Tennessee,00-0040120,,,,,,,,,1.0,"https://static.www.nfl.com/image/upload/f_auto,q_auto/league/fcztqkutj57ljh9saejy",HOL082898,58593,3200484f-4c08-2898-113d-e86a06c4feca,2025.0,2025.0,
2026,LV,RB,RB,2.0,ACT,Ashton Jeanty,Ashton,Jeanty,2003-12-02,68,208,Boise State,00-0040122,4890973,320fc4b7-76c7-43af-bbfd-1a22ba8f78cb,,18487,157196,JeanAs00,25868,12527,1.0,"https://static.www.nfl.com/image/upload/f_auto,q_auto/league/syspis1mntov9kgspb7r",JEA427291,58208,32004a45-4142-7291-3a65-da29eaedce27,2025.0,2025.0,LV
2026,NYJ,OL,OT,70.0,ACT,Armand Membou,Armand,Membou,2004-03-27,76,332,Missouri,00-0040123,,,,,,,,,1.0,"https://static.www.nfl.com/image/upload/f_auto,q_auto/league/wyewrjhhe9ykxpgffvrm",MEM207645,58209,32004d45-4d20-7645-15b6-d63a3aafa714,2025.0,2025.0,NYJ
2026,CAR,WR,WR,4.0,ACT,Tetairoa McMillan,Tetairoa,McMillan,2003-04-05,77,212,Arizona,00-0040124,4685472,874de000-586c-4999-ac12-02766563e200,,18547,158735,McMiTe00,26054,12526,1.0,"https://static.www.nfl.com/image/upload/f_auto,q_auto/league/hokqp6gl5xujtlqwecg8",MCM514957,58210,32004d43-4d51-4957-830f-234e646a998f,2025.0,2025.0,CAR
2026,NO,OL,OT,71.0,ACT,Kelvin Banks Jr.,Kelvin,Banks,2004-03-10,77,315,Texas,00-0040125,,,,,,,,,1.0,"https://static.www.nfl.com/image/upload/f_auto,q_auto/league/pwjfoqwm1af7cjkw7pnr",BAN673432,58211,32004241-4e67-3432-7372-ee2dfd2cbf64,2025.0,2025.0,NO
2026,CHI,TE,TE,84.0,ACT,Colston Loveland,Colston,Loveland,2004-04-09,78,241,Michigan,00-0040126,4723086,62cd2cd5-8b40-4ee6-bfb8-0083edd105a2,,18460,158540,LoveCo00,25869,12517,1.0,"https://static.www.nfl.com/image/upload/f_auto,q_auto/league/tyjb6vfug7gaunvcune3",LOV456221,58212,32004c4f-5645-6221-1f26-a303114b69f8,2025.0,2025.0,CHI
2026,MIA,DL,DT,78.0,ACT,Kenneth Grant,Kenneth,Grant,2003-10-27,75,335,Michigan,00-0040127,4894654,b785d238-2bb5-4265-8559-a78646273ae7,,18583,162816,GranKe01,26041,12564,1.0,"https://static.www.nfl.com/image/upload/f_auto,q_auto/league/yzexkikgp5p8gt0pvsex",GRA450451,58215,32004752-4145-0451-f4ca-0554158e787f,2025.0,2025.0,MIA
2026,IND,TE,TE,84.0,ACT,Tyler Warren,Tyler,Warren,2002-05-24,78,256,Penn State,00-0040128,4431459,c8fe3913-1210-4142-b9c1-c119ef702ca5,,18534,129798,WarrTy00,25874,12518,1.0,"https://static.www.nfl.com/image/upload/f_auto,q_auto/league/jt2almbzdk0kbha39otb",WAR717637,58216,32005741-5271-7637-9a66-3790edc85a60,2025.0,2025.0,IND
2026,TB,WR,WR,2.0,ACT,Emeka Egbuka,Emeka,Egbuka,2002-10-14,73,205,Ohio State,00-0040129,4567750,00cea287-1fa0-4584-803f-59f546ef8722,,18549,145055,EgbuEm01,26092,12514,1.0,"https://static.www.nfl.com/image/upload/f_auto,q_auto/league/qolqqtwamffi0pi4np7h",EGB519113,58221,32004547-4251-9113-2459-a72f5ed777af,2025.0,2025.0,TB
2026,HOU,WR,WR,81.0,ACT,Jayden Higgins,Jayden,Higgins,2002-12-15,76,215,Iowa State; Eastern Kentucky,00-0040130,4877706,f55444a9-ccad-4343-bb03-caca6ea3de99,,18551,150240,HiggJa00,26094,12484,1.0,"https://static.www.nfl.com/image/upload/f_auto,q_auto/league/wrdw1u4onrmfuuluuipk",HIG228409,58239,32004849-4722-8409-9777-0ef748df904a,2025.0,2025.0,HOU
2026,NE,WR,WR,18.0,ACT,Kyle Williams,Kyle,Williams,2002-11-13,71,190,Washington State,00-0040131,4613202,3aa9330e-5201-4e99-ba55-0102f76bfe05,,19126,128374,WillKy03,25912,12547,1.0,"https://static.www.nfl.com/image/upload/f_auto,q_auto/league/bu31c2ino065kazsn541",WIL415226,58274,32005749-4c41-5226-76ac-b1583a06b9ec,2025.0,2025.0,NE
2026,BUF,DL,DE,94.0,ACT,Landon Jackson,Landon,Jackson,2003-01-02,78,264,Arkansas; LSU,00-0040132,4432715,0e8fa07d-6827-477a-acde-467568aa0c7d,,18663,146784,JackLa03,25000,12580,1.0,"https://static.www.nfl.com/image/upload/f_auto,q_auto/league/klr1siqmtw0fx4k2bhrw",JAC324201,58277,32004a41-4332-4201-21de-999879938ba6,2025.0,2025.0,BUF
2026,NYJ,DB,CB,1.0,ACT,Azareye'h Thomas,Azareye'h,Thomas,2004-07-06,73,197,Florida State,00-0040133,4685596,6aa62324-5bbb-4059-bd22-65ad7a8cdb74,,18585,156277,ThomAz00,26022,12601,1.0,"https://static.www.nfl.com/image/upload/f_auto,q_auto/league/yects9qe1kkzkmiunvok",THO029457,58278,32005448-4f02-9457-6442-59bf797e4ae8,2025.0,2025.0,NYJ
2026,DEN,WR,WR,13.0,ACT,Pat Bryant,Patrick,Bryant,2002-12-10,74,204,Illinois,00-0040134,4600981,2858209e-4aa7-4539-9901-99a4d881229c,,18562,144800,BryaPa00,25975,12492,1.0,"https://static.www.nfl.com/image/upload/f_auto,q_auto/league/ljo1rgbaewlzsf7tvavm",BRY509133,58279,32004252-5950-9133-617b-ed49a9eaf11b,2025.0,2025.0,DEN
2026,SF,LB,LB,45.0,ACT,Nick Martin,Nickolas,Martin,2002-10-13,71,221,Oklahoma State,00-0040135,4573188,47d7bf64-314d-4f9a-a0b4-d928efc7d0da,,18730,144667,MartNi01,26047,12630,1.0,"https://static.www.nfl.com/image/upload/f_auto,q_auto/league/cbeyemtjdosfcdhpy1fx",MAR685763,58280,32004d41-5268-5763-ad0b-66ba71852538,2025.0,2025.0,SF
2026,CAR,LB,LB,3.0,ACT,Princely Umanmielen,Princely,Umanmielen,2002-04-18,76,244,Mississippi; Florida,00-0040136,4429166,33d3d9a0-1bac-4a33-b1f5-381f5634c988,,18492,124398,UmanPr00,26019,12610,1.0,"https://static.www.nfl.com/image/upload/f_auto,q_auto/league/tujabrenppanxhgla1ed",UMA415291,58282,3200554d-4141-5291-8d99-692229ea4717,2025.0,2025.0,CAR
2026,AZ,LB,LB,52.0,ACT,Jordan Burch,Jordan,Burch,2001-10-10,76,279,Oregon; South Carolina,00-0040137,4428996,930464fc-202d-4592-9a04-ef830194cef0,,18664,124227,BurcJo00,26202,12579,1.0,"https://static.www.nfl.com/image/upload/f_auto,q_auto/league/rli6n2wa6jzapeiffwqj",BUR025953,58283,32004255-5202-5953-8c48-fd1a09f8abd0,2025.0,2025.0,ARI
2026,HOU,WR,WR,13.0,ACT,Jaylin Noel,Jaylin,Noel,2002-09-04,71,200,Iowa State,00-0040138,4586312,c4bab22e-a89a-41f6-b03a-07073a72f41b,,18555,125155,NoelJa00,25914,12536,1.0,"https://static.www.nfl.com/image/upload/f_auto,q_auto/league/dajbyvtsggwqinlijxnf",NOE378255,58284,32004e4f-4537-8255-74e9-bfa22151ef3a,2025.0,2025.0,HOU
2026,IND,DB,CB,27.0,ACT,Justin Walley,Justin,Walley,2002-09-22,71,190,Minnesota,00-0040139,4682909,90e8fdb2-7758-4293-b25c-0c6d6255261c,,18606,144980,WallJu00,26162,12625,1.0,"https://static.www.nfl.com/image/upload/f_auto,q_auto/league/ssbzzqh4kdhzpmj0scj8",WAL523415,58285,32005741-4c52-3415-6b99-d18907b31bc4,2025.0,2025.0,IND
2026,CIN,OL,G,63.0,ACT,Dylan Fairchild,Dylan,Fairchild,2003-05-08,77,318,Georgia,00-0040140,,,,,,,,,1.0,"https://static.www.nfl.com/image/upload/f_auto,q_auto/league/ujw65oq2betcbfqrw4qz",FAI264274,58286,32004641-4926-4274-c4f3-56fa32b3c0c9,2025.0,2025.0,CIN
2026,TEN,DB,SAF,23.0,ACT,Kevin Winston Jr.,Kevin,Winston,2003-12-02,74,213,Penn State,00-0040141,4685617,1dd1308d-3ca4-4972-abc4-0dae40726900,,18620,164192,WinsKe02,26042,12588,1.0,"https://static.www.nfl.com/image/upload/f_auto,q_auto/league/zeai9xuvlquhwkzztbua",WIN665351,58287,32005749-4e66-5351-70ca-a6a76883d34a,2025.0,2025.0,TEN
2026,PIT,RB,RB,20.0,ACT,Kaleb Johnson,Kaleb,Johnson,2003-08-14,72,225,Iowa,00-0040142,4819231,9738de9a-7626-460f-a786-28433ef70a1f,,18515,156419,JohnKa03,26040,12504,1.0,"https://static.www.nfl.com/image/upload/f_auto,q_auto/league/sblojderaku4qta1lj2b",JOH398805,58288,32004a4f-4839-8805-a441-bdb3ea3187ea,2025.0,2025.0,PIT
2026,TB,DB,CB,25.0,ACT,Jacob Parrish,Jacob,Parrish,2004-02-29,70,198,Kansas State,00-0040143,4912847,5c292ee4-9ffa-4ee3-afe6-d7ce5001b003,,18591,157777,ParrJa01,26035,12605,1.0,"https://static.www.nfl.com/image/upload/f_auto,q_auto/league/xspc6ojezhpflx0jorx4",PAR674843,58289,32005041-5267-4843-a152-d47e7453a745,2025.0,2025.0,TB
2026,LAC,DL,DT,99.0,ACT,Jamaree Caldwell,Jamaree,Caldwell,2000-08-30,73,340,Oregon; Houston; Independence Comm. College,00-0040144,5089178,f2d4b707-f118-46b8-9697-e0506f29a987,,18692,162505,CaldJa00,26198,12620,1.0,"https://static.www.nfl.com/image/upload/f_auto,q_auto/league/odlxf3hv35v963nnbhyw",CAL287735,58291,32004341-4c28-7735-daba-7d55546b6660,2025.0,2025.0,LAC
2026,JAX,DB,CB,27.0,ACT,Caleb Ransaw,Caleb,Ransaw,2002-12-22,72,196,Tulane; Troy,00-0040145,4683347,12a65657-e762-4238-a080-147f21e6a962,,18597,147264,RansCa00,26133,12632,1.0,"https://static.www.nfl.com/image/upload/f_auto,q_auto/league/jxkx0tg8hzo9dkxeeisp",RAN691400,58293,32005241-4e69-1400-db5e-1cfb0d52ed17,2025.0,2025.0,JAX
2026,JAX,OL,OT,64.0,ACT,Wyatt Milum,Wyatt,Milum,2002-12-27,78,317,West Virginia,00-0040146,,,,,,,,,1.0,"https://static.www.nfl.com/image/upload/f_auto,q_auto/league/b0mevnnmvyagigpriel0",MIL818789,58294,32004d49-4c81-8789-d69c-03a4416d55b6,2025.0,2025.0,JAX
2026,NE,OL,C,55.0,ACT,Jared Wilson,Jared,Wilson,2003-06-05,75,310,Georgia,00-0040147,,,,,,,,,1.0,"https://static.www.nfl.com/image/upload/f_auto,q_auto/league/tzhrcjgsytozunwl3ovt",WIL722464,58300,32005749-4c72-2464-6806-4dd99cf158ab,2025.0,2025.0,NE
2026,ATL,DB,SAF,31.0,ACT,Xavier Watts,Xavier,Watts,2001-11-22,72,203,Notre Dame,00-0040148,4431005,c28798ce-a253-434d-b312-7c95449fcb63,,18616,122914,WattXa00,26067,12591,1.0,"https://static.www.nfl.com/image/upload/f_auto,q_auto/league/e0eyuvs0sknx8xytwbcm",WAT830896,58301,32005741-5483-0896-532a-ecb5497b9d7f,2025.0,2025.0,ATL
2026,HOU,DB,CB,22.0,ACT,Jaylin Smith,Jaylin,Smith,2003-11-05,71,190,USC,00-0040149,4594277,65a9a4da-5aac-4596-ba66-ec3e467463b8,,18611,146422,SmitJa11,26155,12626,1.0,"https://static.www.nfl.com/image/upload/f_auto,q_auto/league/pm4jhvtvmy4uvtcuxzpj",SMI390278,58302,3200534d-4939-0278-5197-ec678009c1ef,2025.0,2025.0,HOU
2026,LV,OL,OT,76.0,ACT,Caleb Rogers,Caleb,Rogers,2001-10-03,76,312,Texas Tech,00-0040150,,,,,,,,,1.0,"https://static.www.nfl.com/image/upload/f_auto,q_auto/league/kb4qmwui2cqsllri7jyt",ROG135448,58303,3200524f-4713-5448-a956-3bc00506d75d,2025.0,2025.0,LV
2026,LV,OL,OT,60.0,ACT,Charles Grant,Charles,Grant,2002-03-22,76,304,William & Mary,00-0040151,,,,,,,,,1.0,"https://static.www.nfl.com/image/upload/f_auto,q_auto/league/dnnotmxgsahmqaesijf0",GRA396159,58304,32004752-4139-6159-b4c5-6d62ea8e73e4,2025.0,2025.0,LV
2026,SF,DB,CB,20.0,ACT,Upton Stout,Upton,Stout,2002-01-09,69,182,Western Kentucky; North Texas,00-0040152,4565200,c2e8a5f9-98db-4f9d-8720-c919db450134,,18605,121906,StouUp00,26194,12631,1.0,"https://static.www.nfl.com/image/upload/f_auto,q_auto/league/igyjtgzayft05v01yhuz",STO728088,58305,32005354-4f72-8088-9be0-a1f143d4fbc7,2025.0,2025.0,SF
2026,DEN,DL,DE,95.0,ACT,Sai'vion Jones,Sai'vion,Jones,2003-06-03,77,289,LSU,00-0040153,4603189,51b134e9-4aed-4dfc-a2dd-ed03f42b3c0e,,18665,146782,JoneSa01,26126,12628,1.0,"https://static.www.nfl.com/image/upload/f_auto,q_auto/league/jjgdpeo20czi30cxjza9",JON715896,58306,32004a4f-4e71-5896-59bd-03d0b2ae353a,2025.0,2025.0,DEN
2026,MIN,WR,WR,13.0,ACT,Tai Felton,Tai,Felton,2003-03-15,73,186,Maryland,00-0040154,4565185,1eeea030-3313-4aab-b33c-9f836710354a,,18553,144886,FeltTa00,25924,12496,1.0,"https://static.www.nfl.com/image/upload/f_auto,q_auto/league/j7vkt74xeefchpraibnx",FEL746837,58307,32004645-4c74-6837-2f7c-6dbeb6fa58ca,2025.0,2025.0,MIN
2026,NO,LB,LB,28.0,ACT,Danny Stutsman,Danny,Stutsman,2003-03-10,75,233,Oklahoma,00-0040155,4683215,1dea6eaf-2631-4fa0-80a8-476bbd93af92,,18722,144632,StutDa00,26071,12650,1.0,"https://static.www.nfl.com/image/upload/f_auto,q_auto/league/nww5qdmhiifl2rgls4up",STU797614,58317,32005354-5579-7614-acd3-a851244d3364,2025.0,2025.0,NO
2026,ATL,DB,CB,33.0,ACT,Billy Bowman Jr.,Billy,Bowman,2003-01-13,70,194,Oklahoma,00-0040156,4431194,4f423d1f-622b-45e7-a8c7-18d37d27978b,,18618,144638,BowmBi01,26118,12647,1.0,"https://static.www.nfl.com/image/upload/f_auto,q_auto/league/dsgmlgxhg7smwfepuscl",BOW669654,58323,3200424f-5766-9654-778d-1d85c852b173,2025.0,2025.0,ATL
2026,CIN,LB,LB,49.0,ACT,Barrett Carter,Barrett,Carter,2002-10-23,72,230,Clemson,00-0040157,4431519,92ddcecf-9837-460b-9117-b3ec5447e356,,18720,144109,CartBa00,25024,12646,1.0,"https://static.www.nfl.com/image/upload/f_auto,q_auto/league/lyoza4nusuj5ocndg663",CAR617082,58324,32004341-5261-7082-19b4-d5d06a0dea12,2025.0,2025.0,CIN
2026,TB,LB,LB,51.0,ACT,David Walker,David,Walker,2000-06-03,72,260,Central Arkansas; Southern Arkansas,00-0040158,5085355,d5b3eaa3-b6ad-4794-ad61-6a9293a71738,,18670,164231,WalkDa03,26132,12645,1.0,"https://static.www.nfl.com/image/upload/f_auto,q_auto/league/g5t4jmcamq69jxzgywc4",WAL115590,58326,32005741-4c11-5590-6885-0eeaeaf4f879,2025.0,2025.0,TB
2026,CAR,DB,SAF,22.0,ACT,Lathan Ransom,Lathan,Ransom,2002-07-16,72,206,Ohio State,00-0040159,4429110,05179d37-cbaf-4ff1-9a24-c3d9194aab39,,18625,129755,RansLa00,26167,12611,1.0,"https://static.www.nfl.com/image/upload/f_auto,q_auto/league/nfytveo0hvpm3whml1hv",RAN769272,58327,32005241-4e76-9272-7c58-09cd401942a2,2025.0,2025.0,CAR
2026,PIT,LB,LB,33.0,ACT,Jack Sawyer,Jack,Sawyer,2002-05-06,76,260,Ohio State,00-0040160,4431590,2743d973-5944-460c-b17c-b1e029b11af9,,18659,145071,SawyJa00,26015,12593,1.0,"https://static.www.nfl.com/image/upload/f_auto,q_auto/league/pspl1gft3xd6rycuyf15",SAW202770,58328,32005341-5720-2770-1196-4eaa68443f2e,2025.0,2025.0,PIT
2026,LAC,LB,LB,54.0,ACT,Kyle Kennard,Kyle,Kennard,2001-12-12,77,254,South Carolina,00-0040161,4432333,83573dd8-c19e-4e20-9c3d-056418bf3842,,18668,122483,KennKy00,26146,12643,1.0,"https://static.www.nfl.com/image/upload/f_auto,q_auto/league/beyc1p4pefkpswtczp4x",KEN282395,58330,32004b45-4e28-2395-2871-ce6e588d7f2c,2025.0,2025.0,LAC
2026,CLE,RB,RB,22.0,ACT,Dylan Sampson,Dylan,Sampson,2004-09-14,68,201,Tennessee,00-0040162,5081397,6ea71d26-623a-4178-a93a-215678244902,,18467,163772,SampDy00,25889,12469,1.0,"https://static.www.nfl.com/image/upload/f_auto,q_auto/league/den1hzzomdxfcsgk88o5",SAM338622,58331,32005341-4d33-8622-de8a-1e3d03b08479,2025.0,2025.0,CLE
2026,IND,OL,OT,75.0,ACT,Jalen Travis,Jalen,Travis,2002-04-19,80,339,Iowa State; Princeton,00-0040163,,,,,,,,,1.0,"https://static.www.nfl.com/image/upload/f_auto,q_auto/league/iinog7u4y6t4xkj01ud2",TRA502235,58332,32005452-4150-2235-af3b-dcfbbb137c45,2025.0,2025.0,IND
2026,WAS,WR,WR,83.0,ACT,Jaylin Lane,Joshua,Lane,2002-05-01,70,196,Virginia Tech; Middle Tennessee State,00-0040164,4602667,2ec24c7a-8d5d-453a-b45d-03eb27c645d0,,18643,121811,LaneJa00,25976,12641,1.0,"https://static.www.nfl.com/image/upload/f_auto,q_auto/league/ozgin9atyuq92buo2eoa",LAN312554,58333,32004c41-4e31-2554-c6a4-fc92e7409218,2025.0,2025.0,WAS
2026,NYJ,DB,SAF,27.0,ACT,Malachi Moore,Malachi,Moore,2001-09-13,71,196,Alabama,00-0040165,4692024,469e4a2a-d6f0-49fc-bd82-42e88356530a,,18631,123928,MoorMa04,24134,12639,1.0,"https://static.www.nfl.com/image/upload/f_auto,q_auto/league/p8qkvfe7fk7yst0mne5m",MOO510423,58335,32004d4f-4f51-0423-6ca1-933c20d1f732,2025.0,2025.0,NYJ
2026,NO,DB,CB,29.0,ACT,Quincy Riley,Quincy,Riley,2001-05-26,71,195,Louisville; Middle Tennessee State,00-0040166,4428350,3edaf8a7-e949-4f9b-be56-e0bf627ee7eb,,18600,97539,RileQu00,26182,12638,1.0,"https://static.www.nfl.com/image/upload/f_auto,q_auto/league/q4qlahpfgvbren4xt0pj",RIL581406,58336,32005249-4c58-1406-fcac-c6df4aaa9dcd,2025.0,2025.0,NO
2026,CHI,LB,LB,47.0,ACT,Ruben Hyppolite II,Ruben,Hyppolite,2001-09-16,72,236,Maryland,00-0040167,4429970,8da4c940-6483-46e7-af3b-c49e8d2355c7,,18814,129516,HyppRu00,26329,12637,1.0,"https://static.www.nfl.com/image/upload/f_auto,q_auto/league/vnw1vo7so5m4xfhhckc4",HYP497119,58337,32004859-5049-7119-a9c3-541ed039d9d4,2025.0,2025.0,CHI
2026,DEN,LB,LB,51.0,ACT,Que Robinson,Quandarrius,Robinson,2001-05-12,76,243,Alabama,00-0040168,4692048,9d313477-3091-403a-a1d6-1f1e7e5ac4c4,,18676,123932,RobiQu00,26210,12636,1.0,"https://static.www.nfl.com/image/upload/f_auto,q_auto/league/is2yod1ytmcacyyqotj5",ROB678792,58339,3200524f-4267-8792-7fe6-86ca3aaae22b,2025.0,2025.0,DEN
2026,LV,DL,DT,97.0,ACT,Tonka Hemingway,Terrell,Hemingway,2001-10-31,74,284,South Carolina,00-0040169,4429109,9808be58-a38d-463c-9d9c-537c0a03fb55,,18704,124238,HemiTo00,26141,12635,1.0,"https://static.www.nfl.com/image/upload/f_auto,q_auto/league/naoeqgrcfxdgtdrimc6v",HEM233360,58340,32004845-4d23-3360-ee60-e70114e9f825,2025.0,2025.0,LV
2026,TEN,WR,WR,5.0,ACT,Elic Ayomanor,Elic,Ayomanor,2003-06-03,74,206,Stanford,00-0040170,4883647,6c773a16-1a93-4845-a519-d56c85e0090f,,18552,157263,AyomEl00,25964,12499,1.0,"https://static.www.nfl.com/image/upload/f_auto,q_auto/league/aekfvt5nyl69emvxr2yj",AYO181317,58341,32004159-4f18-1317-b6fe-2f1d7c9b240d,2025.0,2025.0,TEN
2026,NE,DL,DT,92.0,ACT,Joshua Farmer,Joshua,Farmer,2003-01-17,75,312,Florida State,00-0040171,4611993,541acdf2-8f7e-4543-b344-d7d4a0ce783b,,18695,143880,FarmJo00,26039,12587,1.0,"https://static.www.nfl.com/image/upload/f_auto,q_auto/league/az6rfypeom5vj5xymqbw",FAR314612,58342,32004641-5231-4612-24e8-c24e08c8e0c0,2025.0,2025.0,NE
2026,SF,WR,WR,17.0,ACT,Jordan Watkins,Jordan,Watkins,2002-02-15,71,196,Mississippi; Louisville,00-0040172,4431466,bd65c350-6044-415a-8749-e70a3b8f86e2,,18647,122730,WatkJo00,26103,12634,1.0,"https://static.www.nfl.com/image/upload/f_auto,q_auto/league/cdwpo3lveebc92rzcdas",WAT234962,58343,32005741-5423-4962-f2e3-76ea93ee38ef,2025.0,2025.0,SF
2026,MIN,DL,DT,90.0,ACT,Tyrion Ingram-Dawkins,Tyrion,Ingram-Dawkins,2003-06-26,77,290,Georgia,00-0040173,4629149,1a5dd0e3-f01b-4330-a711-3f00c8d1cad5,,18693,146730,IngrTy00,26051,12683,1.0,"https://static.www.nfl.com/image/upload/f_auto,q_auto/league/lkpgbo1ftwfrp18wrbxv",ING682089,58344,3200494e-4768-2089-a65d-5f51e00746c2,2025.0,2025.0,MIN
2026,CAR,DL,DT,99.0,ACT,Cam Jackson,Cam'Ron,Jackson,2002-08-07,78,328,Florida; Memphis,00-0040174,4687513,194fc092-1fd9-4723-9bef-57658a002b76,,18686,121769,JackCa01,26129,12682,1.0,"https://static.www.nfl.com/image/upload/f_auto,q_auto/league/xxxuppsldwpxstrwfo9u",JAC056990,58345,32004a41-4305-6990-5a4c-a1a8981df3fe,2025.0,2025.0,CAR
2026,MIA,DL,DT,94.0,ACT,Jordan Phillips,Jordan,Phillips,2004-06-30,75,305,Maryland; Tennessee,00-0040175,4837188,b8c1665f-5e43-4370-88b8-a73a6dee7a23,,18707,157619,PhilJo02,26036,12679,1.0,"https://static.www.nfl.com/image/upload/f_auto,q_auto/league/e9ggqzobdb4aevpq3rlc",PHI382890,58348,32005048-4938-2890-d054-38ed9cc0ab97,2025.0,2025.0,MIA
2026,NE,LB,LB,43.0,ACT,Bradyn Swinson,Bradyn,Swinson,2002-07-04,76,255,LSU; Oregon,00-0040176,4431424,84863fc2-015f-49b6-9d68-23cca7096d9c,,18660,131726,SwinBr01,26127,12677,1.0,"https://static.www.nfl.com/image/upload/f_auto,q_auto/league/jchmem1r3llp4iosoclt",SWI540693,58351,32005357-4954-0693-77b5-b77b8ec24fbb,2025.0,2025.0,NE
2026,SF,RB,RB,29.0,ACT,Jordan James,Jordan,James,2004-03-29,69,208,Oregon,00-0040177,4685397,c16040c3-7534-4eeb-956c-8ed3be9972ec,,18485,163295,JameJo01,25903,12467,1.0,"https://static.www.nfl.com/image/upload/f_auto,q_auto/league/vhkfigionbm4xwjcbfzg",JAM271034,58352,32004a41-4d27-1034-c903-85aadc450efd,2025.0,2025.0,SF
2026,MIA,DB,CB,33.0,ACT,Jason Marshall Jr.,Jason,Marshall,2002-09-06,72,204,Florida,00-0040178,4432730,93c12de7-1d9c-44a3-aaf4-0382eae0d917,,18614,146704,MarsJa00,26152,12675,1.0,"https://static.www.nfl.com/image/upload/f_auto,q_auto/league/chf1ow0awwha9hrcoqxc",MAR482067,58355,32004d41-5248-2067-2ee0-fe8041fabdd5,2025.0,2025.0,MIA
2026,IND,RB,RB,21.0,ACT,DJ Giddens,DJ,Giddens,2003-08-26,73,212,Kansas State,00-0040179,4874509,73ffa6e6-7fb3-4f34-a856-38bfd62cca15,,18443,144595,GiddDJ00,25900,12471,1.0,"https://static.www.nfl.com/image/upload/f_auto,q_auto/league/uohb3wkn00ew1chqyjue",GID271611,58356,32004749-4427-1611-d63e-c26d3e507e94,2025.0,2025.0,IND
2026,CIN,OL,OT,74.0,ACT,Jalen Rivers,Jalen,Rivers,2002-09-12,77,319,Miami,00-0040180,,,,,,,,,1.0,"https://static.www.nfl.com/image/upload/f_auto,q_auto/league/yypchbzegba5ptv3yqbf",RIV512828,58358,32005249-5651-2828-a56d-ce6e58e92608,2025.0,2025.0,CIN
2026,NYG,OL,G,71.0,ACT,Marcus Mbow,Marcus,Mbow,2003-04-02,77,300,Purdue,00-0040181,,,,,,,,,1.0,"https://static.www.nfl.com/image/upload/f_auto,q_auto/league/frnz5wwezwz01rxxbeeh",MBO415291,58359,32004d42-4f41-5291-1b18-972b1a1ef9ec,2025.0,2025.0,NYG
2026,MIA,DB,SAF,11.0,ACT,Dante Trader Jr.,Dante,Trader,2003-02-13,71,202,Maryland,00-0040182,4431664,a4eabafc-a847-4a0d-8f67-28d3b422c14f,,18630,144900,TradDa00,26140,12673,1.0,"https://static.www.nfl.com/image/upload/f_auto,q_auto/league/nffbi3a32ngmczzvxcz0",TRA122505,58360,32005452-4112-2505-b7dc-b2db729a4dea,2025.0,2025.0,MIA
2026,TB,DL,DE,95.0,ACT,Elijah Roberts,Elijah,Roberts,2001-12-24,76,295,SMU; Miami,00-0040183,4690795,5ab83529-db28-47c6-80a7-6d42401ddb51,,18675,122222,RobeEl01,26178,12671,1.0,"https://static.www.nfl.com/image/upload/f_auto,q_auto/league/wbr8dtnyw18fpq6tt7lh",ROB134912,58362,3200524f-4213-4912-d3df-666b69add8d7,2025.0,2025.0,TB
2026,LAC,WR,WR,84.0,ACT,KeAndre Lambert-Smith,KeAndre,Lambert-Smith,2001-10-16,73,182,Auburn; Penn State,00-0040184,4430870,2f6580d2-6f19-4a03-99e8-4dbd9ebf2a73,,18650,129789,LambKe01,26059,12670,1.0,"https://static.www.nfl.com/image/upload/f_auto,q_auto/league/xhhzgylwh0ptvpaghnuu",LAM544943,58363,32004c41-4d54-4943-5877-584673e6154b,2025.0,2025.0,LAC
2026,SF,DB,SAF,36.0,ACT,Marques Sigle,Marques,Sigle,2002-07-18,71,199,Kansas State; North Dakota State,00-0040185,4693337,617c4aee-a205-49de-8a16-655bb6f08143,,18634,125305,SiglMa00,26174,12668,1.0,"https://static.www.nfl.com/image/upload/f_auto,q_auto/league/njl59cs0r2vlnob8uz8k",SIG335607,58365,32005349-4733-5607-14ba-4337f8ab9c02,2025.0,2025.0,SF
2026,NYJ,LB,LB,51.0,ACT,Francisco Mauigoa,Francisco,Mauigoa,2003-03-17,74,233,Miami; Washington State,00-0040186,4700136,8b7b163e-d0a7-4dde-b7b5-8da96d220e5d,,18739,146521,MauiFr00,26144,12666,1.0,"https://static.www.nfl.com/image/upload/f_auto,q_auto/league/e9v5ipktxb3yepsq0abj",MAU299634,58367,32004d41-5529-9634-7981-cb034d372778,2025.0,2025.0,NYJ
2026,CAR,TE,TE,84.0,ACT,Mitchell Evans,Mitchell,Evans,2003-03-18,77,258,Notre Dame,00-0040187,4683243,788b494d-d624-46ae-a956-81bd10f6a044,,18545,147486,EvanMi01,25875,12473,1.0,"https://static.www.nfl.com/image/upload/f_auto,q_auto/league/gbu3iik4i1mi6vllmwlz",EVA558806,58368,32004556-4155-8806-7189-26710933b3f1,2025.0,2025.0,CAR
2026,PIT,DL,DE,94.0,ACT,Yahya Black,Yahya,Black,2002-04-21,77,336,Iowa,00-0040188,4430947,9331aafb-e40a-4b33-8f8c-d2c1fb798782,,18706,129460,BlacYa00,26170,12665,1.0,"https://static.www.nfl.com/image/upload/f_auto,q_auto/league/nhynksyggst8wuiprrfo",BLA193035,58369,3200424c-4119-3035-bbe7-97ab87c61409,2025.0,2025.0,PIT
2026,LAC,TE,TE,86.0,ACT,Oronde Gadsden II,Oronde,Gadsden,2003-06-25,77,236,Syracuse,00-0040189,4595342,6af50530-145a-4b34-946d-ce1a7f7d3166,,18481,144046,GadsOr01,25876,12493,1.0,"https://static.www.nfl.com/image/upload/f_auto,q_auto/league/r8b4oghjwhw8x9nv1wbs",GAD727534,58370,32004741-4472-7534-60e1-93967e881273,2025.0,2025.0,LAC
2026,TEN,OL,G,64.0,ACT,Jackson Slater,Jackson,Slater,2003-05-30,75,311,Sacramento State,00-0040190,,,,,,,,,1.0,"https://static.www.nfl.com/image/upload/f_auto,q_auto/league/wjbjl93rdrufhvpdh5gk",SLA389332,58372,3200534c-4138-9332-2236-98d86bc0b6d6,2025.0,2025.0,TEN
2026,BUF,DB,CB,37.0,ACT,Jordan Hancock,Jordan,Hancock,2003-08-12,73,195,Ohio State,00-0040192,4596480,29c9a3bb-69ff-4c45-8db3-08ca6d558342,,18602,145067,HancJo00,26160,12661,1.0,"https://static.www.nfl.com/image/upload/f_auto,q_auto/league/si9jap5xrlrxqge8tu2n",HAN072674,58375,32004841-4e07-2674-a62a-bb5417cce048,2025.0,2025.0,BUF
2026,DET,OL,G,71.0,ACT,Miles Frazier,Miles,Frazier,2001-09-12,78,325,LSU; Florida International,00-0040193,,,,,,,,,1.0,"https://static.www.nfl.com/image/upload/f_auto,q_auto/league/asa4zimgj3iqzky8kz46",FRA780268,58376,32004652-4178-0268-a3c4-0ab2a0a61d5f,2025.0,2025.0,DET
2026,BUF,TE,TE,85.0,ACT,Jackson Hawes,Jackson,Hawes,2000-12-06,76,253,Georgia Tech; Yale,00-0040194,4573699,87304bcd-83f1-4e59-b9cb-6474f7e0dc01,,18538,109374,HaweJa00,25972,12658,1.0,"https://static.www.nfl.com/image/upload/f_auto,q_auto/league/nmulibermshvvmemgupo",HAW060991,58378,32004841-5706-0991-3db0-4aa9a5a35e4b,2025.0,2025.0,BUF
2026,AZ,DB,CB,29.0,ACT,Denzel Burke,Denzel,Burke,2002-11-10,71,190,Ohio State,00-0040195,4432668,51d70da6-cd09-4f2d-8b1a-1a458bea1d8a,,18596,145070,BurkDe01,25017,12657,1.0,"https://static.www.nfl.com/image/upload/f_auto,q_auto/league/bbw1bwj7tnuiv8vyc48b",BUR173022,58379,32004255-5217-3022-cf62-5ee1affb3ebf,2025.0,2025.0,ARI
2026,NYJ,DL,DE,94.0,ACT,Tyler Baron,Tyler,Baron,2001-10-22,76,258,Miami; Tennessee,00-0040196,4692555,8dcb1e01-e200-4ba0-be45-1dc8871d9838,,18491,124268,BaroTy00,26225,12655,1.0,"https://static.www.nfl.com/image/upload/f_auto,q_auto/league/v9mbzoaeie7jm6jt4gdx",BAR549896,58381,32004241-5254-9896-4d0b-5ab09dc76b7a,2025.0,2025.0,NYJ
2026,BUF,DB,CB,43.0,ACT,Dorian Strong,Dorian,Strong,2002-03-14,72,185,Virginia Tech,00-0040197,4568703,fb62cc43-b6b8-4498-81b5-747ade6d0efa,,18592,123366,StroDo01,26145,12687,1.0,"https://static.www.nfl.com/image/upload/f_auto,q_auto/league/alxdcy6excheslkfjcfk",STR610589,58382,32005354-5261-0589-bc22-e86b3fc0cdb5,2025.0,2025.0,BUF
2026,MIA,RB,RB,0.0,ACT,Ollie Gordon II,Ollie,Gordon,2004-01-15,74,225,Oklahoma State,00-0040198,4711533,42753bb4-a416-4d40-bf81-f20d2181be2f,,18450,157792,GordOl00,25953,12495,1.0,"https://static.www.nfl.com/image/upload/f_auto,q_auto/league/bv33rgypaauv7sealwkr",GOR407357,58384,3200474f-5240-7357-6944-668c800aba72,2025.0,2025.0,MIA
2026,LV,DL,DT,92.0,ACT,JJ Pegues,Jeremiah,Pegues,2001-11-25,74,325,Mississippi; Auburn,00-0040199,4430896,c4ea4298-027d-47c6-b1c7-7cb7a4c1bd6a,,18687,123998,PeguJJ00,26201,12689,1.0,"https://static.www.nfl.com/image/upload/f_auto,q_auto/league/dvqvxiv0lmy8wyunoztu",PEG410041,58385,32005045-4741-0041-a55c-913cbb87cab1,2025.0,2025.0,LV
2026,NE,K,K,36.0,ACT,Andy Borregales,Andres,Borregales,2003-01-02,71,202,Miami,00-0040200,4569923,80dce1ba-c997-47e6-a37e-e92fefcbdc1b,,18743,143934,BorrAn00,26106,12713,1.0,"https://static.www.nfl.com/image/upload/f_auto,q_auto/league/jgxnjxhysqwqk4fgf1ke",BOR532439,58387,3200424f-5253-2439-75ca-57c23ad71615,2025.0,2025.0,NE
2026,TEN,DB,CB,26.0,ACT,Marcus Harris,Marcus,Harris,2001-03-06,71,188,California; Idaho; Oregon State,00-0040201,4570469,bf0296be-fea7-4629-99f7-b91793a744c1,,18599,97230,HarrMa10,26172,12712,1.0,"https://static.www.nfl.com/image/upload/f_auto,q_auto/league/hvjye0qefdut1vzbcgkh",HAR474808,58388,32004841-5247-4808-663c-feab1a1468eb,2025.0,2025.0,TEN
2026,NO,RB,RB,24.0,ACT,Devin Neal,Devin,Neal,2003-08-12,71,213,Kansas,00-0040202,4682652,4ef874c1-50c3-4120-9199-0d5a4ae7c6dd,,18521,144558,NealDe00,25888,12476,1.0,"https://static.www.nfl.com/image/upload/f_auto,q_auto/league/e0pzghslevb27ssozx4s",NEA156553,58389,32004e45-4115-6553-b92e-3a97de1d5558,2025.0,2025.0,NO
2026,PIT,QB,QB,18.0,ACT,Will Howard,Will,Howard,2001-09-24,76,235,Ohio State; Kansas State,00-0040203,4429955,b8a1b579-3a7e-4858-960b-fbfaca8de613,,18512,122599,HowaWi01,25884,12511,1.0,"https://static.www.nfl.com/image/upload/f_auto,q_auto/league/nao2wr6j5irfvk43ssgy",HOW456809,58390,3200484f-5745-6809-c265-2767814a446b,2025.0,2025.0,PIT
2026,HOU,DB,SAF,23.0,ACT,Jaylen Reed,Jaylen,Reed,2003-01-29,72,212,Penn State,00-0040204,4432758,ba695d50-4e27-4804-91ed-4ec9321b3346,,18633,145100,ReedJa04,26063,12710,1.0,"https://static.www.nfl.com/image/upload/f_auto,q_auto/league/xwfbvbjref1iuik9qhx8",REE264482,58392,32005245-4526-4482-5957-ff5b3dd2af50,2025.0,2025.0,HOU
2026,TEN,RB,RB,31.0,ACT,Kalel Mullings,Kalel,Mullings,2002-10-04,74,226,Michigan,00-0040205,4429121,9983d47b-c955-4546-882f-4bd2a2a5ad42,,18463,129590,MullKa00,25904,12516,1.0,"https://static.www.nfl.com/image/upload/f_auto,q_auto/league/jaymtuoljhnetzekrgqx",MUL623816,58393,32004d55-4c62-3816-89a3-f5e866731337,2025.0,2025.0,TEN
2026,IND,QB,QB,15.0,ACT,Riley Leonard,Riley,Leonard,2002-09-13,76,213,Notre Dame; Duke,00-0040206,4683423,38b62d7f-4403-4e2b-8083-4d0cd08e81aa,,18513,143862,LeonRi02,24992,12470,1.0,"https://static.www.nfl.com/image/upload/f_auto,q_auto/league/vzdcrhp4p5kjmuhn7yay",LEO697925,58394,32004c45-4f69-7925-6c8a-c518313880fe,2025.0,2025.0,IND
2026,IND,DL,DT,93.0,ACT,Tim Smith,Tim,Smith,2002-08-09,76,306,Alabama,00-0040207,4692033,531330e7-3326-4ebd-90f8-004c4ea2edca,,17899,123935,SmitTi02,26249,12691,1.0,"https://static.www.nfl.com/image/upload/f_auto,q_auto/league/tiipr2drqchrxgsjslnv",SMI749940,58395,3200534d-4974-9940-3a14-992864afb3c2,2025.0,2025.0,IND
2026,CIN,RB,RB,25.0,ACT,Tahj Brooks,Tahj,Brooks,2002-05-13,69,220,Texas Tech,00-0040208,4429299,8d50af87-f6dc-42cb-a7e7-11716667a1dc,,18519,123133,BrooTa00,25949,12543,1.0,"https://static.www.nfl.com/image/upload/f_auto,q_auto/league/wi7smnfts8t04wnd0n3p",BRO168325,58398,32004252-4f16-8325-38e7-d7fab363c600,2025.0,2025.0,CIN
2026,JAX,LB,LB,35.0,ACT,Jalen McLeod,Jalen,McLeod,2002-06-05,73,236,Auburn; Appalachian State,00-0040209,4576129,89c2a23b-613c-4131-986a-2c274340847a,,18729,122248,McLeJa00,26151,12708,1.0,"https://static.www.nfl.com/image/upload/f_auto,q_auto/league/kwm2mbjg8rmeeurzlrrr",MCL648210,58399,32004d43-4c64-8210-2fdc-0554fec7ade9,2025.0,2025.0,JAX
2026,CHI,OL,G,65.0,ACT,Luke Newman,Luke,Newman,2002-03-03,76,308,Michigan State; Holy Cross,00-0040210,,,,,,,,,1.0,"https://static.www.nfl.com/image/upload/f_auto,q_auto/league/ngdj0jkv5i2pdsqdnsf3",NEW435385,58400,32004e45-5743-5385-61d2-a5844cce01f6,2025.0,2025.0,CHI
2026,HOU,QB,QB,18.0,ACT,Graham Mertz,Graham,Mertz,2000-12-06,74,216,Florida; Wisconsin,00-0040211,4426335,54cfd592-9878-4ac3-ab29-f00f8b2e9440,,18653,97994,MertGr00,26086,12705,1.0,"https://static.www.nfl.com/image/upload/f_auto,q_auto/league/dkzhjatulzdzzvf5rpm3",MER783922,58402,32004d45-5278-3922-ed3e-b76b8ef413b4,2025.0,2025.0,HOU
2026,LAC,OL,OT,71.0,ACT,Branson Taylor,Branson,Taylor,2002-02-13,78,330,Pittsburgh,00-0040212,,,,,,,,,1.0,"https://static.www.nfl.com/image/upload/f_auto,q_auto/league/hwnhjli2jqpgvguvzxzg",TAY032310,58404,32005441-5903-2310-439a-7a60af049aad,2025.0,2025.0,LAC
2026,JAX,DB,SAF,25.0,ACT,Rayuan Lane III,Rayuan,Lane,2003-07-21,71,197,Navy,00-0040213,4880675,6f511f3c-2288-4726-8fff-39cd874907dd,,18636,144326,LaneRa00,26186,12702,1.0,"https://static.www.nfl.com/image/upload/f_auto,q_auto/league/emzamsuwuuxtpw4natjw",LAN406670,58405,32004c41-4e40-6670-2680-629ecc546162,2025.0,2025.0,JAX
2026,NYJ,LB,LB,,RES,Kobe King,Kobe,King,2003-01-28,73,250,Penn State,00-0040214,4588300,22b01678-952c-4923-b1a9-1249aa1e0791,,18724,145097,KingKo00,26043,12701,1.0,"https://static.www.nfl.com/image/upload/f_auto,q_auto/league/sdbdytvgxowtgi92inpv",KIN564399,58406,32004b49-4e56-4399-659a-4baa4c0de33a,2025.0,2025.0,MIN
2026,MIN,TE,TE,86.0,ACT,Gavin Bartholomew,Gavin,Bartholomew,2003-04-30,77,249,Pittsburgh,00-0040215,4708049,c1b41bdc-c726-4ee5-910f-b5e4a00412a3,,18573,144013,BartGa00,26113,12700,1.0,"https://static.www.nfl.com/image/upload/f_auto,q_auto/league/pfuzefnxhvnc7g8byn9k",BAR725688,58407,32004241-5272-5688-e52b-cd5f217f3f70,2025.0,2025.0,MIN
2026,WAS,LB,LB,56.0,ACT,Kain Medrano,Kain,Medrano,2001-02-16,75,230,UCLA,00-0040216,4427984,951a4569-432c-4f85-8623-5d6c06e4e1df,,18740,100655,MedrKa00,26156,12684,1.0,"https://static.www.nfl.com/image/upload/f_auto,q_auto/league/a9c6sezqfgnpwxnc3sl2",MED416416,58410,32004d45-4441-6416-6e8b-a8d19c8df397,2025.0,2025.0,WAS
2026,BUF,OL,OT,77.0,ACT,Chase Lundt,Chase,Lundt,2000-06-16,79,304,Connecticut,00-0040217,,,,,,,,,1.0,"https://static.www.nfl.com/image/upload/f_auto,q_auto/league/cybfnn6o2pqyyljrmrdo",LUN457924,58411,32004c55-4e45-7924-4335-9a5c6ee17e2e,2025.0,2025.0,BUF
2026,CAR,WR,WR,15.0,ACT,Jimmy Horn Jr.,Jimmy,Horn,2002-09-12,68,174,Colorado; University of South Florida,00-0040218,4708486,f15872a6-7bc1-41e4-a2cd-0a2fbc432bf7,,18569,144483,HornJi00,25982,12523,1.0,"https://static.www.nfl.com/image/upload/f_auto,q_auto/league/gggcgfbghcft0xwxtrhk",HOR430113,58413,3200484f-5243-0113-b082-05dae02c090e,2025.0,2025.0,CAR
2026,AZ,OL,G,58.0,ACT,Hayden Conner,Hayden,Conner,2002-04-26,78,314,Texas,00-0040219,,,,,,,,,1.0,"https://static.www.nfl.com/image/upload/f_auto,q_auto/league/clfm9yvbyspdzhrfvnqz",CON459403,58416,3200434f-4e45-9403-d6cd-690f5edb2930,2025.0,2025.0,ARI
2026,LAC,DB,SAF,27.0,ACT,R.J. Mickens,R.J.,Mickens,2001-07-10,72,210,Clemson,00-0040221,4429018,9fafb31c-10c8-4299-822c-8d532904b6fb,,18627,122153,MickRJ00,26183,12694,1.0,"https://static.www.nfl.com/image/upload/f_auto,q_auto/league/ukzfqydyiezmemut0zoe",MIC746634,58419,32004d49-4374-6634-c2be-3d6de9c1ffad,2025.0,2025.0,LAC
2026,MIA,QB,QB,15.0,ACT,Cam Miller,Cam,Miller,2001-06-18,72,211,North Dakota State,00-0040222,4693331,065b4e2a-5071-4b33-aef8-0b3eb99dce35,,18808,125299,MillCa00,26254,12688,1.0,"https://static.www.nfl.com/image/upload/f_auto,q_auto/league/kzi3uhytwrzsdjgi8vel",MIL157171,58420,32004d49-4c15-7171-f1af-d131649a0218,2025.0,2025.0,LV
2026,DEN,P,P,16.0,ACT,Jeremy Crawshaw,Jeremy,Crawshaw,2001-05-22,75,205,Florida,00-0040223,4589212,640f28f2-9365-44f2-bbfb-29730dfe8c90,,18746,124372,CrawJe00,26098,12693,1.0,"https://static.www.nfl.com/image/upload/f_auto,q_auto/league/nqnll8kqdpeuajt2lkyx",CRA807787,58421,32004352-4180-7787-2348-f87fbc876fc0,2025.0,2025.0,DEN
2026,ATL,OL,OT,69.0,ACT,Jack Nelson,Jack,Nelson,2002-01-15,79,314,Wisconsin,00-0040224,,,,,,,,,1.0,"https://static.www.nfl.com/image/upload/f_auto,q_auto/league/b7u6stspsu1odnwktqwz",NEL486278,58423,32004e45-4c48-6278-b09f-28c95c4bf3c2,2025.0,2025.0,ATL
2026,NYG,TE,TE,86.0,ACT,Thomas Fidone II,Thomas,Fidone,2002-09-20,78,255,Nebraska,00-0040225,4590292,0e21445d-6318-43ce-ba78-310ee648b602,,18507,144997,FidoTh00,26055,12715,1.0,"https://static.www.nfl.com/image/upload/f_auto,q_auto/league/vbaqpkcxcfwh9dhzescy",FID396877,58424,32004649-4439-6877-94de-0250253c24e7,2025.0,2025.0,NYG
2026,NE,OL,OT,52.0,ACT,Marcus Bryant,Marcus,Bryant,2002-06-22,79,320,Missouri; SMU,00-0040226,,,,,,,,,1.0,"https://static.www.nfl.com/image/upload/f_auto,q_auto/league/zguyigf8i3moxhxjhzgq",BRY499762,58425,32004252-5949-9762-2541-676399d65585,2025.0,2025.0,NE
2026,JAX,OL,C,60.0,ACT,Jonah Monheim,Jonah,Monheim,2002-06-07,77,310,USC,00-0040227,,,,,,,,,1.0,"https://static.www.nfl.com/image/upload/f_auto,q_auto/league/w31i3bqdibnnzcxfi18v",MON216915,58426,32004d4f-4e21-6915-9577-526611a2e134,2025.0,2025.0,JAX
2026,LV,LB,LB,55.0,ACT,Cody Lindenberg,Cody,Lindenberg,2002-01-15,74,236,Minnesota,00-0040228,4685126,c2a6d8cb-26f5-4b44-9a2a-a29c5d8a6446,,18728,129660,LindCo00,26138,12722,1.0,"https://static.www.nfl.com/image/upload/f_auto,q_auto/league/fkyosruw3thae4zuxksu",LIN173885,58427,32004c49-4e17-3885-2282-fec661cb7943,2025.0,2025.0,LV
2026,HOU,DL,DT,58.0,ACT,Kyonte Hamilton,Kyonte,Hamilton,2002-11-07,76,304,Rutgers,00-0040229,4677281,21441b4b-dd79-4845-93d6-725ca427d6fb,,18818,145148,HamiKy01,26308,12724,1.0,"https://static.www.nfl.com/image/upload/f_auto,q_auto/league/bzvxcide1klyhdoxh53j",HAM247756,58429,32004841-4d24-7756-9e2d-9acc3dd5188b,2025.0,2025.0,HOU
2026,AZ,DB,SAF,36.0,ACT,Kitan Crawford,Kitan,Crawford,2001-12-31,71,202,Nevada; Texas,00-0040230,4430821,4c752c92-6699-40b0-b436-035f152af376,,18639,123111,CrawKi00,26165,12736,1.0,"https://static.www.nfl.com/image/upload/f_auto,q_auto/league/yitfnwsstvdstxcktfh6",CRA691586,58430,32004352-4169-1586-ee74-fe39141058f7,2025.0,2025.0,ARI
2026,PIT,LB,LB,44.0,ACT,Carson Bruener,Carson,Bruener,2001-06-06,73,227,Washington,00-0040231,4429490,5d19be5f-da33-4d86-b910-06e4ccd7f0c7,,18735,131889,BrueCa00,26137,12733,1.0,"https://static.www.nfl.com/image/upload/f_auto,q_auto/league/vuf75qxgpwpimtkt8skl",BRU228808,58431,32004252-5522-8808-fe83-2fba4f037a50,2025.0,2025.0,PIT
2026,PIT,DB,CB,34.0,ACT,Donte Kent,Donte,Kent,2001-09-28,70,189,Central Michigan,00-0040232,4608004,87d18965-9526-474f-8657-4fe8c3f5c8a2,,18819,130439,KentDo00,26299,12734,1.0,"https://static.www.nfl.com/image/upload/f_auto,q_auto/league/el6gr9mor08r0kayyhzc",KEN730084,58434,32004b45-4e73-0084-86ce-fa28423f83df,2025.0,2025.0,PIT
2026,DET,DB,SAF,17.0,ACT,Dan Jackson,Daniel,Jackson,2000-11-30,73,195,Georgia,00-0040233,4575115,3efcc497-81cd-44be-8bc3-8930d13868b0,,18804,98883,JackDa04,26256,12731,1.0,"https://static.www.nfl.com/image/upload/f_auto,q_auto/league/asdfxl59enzyl5rviu1r",JAC118041,58435,32004a41-4311-8041-3703-d36e08f135be,2025.0,2025.0,DET
2026,MIA,QB,QB,14.0,ACT,Quinn Ewers,Quinn,Ewers,2003-03-15,74,209,Texas; Ohio State,00-0040234,4889929,d89f0384-21a6-44e4-8aa6-324cb2103bf6,,18505,127253,EwerQu00,26048,12500,1.0,"https://static.www.nfl.com/image/upload/f_auto,q_auto/league/wikumn4ijbsxyuhtv1vz",EWE415291,58436,32004557-4541-5291-45fc-144750ad611e,2025.0,2025.0,MIA
2026,IND,DB,SAF,30.0,ACT,Hunter Wohler,Hunter,Wohler,2003-01-12,74,213,Wisconsin,00-0040235,4432789,9a8eac53-759b-4594-bec9-cecd5b296760,,18635,145183,WohlHu00,26147,12723,1.0,"https://static.www.nfl.com/image/upload/f_auto,q_auto/league/zyln6kvffonhzaznkgvt",WOH474618,58437,3200574f-4847-4618-e40c-f8f36a83fa74,2025.0,2025.0,IND
2026,CHI,RB,RB,25.0,ACT,Kyle Monangai,Kyle,Monangai,2002-06-06,68,207,Rutgers,00-0040236,4608686,6edec23b-f938-40f7-a151-1db5374880dd,,18520,129891,MonaKy00,25952,12534,1.0,"https://static.www.nfl.com/image/upload/f_auto,q_auto/league/cici2wf1walmoluhe95i",MON116385,58438,32004d4f-4e11-6385-d542-4b47928ce72b,2025.0,2025.0,CHI
2026,TB,WR,WR,15.0,ACT,Tez Johnson,Keyonteze,Johnson,2002-05-18,70,165,Oregon; Troy,00-0040237,4608810,ad756d40-39a0-4f5c-bbf5-f31f4c3ee0a6,,18484,123709,JohnTe03,25934,12485,1.0,"https://static.www.nfl.com/image/upload/f_auto,q_auto/league/zjtu1bcayjh9qunkxs9z",JOH679448,58440,32004a4f-4867-9448-4f25-4821b872e83b,2025.0,2025.0,TB
2026,JAX,RB,RB,5.0,ACT,LeQuint Allen Jr.,LeQuint,Allen,2004-08-05,72,201,Syracuse,00-0040238,4911851,14aedd06-41a6-41db-8c5e-05483f91570d,,18476,158290,AlleLe01,25986,12544,1.0,"https://static.www.nfl.com/image/upload/f_auto,q_auto/league/i0utigksuuvo2njb9wtk",ALL557062,58441,3200414c-4c55-7062-57ec-48f10a8ed2dc,2025.0,2025.0,JAX
2026,DEN,TE,TE,84.0,ACT,Caleb Lohner,Caleb,Lohner,2001-10-01,79,250,Utah; Baylor,00-0040240,4432208,88a09f4b-3cc1-4e70-bf4c-9b1503ecb89f,,18822,188299,LohnCa00,26333,12735,1.0,"https://static.www.nfl.com/image/upload/f_auto,q_auto/league/v1r6bh2lo5zz7ukvfvbq",LOH603161,58446,32004c4f-4860-3161-aee6-669b3dac76d7,2025.0,2025.0,DEN
2026,DET,WR,WR,19.0,ACT,Dominic Lovett,Dominic,Lovett,2002-11-08,70,185,Georgia; Missouri,00-0040241,4596439,fb855b6b-16ca-4224-8e05-bcd9e51e7230,,17858,146872,LoveDo00,25306,12732,1.0,"https://static.www.nfl.com/image/upload/f_auto,q_auto/league/fzxlfb3wl37vyzwfmbmk",LOV537190,58449,32004c4f-5653-7190-10bc-03cb6e761987,2025.0,2025.0,DET
2026,WAS,RB,RB,22.0,ACT,Jacory Croskey-Merritt,Jacory,Croskey-Merritt,2001-04-12,71,208,Arizona; New Mexico; Alabama State,00-0040242,4575131,202b8be6-40d2-49ed-b256-312ac45ec70f,,18811,102382,CrosJa00,26259,12533,1.0,"https://static.www.nfl.com/image/upload/f_auto,q_auto/league/tklzj7zzve1t4z2hhr1g",CRO390640,58450,32004352-4f39-0640-549c-50768e5c1613,2025.0,2025.0,WAS
2026,NYG,DB,CB,38.0,ACT,Korie Black,Korie,Black,2002-06-22,72,190,Oklahoma State,00-0040243,4429281,af0644a7-0d19-462d-85e6-36aac0d39f8b,,18802,122958,BlacKo00,26257,12716,1.0,"https://static.www.nfl.com/image/upload/f_auto,q_auto/league/ulzvk0ytwjmtrqemlmhd",BLA097423,58451,3200424c-4109-7423-7ea6-95924e943559,2025.0,2025.0,NYG
2026,NO,TE,TE,80.0,ACT,Moliki Matavao,Moliki,Matavao,2003-03-17,78,263,UCLA,00-0040244,4432731,140c137e-69f7-40a9-a92c-42e331b04109,,18623,146561,MataMo00,25988,12480,1.0,"https://static.www.nfl.com/image/upload/f_auto,q_auto/league/rwiaj2lks7kzqbxdulyy",MAT050930,58453,32004d41-5405-0930-b23d-34d54fda2a88,2025.0,2025.0,NO
2026,SF,OL,G,75.0,ACT,Connor Colby,Connor,Colby,2003-01-16,77,309,Iowa,00-0040245,,,,,,,,,1.0,"https://static.www.nfl.com/image/upload/f_auto,q_auto/league/b0b2krvxbpylwerralyx",COL069214,58454,3200434f-4c06-9214-e68b-4d4ee96d1732,2025.0,2025.0,SF
2026,NE,LS,LS,47.0,ACT,Julian Ashby,Frederick,Ashby,2002-07-08,73,231,Vanderbilt; Furman,00-0040246,,,,,,,,,1.0,"https://static.www.nfl.com/image/upload/f_auto,q_auto/league/qlam8vwdvr3fxlbcbotw",ASH284551,58456,32004153-4828-4551-3d8b-1ec32aeb09b4,2025.0,2025.0,NE
2026,SF,WR,WR,86.0,ACT,Junior Bergen,Junior,Bergen,2002-10-23,69,184,Montana,00-0040247,4887918,b67ab6d1-bed0-4dd0-a21a-d4108fc07711,,18824,147642,BergJu00,26335,12743,1.0,"https://static.www.nfl.com/image/upload/f_auto,q_auto/league/dlii21zjxadzebyoguh5",BER059931,58457,32004245-5205-9931-1e07-5e7e48ef6a84,2025.0,2025.0,SF
2026,MIA,DL,DT,93.0,ACT,Zeek Biggers,Zeek,Biggers,2003-10-04,78,319,Georgia Tech,00-0040248,4683276,d5a77794-304b-4d30-91cf-beaedb7be14b,,18716,143903,BiggZe01,26169,12720,1.0,"https://static.www.nfl.com/image/upload/f_auto,q_auto/league/koyblxerkw9bj2ui64th",BIG384540,58458,32004249-4738-4540-de75-fc219bbc37da,2025.0,2025.0,MIA
2026,NO,DL,DE,40.0,ACT,Fadil Diggs,Fadil,Diggs,2001-10-15,76,257,Syracuse; Texas A&M,00-0040249,4429073,5c0a3fa3-45eb-48f0-93de-7c03f47f760b,,18681,124314,DiggFa00,26189,12609,1.0,"https://static.www.nfl.com/image/upload/f_auto,q_auto/league/oyuhjwmnw2mnr75h5udw",DIG189645,58459,32004449-4718-9645-d42d-c081532be35e,2025.0,2025.0,NO
2026,DAL,DB,DB,25.0,ACT,Trikweze Bridges,Trikweze,Bridges,2000-09-20,74,200,Florida; Oregon,00-0040251,4426513,bccb01d6-0ee2-43a3-a230-0e669b089a22,,18826,100378,BridTr00,26297,12717,1.0,"https://static.www.nfl.com/image/upload/f_auto,q_auto/league/gjjfpzprpesl0q2ujavn",BRI128186,58461,32004252-4912-8186-a6b9-3334a64b4d0e,2025.0,2025.0,LAC
2026,NE,DB,DB,19.0,ACT,Kobee Minor,Kobee,Minor,2002-07-08,71,188,Memphis; Indiana; Texas Tech,00-0040252,4566100,14c1358f-13fa-4acf-bf4c-f943d153cdcb,,18825,123148,MinoKo00,26336,12726,1.0,"https://static.www.nfl.com/image/upload/f_auto,q_auto/league/ni03g9qaavvfbyzt7zck",MIN530640,58462,32004d49-4e53-0640-2bd2-6ad7c03b4ab7,2025.0,2025.0,NE
2026,CLE,DL,DE,98.0,ACT,Adin Huntington,Adin,Huntington,2002-03-18,73,281,Tulane; Louisiana-Monroe; Kent State,00-0040255,4605792,eef59fe0-2317-11f0-9f5e-95c7a639db29,,19041,130493,HuntAd00,26421,13104,1.0,"https://static.www.nfl.com/image/upload/f_auto,q_auto/league/zqevui8ikmsi20blzgot",HUN819818,58691,32004855-4e81-9818-c2f4-9a6d27326ba5,2025.0,2025.0,
2026,CLE,DB,CB,37.0,ACT,Dom Jones,Dom,Jones,2000-07-16,74,192,Colorado State; North Dakota State,00-0040258,,,,,,,,,1.0,"https://static.www.nfl.com/image/upload/f_auto,q_auto/league/drlhingyoocycjx2j7qc",JON235772,58694,32004a4f-4e23-5772-9688-38720201eb07,2025.0,2025.0,
2026,CLE,WR,WR,84.0,ACT,Gage Larvadain,Gage,Larvadain,2003-01-03,68,171,South Carolina; Miami (Ohio),00-0040259,4877203,a514f5d0-260d-11f0-81c1-eb0abefb169c,,18941,150169,LarvGa00,26422,13101,1.0,"https://static.www.nfl.com/image/upload/f_auto,q_auto/league/ghzcze6fe8cmvu2vrkyo",LAR771461,58695,32004c41-5277-1461-9db5-fc1c462a2c37,2025.0,2025.0,
2026,CLE,RB,RB,23.0,ACT,Ahmani Marshall,Ahmani,Marshall,2002-03-21,73,225,Appalachian State; Wake Forest,00-0040260,4432374,c18cabc0-2321-11f0-80a0-bb24566134d1,,18943,123391,MarsAh00,26414,12797,1.0,"https://static.www.nfl.com/image/upload/f_auto,q_auto/league/krcrprceslwabl7rb1lo",MAR360274,58696,32004d41-5236-0274-3678-b7e35b40283e,2025.0,2025.0,
2026,CLE,LB,LB,42.0,ACT,Easton Mascarenas-Arnold,Easton,Mascarenas-Arnold,2002-09-13,71,226,USC; Oregon State,00-0040261,5085888,,,19045,71410,MascEa00,,,1.0,"https://static.www.nfl.com/image/upload/f_auto,q_auto/league/ms3shd56ki1juzpdzuly",MAS007077,58697,32004d41-5300-7077-7e46-fac9184135e1,2025.0,2025.0,
2026,CLE,DB,SAF,31.0,ACT,Donovan McMillon,Donovan,McMillon,2002-06-18,74,203,Pittsburgh; Florida,00-0040263,4686027,,,19047,146700,McMiDo00,,,1.0,"https://static.www.nfl.com/image/upload/f_auto,q_auto/league/fbnuqvyuya1btewfzslw",MCM670460,58699,32004d43-4d67-0460-1163-d78f59b0a303,2025.0,2025.0,
2026,CAR,WR,WR,86.0,ACT,Ja'Seem Reed,Ja'Seem,Reed,2003-03-21,74,195,San Diego,00-0040265,,,,,,,,,1.0,,REE261802,58701,32005245-4526-1802-9d01-e66f381314ef,2025.0,2025.0,
2026,CHI,LS,LS,46.0,ACT,Luke Elkin,Luke,Elkin,2002-06-27,73,235,Iowa,00-0040271,,,,,,,,,1.0,"https://static.www.nfl.com/image/upload/f_auto,q_auto/league/zvan7ciu0zf7kwlomjzs",ELK063590,58707,3200454c-4b06-3590-7644-db08b7dbb15b,2025.0,2025.0,
2026,CHI,WR,WR,83.0,ACT,JP Richardson,JP,Richardson,2002-03-23,71,192,TCU; Oklahoma State,00-0040275,4685183,46e7a540-22fa-11f0-9b1e-5bbc697f9f6c,,18940,144650,RichJP00,26375,12746,1.0,"https://static.www.nfl.com/image/upload/f_auto,q_auto/league/thbjpb4qupzrimcanan8",RIC563798,58711,32005249-4356-3798-273c-dc0b7fd7c11e,2025.0,2025.0,
2026,CHI,WR,WR,9.0,ACT,Jahdae Walker,Jahdae,Walker,2002-07-05,75,206,Texas A&M; Grand Valley,00-0040277,5160110,46352a70-25f5-11f0-83f2-77ca9eeac893,,18938,175944,WalkJa03,26476,13079,1.0,"https://static.www.nfl.com/image/upload/f_auto,q_auto/league/h3pgfkuao7n0txq0qtd6",WAL200149,58713,32005741-4c20-0149-8282-b0dc6b7c74e3,2025.0,2025.0,
2026,CAR,K,K,10.0,ACT,Ryan Fitzgerald,Ryan,Fitzgerald,2000-08-13,71,193,Florida State,00-0040279,4568263,7bf5a2e0-2512-11f0-9825-33176da47896,,18508,99867,FitzRy01,26108,12961,1.0,"https://static.www.nfl.com/image/upload/f_auto,q_auto/league/abfug5vjak5ixdcqca7x",FIT485574,58715,32004649-5448-5574-3c12-a7034437623a,2025.0,2025.0,
2026,CAR,DL,DL,94.0,ACT,Jared Harrison-Hunte,Jared,Harrison-Hunte,2000-07-22,76,294,SMU; Miami,00-0040283,,,,,,,,,1.0,"https://static.www.nfl.com/image/upload/f_auto,q_auto/league/zlu1tvw0ethftax8vcfa",HAR648678,58719,32004841-5264-8678-bb7e-eb68a5c4f282,2025.0,2025.0,
2026,PIT,DB,SAF,48.0,ACT,Jack Henderson,Jack,Henderson,2001-12-26,74,215,Minnesota; Southeastern Louisiana,00-0040284,,,,,,,,,1.0,,HEN064642,58720,32004845-4e06-4642-b176-3279451b035e,2025.0,2025.0,
2026,CAR,LB,LB,54.0,ACT,Bam Martin-Scott,Tavareon,Martin-Scott,2000-07-04,74,231,South Carolina; Dodge City CC,00-0040289,4880613,01ec2e60-2512-11f0-9a31-bd52e2c1bc10,,18736,146904,MartBa00,26136,12956,1.0,"https://static.www.nfl.com/image/upload/f_auto,q_auto/league/fvfw5drjy4cxaotvve69",MAR796551,58725,32004d41-5279-6551-b3c5-b0d33d7d4bfc,2025.0,2025.0,
2026,CAR,TE,TE,,RES,Bryce Pierre,Bryce,Pierre,2001-01-25,77,255,UCLA; Arizona State,00-0040292,,,,,,,,,1.0,,PIE565413,58728,32005049-4556-5413-c8d4-4b396ca7bbd4,2025.0,2025.0,
2026,CAR,DB,CB,35.0,ACT,Michael Reid,Michael,Reid,2002-05-24,74,200,South Dakota; Monmouth,00-0040293,,,,,,,,,1.0,,REI339378,58729,32005245-4933-9378-fac4-98b435b68d5a,2025.0,2025.0,
2026,JAX,DB,SAF,34.0,ACT,Trevian Thomas,Trevian,Thomas,2002-03-04,71,196,Arkansas State,00-0040295,4570633,,,19023,121544,ThomTr04,,,1.0,"https://static.www.nfl.com/image/upload/f_auto,q_auto/league/h1dafnkoaft9gldc6beo",THO397565,58731,32005448-4f39-7565-d6d8-9a3668b2e521,2025.0,2025.0,
2026,CAR,DB,CB,31.0,ACT,Corey Thornton,Corey,Thornton,2001-01-30,73,195,Louisville,00-0040296,4431426,02c194e0-2514-11f0-a382-97906c339a3b,,19024,123763,ThorCo00,26446,12957,1.0,"https://static.www.nfl.com/image/upload/f_auto,q_auto/league/tlmmgdiwijyhzguzyjwy",THO770480,58732,32005448-4f77-0480-6b9e-c4f3415b199c,2025.0,2025.0,
2026,KC,WR,WR,84.0,ACT,Andrew Armstrong,Andrew,Armstrong,2000-10-31,76,202,Arkansas; East Texas A&M,00-0040298,5093923,8e353ae0-2442-11f0-b1aa-45a8da233bc0,,18453,160110,ArmsAn01,25905,12863,1.0,"https://static.www.nfl.com/image/upload/f_auto,q_auto/league/z5fhutzaaoiidn2jrzge",ARM099776,58734,32004152-4d09-9776-cb22-3c2f1bc274cd,2025.0,2025.0,
2026,MIA,WR,WR,88.0,ACT,A.J. Henning,Antiwan,Henning,2001-09-09,70,192,Northwestern; Michigan,00-0040302,,,,,,,,,1.0,"https://static.www.nfl.com/image/upload/f_auto,q_auto/league/ijwatff81qf3jmikcryt",HEN571804,58738,32004845-4e57-1804-318d-70dbbf1b1c8e,2025.0,2025.0,
2026,MIA,DL,DT,96.0,ACT,Alex Huntley,Alexander,Huntley,2001-10-08,76,298,South Carolina,00-0040304,,,,,,,,,1.0,"https://static.www.nfl.com/image/upload/f_auto,q_auto/league/yevbcu3cnmbvefrmktok",HUN820586,58740,32004855-4e82-0586-63ed-9326023f72f9,2025.0,2025.0,
2026,MIA,OL,G,68.0,ACT,Josh Priebe,Josh,Priebe,2001-07-30,77,305,Michigan; Northwestern,00-0040307,,,,,,,,,1.0,"https://static.www.nfl.com/image/upload/f_auto,q_auto/league/z8bgbhmsahpeyrozqgpi",PRI417896,58743,32005052-4941-7896-3b23-94c0429d4815,2025.0,2025.0,
2026,MIA,DB,CB,38.0,ACT,Ethan Robinson,Ethan,Robinson,2003-04-30,72,195,Minnesota; Bucknell,00-0040308,,,,,,,,,1.0,"https://static.www.nfl.com/image/upload/f_auto,q_auto/league/bgzwkstmyml3ljwxgle9",ROB422525,58744,3200524f-4242-2525-9574-95f9f5293284,2025.0,2025.0,
2026,NE,DB,SAF,23.0,ACT,John Saunders Jr.,John,Saunders,2001-10-24,74,210,Mississippi; Miami (Ohio),00-0040310,,,,,,,,,1.0,"https://static.www.nfl.com/image/upload/f_auto,q_auto/league/ftf10e6sdtxy6jumhfds",SAU774945,58746,32005341-5577-4945-2d95-7e48d0244514,2025.0,2025.0,
2026,MIA,WR,WR,81.0,ACT,Theo Wease Jr.,Theo,Wease,2001-06-25,74,210,Missouri; Oklahoma,00-0040311,4426535,277f6ff0-2442-11f0-ac20-e1591f73b631,,18645,98005,WeasTh00,23169,12860,1.0,"https://static.www.nfl.com/image/upload/f_auto,q_auto/league/iykujtgwn2x1ymy7jdxw",WEA066076,58747,32005745-4106-6076-fc5a-61a7084a0283,2025.0,2025.0,
2026,KC,LB,LB,53.0,ACT,Kam Arnold,Kam,Arnold,2002-02-19,73,229,Boston College,00-0040313,,,,,,,,,1.0,"https://static.www.nfl.com/image/upload/f_auto,q_auto/league/ujbak0j8tardgvzqwyii",ARN652292,58749,32004152-4e65-2292-5a0b-f59b987941f1,2025.0,2025.0,
2026,WAS,DL,DT,50.0,ACT,Ricky Barber,Ricky,Barber,2001-01-31,75,295,UCF; Western Kentucky,00-0040314,4428343,,,19181,98154,BarbRi00,,,1.0,"https://static.www.nfl.com/image/upload/f_auto,q_auto/league/vughlwfjshabiavyyxfs",BAR076775,58750,32004241-5207-6775-555f-af91a8a2c22b,2025.0,2025.0,
2026,WAS,WR,WR,84.0,ACT,Jacoby Jones,Jacoby,Jones,2001-07-18,75,228,UCF; Ohio,00-0040317,5083297,8f191b60-2628-11f0-a704-37f5177ae09e,,19094,157518,JoneJa15,26620,13120,1.0,"https://static.www.nfl.com/image/upload/f_auto,q_auto/league/jfy4bvrbzlpyreglk79s",JON403986,58753,32004a4f-4e40-3986-293f-a86a1e58355c,2025.0,2025.0,
2026,WAS,LB,LB,51.0,ACT,Ale Kaho,Ale,Kaho,2000-04-07,74,230,UCLA; Alabama,00-0040318,4361090,,,19180,82646,KahoAl00,,,1.0,"https://static.www.nfl.com/image/upload/f_auto,q_auto/league/roqau9uehkwexrwqij8u",KAH674047,58754,32004b41-4867-4047-35ab-aec0b0592577,2025.0,2025.0,
2026,WAS,DB,DB,47.0,ACT,Robert McDaniel,Robert,McDaniel,2000-10-18,74,207,Jackson State University; Alcorn State,00-0040319,,,,,,,,,1.0,"https://static.www.nfl.com/image/upload/f_auto,q_auto/league/wcffl9rrsuj9xvhiqr8f",MCD123593,58755,32004d43-4412-3593-bd5a-f26a7aee34b0,2025.0,2025.0,
2026,WAS,OL,OT,68.0,ACT,Timothy McKay,Timothy,McKay,2002-01-15,76,312,North Carolina,00-0040320,,,,,,,,,1.0,"https://static.www.nfl.com/image/upload/f_auto,q_auto/league/vkctfgulaeqdcs8dvkeb",MCK120859,58756,32004d43-4b12-0859-8d56-d6e9d5fa959e,2025.0,2025.0,
2026,WAS,DB,DB,37.0,ACT,Car'lin Vigers,Car'lin,Vigers,2000-08-16,74,200,Louisiana-Monroe; Independence Comm. College,00-0040322,,,,,,,,,1.0,"https://static.www.nfl.com/image/upload/f_auto,q_auto/league/qfzzvmakz9ixkjq2mxio",VIG201644,58758,32005649-4720-1644-90db-7fa4d3af5b14,2025.0,2025.0,
2026,JAX,WR,WR,15.0,ACT,Chandler Brayboy,Timothy,Brayboy,2001-08-20,73,199,Elon,00-0040323,,,,,,,,,1.0,"https://static.www.nfl.com/image/upload/f_auto,q_auto/league/xzulyshqq2qzewr682dr",BRA782543,58759,32004252-4178-2543-f162-c34445ff7313,2025.0,2025.0,
2026,JAX,LB,LB,50.0,ACT,Branson Combs,Branson,Combs,2000-07-14,75,228,Wake Forest,00-0040326,4572704,,,18871,105001,CombBr00,,,1.0,"https://static.www.nfl.com/image/upload/f_auto,q_auto/league/vw3vnd5qllxsvf6eeinn",COM059327,58762,3200434f-4d05-9327-3c01-6a93be4b2ec0,2025.0,2025.0,
2026,KC,LB,LB,40.0,ACT,Ethan Downs,Ethan,Downs,2002-10-13,76,263,Oklahoma,00-0040328,4431534,,,18677,144636,DownEt00,,,1.0,"https://static.www.nfl.com/image/upload/f_auto,q_auto/league/somszafluhppwnnplu8i",DOW675645,58764,3200444f-5767-5645-fce9-8234810e992b,2025.0,2025.0,
2026,JAX,DL,DE,95.0,ACT,BJ Green II,BJ,Green,2003-07-03,73,270,Colorado; Arizona State,00-0040329,4875266,514c5db0-249d-11f0-9b4f-d5662bbb2887,,19143,146277,GreeBJ00,26462,12910,1.0,"https://static.www.nfl.com/image/upload/f_auto,q_auto/league/ozs0yiy8cfhwplbjdgnd",GRE557088,58765,32004752-4555-7088-1c19-126ff9d8294c,2025.0,2025.0,
2026,JAX,TE,TE,88.0,ACT,Patrick Herbert,Patrick,Herbert,2000-10-18,77,255,Oregon,00-0040331,,,,,,,,,1.0,"https://static.www.nfl.com/image/upload/f_auto,q_auto/league/zo2u2fbfpywgurkpsyby",HER038815,58767,32004845-5203-8815-a64a-1bfb44bf1417,2025.0,2025.0,
2026,JAX,DB,CB,37.0,ACT,Jabbar Muhammad,Jabbar,Muhammad,2001-12-28,70,185,Oregon; Washington; Oklahoma State,00-0040336,,,,,,,,,1.0,"https://static.www.nfl.com/image/upload/f_auto,q_auto/league/ryqthadxg03cvsfnxkzn",MUH419677,58772,32004d55-4841-9677-49de-8b56adc51213,2025.0,2025.0,
2026,IND,WR,WR,83.0,ACT,Eli Pancol,Eli,Pancol,2000-07-07,75,205,Duke,00-0040337,4430288,2b89f6e0-249e-11f0-8ecb-33c8d222dbba,,18869,97995,PancEl00,26465,12909,1.0,"https://static.www.nfl.com/image/upload/f_auto,q_auto/league/pssq9ai6ocuu3qmz2yhn",PAN207645,58773,32005041-4e20-7645-bb04-5305183e6094,2025.0,2025.0,
2026,JAX,DL,DT,97.0,ACT,Keivie Rose,Del'Keiveon,Rose,2000-12-14,75,314,Arkansas; Louisiana Tech,00-0040338,,,,,,,,,1.0,"https://static.www.nfl.com/image/upload/f_auto,q_auto/league/mr3fkysxeytclkgovaqp",ROS249165,58774,3200524f-5324-9165-3bb2-86575b57c947,2025.0,2025.0,
2026,JAX,DB,DB,42.0,ACT,Cam'Ron Silmon-Craig,Cam'Ron,Silmon-Craig,2002-10-30,70,185,Colorado; Jackson State University,00-0040339,4877475,,,19147,150938,SilmCa00,,,1.0,"https://static.www.nfl.com/image/upload/f_auto,q_auto/league/sdlpu4khplzqtchb5syg",SIL614375,58775,32005349-4c61-4375-d1de-a433f74e7847,2025.0,2025.0,
2026,PIT,DB,DB,19.0,ACT,Doneiko Slaughter,Doneiko,Slaughter,2001-11-08,72,190,Arkansas; Tennessee,00-0040341,,,,,,,,,0.0,"https://static.www.nfl.com/image/upload/f_auto,q_auto/league/wnilm4cpu55aj3ovbcyi",SLA633314,58777,3200534c-4163-3314-8ce4-3f0aab34f4c3,2026.0,2026.0,
2026,JAX,DL,DE,92.0,ACT,Danny Striggow,Danny,Striggow,2002-07-24,77,255,Minnesota,00-0040342,4573319,,,19146,129668,StriDa01,,,1.0,"https://static.www.nfl.com/image/upload/f_auto,q_auto/league/qalm38ldbufzxr5lbbjk",STR438733,58778,32005354-5243-8733-99cd-a72817e4caea,2025.0,2025.0,
2026,IND,DB,DB,35.0,ACT,Johnathan Edwards,Johnathan,Edwards,2001-11-16,73,200,Tulane,00-0040347,4695991,,,19078,148086,EdwaJo00,,,1.0,"https://static.www.nfl.com/image/upload/f_auto,q_auto/league/hvshzsyqwcqqtfdltrpu",EDW536458,58783,32004544-5753-6458-2d88-b42bcd4a7b2e,2025.0,2025.0,
2026,TB,OL,OT,74.0,ACT,Marshall Foerner,Marshall,Foerner,2000-12-31,78,303,Minnesota State,00-0040349,,,,,,,,,0.0,"https://static.www.nfl.com/image/upload/f_auto,q_auto/league/yhpod0b52d9eccbodj4z",FOE489450,58785,3200464f-4548-9450-b3af-da96b2b9d3d5,2026.0,2026.0,
2026,IND,WR,WR,9.0,ACT,Coleman Owen,Coleman,Owen,2001-03-23,70,181,Ohio; Northern Arizona,00-0040352,4578436,a9afb800-23ba-11f0-aa7d-833b948e6c02,,18877,104969,OwenCo00,25893,12829,1.0,"https://static.www.nfl.com/image/upload/f_auto,q_auto/league/rvjkyuhymdjax5jk9bf6",OWE030572,58788,32004f57-4503-0572-7c0a-3b0f568b6430,2025.0,2025.0,
2026,IND,DB,SAF,41.0,ACT,Trey Washington,Samuel,Washington,2002-12-09,70,205,Mississippi,00-0040357,4599160,,,19084,146822,WashTr00,,,1.0,"https://static.www.nfl.com/image/upload/f_auto,q_auto/league/p3t9mxultgfpepu09sme",WAS778548,58793,32005741-5377-8548-9c99-1b10c596244f,2025.0,2025.0,
2026,CIN,OL,C,69.0,ACT,Jacob Bayer,Jacob,Bayer,2002-12-12,75,310,Arkansas State; Lamar,00-0040359,,,,,,,,,1.0,"https://static.www.nfl.com/image/upload/f_auto,q_auto/league/ry9kwdet7vtphldtlbqi",BAY031583,58795,32004241-5903-1583-b213-9c689f45cfd8,2025.0,2025.0,
2026,BUF,WR,WR,89.0,ACT,Stephen Gosnell,Stephen,Gosnell,2001-10-22,73,198,Virginia Tech; North Carolina,00-0040361,,,,,,,,,1.0,"https://static.www.nfl.com/image/upload/f_auto,q_auto/league/vx2otgbowqxosso6obxq",GOS110626,58797,3200474f-5311-0626-c82d-a8204d8faeaa,2025.0,2025.0,
2026,BUF,LB,LB,49.0,ACT,Keonta Jenkins,Keonta,Jenkins,2002-01-26,74,211,Virginia Tech,00-0040362,4577066,,,19099,123352,JenkKe01,,,1.0,"https://static.www.nfl.com/image/upload/f_auto,q_auto/league/dfm3e8943azsxp4zwpr7",JEN316179,58798,32004a45-4e31-6179-3f6c-fa5735e79005,2025.0,2025.0,
2026,BUF,TE,TE,83.0,ACT,Keleki Latu,Keleki,Latu,2002-08-13,78,249,Washington; Nevada,00-0040363,4688552,,,18906,146291,LatuKe00,,,1.0,"https://static.www.nfl.com/image/upload/f_auto,q_auto/league/yqhw4wguafosmzae7idl",LAT722766,58799,32004c41-5472-2766-be55-174e5be46e74,2025.0,2025.0,
2026,BUF,DB,SAF,30.0,ACT,Wande Owens,Wande,Owens,2001-03-26,71,205,New Hampshire; Yale,00-0040364,,,,,,,,,1.0,"https://static.www.nfl.com/image/upload/f_auto,q_auto/league/lwnaewgefyf9wj7cxaim",OWE809129,58800,32004f57-4580-9129-223b-71230954ac2b,2025.0,2025.0,
2026,CIN,DL,DT,95.0,ACT,Howard Cross III,Howard,Cross,2001-07-31,73,285,Notre Dame,00-0040369,4426992,,,18712,102726,CrosHo01,,,1.0,"https://static.www.nfl.com/image/upload/f_auto,q_auto/league/c14y9hq7dq3e6wfuiqi7",CRO506081,58808,32004352-4f50-6081-a229-4a11169252d5,2025.0,2025.0,
2026,MIN,OL,OT,79.0,ACT,Caleb Etienne,Caleb,Etienne,2001-08-29,79,329,BYU; Oklahoma State; Butler University,00-0040370,,,,,,,,,1.0,"https://static.www.nfl.com/image/upload/f_auto,q_auto/league/ndrwtf8uti3exonxfdqw",ETI207645,58809,32004554-4920-7645-d824-863f17b8a8a4,2025.0,2025.0,
2026,NE,DL,DT,95.0,ACT,Eric Gregory,Eric,Gregory,2000-09-13,75,319,Arkansas,00-0040371,4567171,,,18709,98930,GregEr00,,,1.0,"https://static.www.nfl.com/image/upload/f_auto,q_auto/league/ycfbf89kkgotgpldra6o",GRE740190,58810,32004752-4574-0190-e021-4af33e0dd7f9,2025.0,2025.0,
2026,CIN,DB,DB,21.0,ACT,Bralyn Lux,Bralyn,Lux,2000-08-28,70,180,Texas Tech,00-0040372,4575559,,,19054,97143,LuxxBr00,,,1.0,"https://static.www.nfl.com/image/upload/f_auto,q_auto/league/wvhkjnczs9xhzmhpjfhh",LUX415291,58811,32004c55-5841-5291-9514-6de5988e1aec,2025.0,2025.0,
2026,DET,OL,C,65.0,ACT,Seth McLaughlin,Seth,McLaughlin,2001-08-27,76,305,Ohio State; Alabama,00-0040374,,,,,,,,,1.0,"https://static.www.nfl.com/image/upload/f_auto,q_auto/league/u5n8uuqrhsvfznkoyjw6",MCL223284,58814,32004d43-4c22-3284-db2a-80f5b4311e96,2025.0,2025.0,
2026,CIN,WR,WR,14.0,ACT,Jordan Moore,Jordan,Moore,2002-04-18,72,191,Duke,00-0040375,4594444,5de30070-2302-11f0-991a-67346bf4b94b,,18944,143865,,26343,12761,1.0,"https://static.www.nfl.com/image/upload/f_auto,q_auto/league/a9qm0juzlx39ko41rpx8",MOO435446,58815,32004d4f-4f43-5446-14e2-a8215227f03e,2025.0,2025.0,
2026,CIN,LS,LS,46.0,ACT,William Wagner,William,Wagner,2000-12-20,74,240,Michigan,00-0040379,,,,,,,,,1.0,"https://static.www.nfl.com/image/upload/f_auto,q_auto/league/y7yfjyw559ytucyitpey",WAG692760,58820,32005741-4769-2760-94c8-ff31f438975a,2025.0,2025.0,
2026,CLE,OL,OT,63.0,ACT,Jeremiah Byers,Jeremiah,Byers,2001-03-23,76,320,Florida State; Texas-El Paso,00-0040380,,,,,,,,,1.0,"https://static.www.nfl.com/image/upload/f_auto,q_auto/league/ufiqygidltaok3whfqjc",BYE273861,58821,32004259-4527-3861-7d05-bd30a66a0d18,2025.0,2025.0,
2026,AZ,OL,OT,78.0,ACT,Josh Fryar,Josh,Fryar,2002-02-12,77,320,Ohio State,00-0040382,,,,,,,,,1.0,"https://static.www.nfl.com/image/upload/f_auto,q_auto/league/w0u0ymmb61jmfyihob2j",FRY375148,58823,32004652-5937-5148-3789-2626ebf7e2a3,2025.0,2025.0,
2026,AZ,WR,WR,39.0,ACT,Bryson Green,Bryson,Green,2002-12-30,73,207,Wisconsin; Oklahoma State,00-0040383,,,,,,,,,1.0,"https://static.www.nfl.com/image/upload/f_auto,q_auto/league/vziqwhb29cvo7a09935x",GRE110375,58824,32004752-4511-0375-2b82-882fd49e5c29,2025.0,2025.0,
2026,TB,DL,DL,92.0,ACT,Elijah Simmons,Elijah,Simmons,2001-07-26,73,334,Tennessee,00-0040384,4430478,,,18701,98915,SimmEl00,,,1.0,"https://static.www.nfl.com/image/upload/f_auto,q_auto/league/ilbr68buxdmb4lk0pa0h",SIM172038,58825,32005349-4d17-2038-6440-8b89afa0a765,2025.0,2025.0,
2026,DET,TE,TE,40.0,ACT,Zach Horton,Zach,Horton,2002-12-02,76,251,Indiana; James Madison,00-0040387,,,,,,,,,1.0,"https://static.www.nfl.com/image/upload/f_auto,q_auto/league/vpb6tgpghkvdjobzovqe",HOR725463,58828,3200484f-5272-5463-542a-c783b78b54dd,2025.0,2025.0,
2026,GB,WR,WR,84.0,ACT,Jakobie Keeney-James,Jakobie,Keeney-James,2000-09-26,72,190,UMass Amherst; Eastern Washington,00-0040388,5178972,,,18947,102578,KeenJa00,,,1.0,,KEE680560,58829,32004b45-4568-0560-3718-f63deecde1fb,2025.0,2025.0,
2026,DET,WR,WR,13.0,ACT,Jackson Meeks,Jackson,Meeks,2003-03-24,74,218,Syracuse,00-0040390,4602788,be223960-250a-11f0-8c61-8d480134500e,,18480,146714,MeekJa00,26281,12938,1.0,"https://static.www.nfl.com/image/upload/f_auto,q_auto/league/pbwk9dsn0fiwkms8jqvc",MEE518623,58831,32004d45-4551-8623-6e52-ed792df2cbae,2025.0,2025.0,
2026,DET,OL,OT,63.0,ACT,Mason Miller,Mason,Miller,2001-11-26,79,310,North Dakota State,00-0040391,,,,,,,,,1.0,"https://static.www.nfl.com/image/upload/f_auto,q_auto/league/icficnzlfy8fbve3cx1d",MIL421241,58832,32004d49-4c42-1241-7d6c-8a257f5daf68,2025.0,2025.0,
2026,DET,RB,RB,34.0,ACT,Kye Robichaux,Kye,Robichaux,2002-10-06,72,213,Boston College; Western Kentucky,00-0040393,,,,,,,,,1.0,"https://static.www.nfl.com/image/upload/f_auto,q_auto/league/oeqnigszlehzrmyxteb1",ROB361825,58834,3200524f-4236-1825-1e59-0f742f57cd41,2025.0,2025.0,
2026,CAR,RB,RB,34.0,ACT,Anthony Tyus III,Anthony,Tyus,2003-03-20,73,226,Ohio,00-0040394,,,,,,,,,1.0,,TYU415291,58835,32005459-5541-5291-a8ba-f4b18137ddd8,2025.0,2025.0,
2026,CAR,LB,LB,56.0,ACT,Jared Bartlett,Jared,Bartlett,2001-04-01,74,237,Cincinnati; West Virginia,00-0040395,,,,,,,,,1.0,,BAR751695,58836,32004241-5275-1695-9a8b-c3aaf3fbcaa0,2025.0,2025.0,
2026,NYJ,DB,SAF,35.0,ACT,Dean Clark,Dean,Clark,2001-06-01,73,206,Fresno State; Kent State,00-0040396,4426921,,,19074,97495,ClarDe03,,,1.0,"https://static.www.nfl.com/image/upload/f_auto,q_auto/league/p6jf4tbfaxal0x71dqvy",CLA254703,58837,3200434c-4125-4703-a66b-a80f6028858a,2025.0,2025.0,
2026,NYJ,DB,CB,33.0,ACT,Jordan Clark,Jordan,Clark,2001-04-22,69,184,Notre Dame; Arizona State,00-0040397,4429411,,,19075,97324,ClarJo00,,,1.0,"https://static.www.nfl.com/image/upload/f_auto,q_auto/league/lvdhuy33vubfxxtrnfyy",CLA392315,58838,3200434c-4139-2315-8696-dca197a9a692,2025.0,2025.0,
2026,NYJ,QB,QB,4.0,ACT,Brady Cook,Brady,Cook,2001-10-12,74,215,Missouri,00-0040398,4429435,4916c770-2501-11f0-aed8-c154e65d4269,,18482,124199,CookBr03,26084,12538,1.0,"https://static.www.nfl.com/image/upload/f_auto,q_auto/league/h8dnpq2fikpgnrnfiapx",COO012674,58839,3200434f-4f01-2674-9f08-fe944758464a,2025.0,2025.0,
2026,MIA,RB,RB,36.0,ACT,Donovan Edwards,Donovan,Edwards,2003-02-25,73,212,Michigan,00-0040400,4431536,162f3110-24fe-11f0-9c33-270dfe4c58dc,,18444,144917,,25755,12515,1.0,"https://static.www.nfl.com/image/upload/f_auto,q_auto/league/f92eymxwjffhifro5ckw",EDW329231,58841,32004544-5732-9231-65a3-395dc57c402e,2025.0,2025.0,
2026,NYJ,DL,DT,98.0,ACT,Payton Page,Payton,Page,2002-09-27,76,300,Clemson,00-0040404,4431582,,,18715,144131,PagePa00,,,1.0,"https://static.www.nfl.com/image/upload/f_auto,q_auto/league/g1ivzzgbgrffumq1gttf",PAG351357,58845,32005041-4735-1357-5131-4e0651cac8b9,2025.0,2025.0,
2026,NYJ,WR,WR,81.0,ACT,Jamaal Pritchett,Jamaal,Pritchett,2003-06-10,68,175,South Alabama; Tuskegee University,00-0040405,4892576,d9981370-2502-11f0-8ac8-c31e8098aeb4,,18857,155624,PritJa00,25913,12925,1.0,"https://static.www.nfl.com/image/upload/f_auto,q_auto/league/xl7cl9eyaul1rc1spbco",PRI782650,58846,32005052-4978-2650-b0ae-81936378f82f,2025.0,2025.0,
2026,NYJ,WR,WR,88.0,RES,Quentin Skinner,Quentin,Skinner,2001-12-24,77,195,Kansas,00-0040406,4613050,,,18908,122579,SkinQu00,,,1.0,"https://static.www.nfl.com/image/upload/f_auto,q_auto/league/opemnlou4xhxf1hf1d3j",SKI638685,58847,3200534b-4963-8685-129b-a6121e02993b,2025.0,2025.0,
2026,SEA,LB,LB,46.0,ACT,Ja'Markis Weston,Ja'Markis,Weston,2000-08-10,74,235,Florida,00-0040408,4567416,,,19071,98826,WestJa02,,,1.0,"https://static.www.nfl.com/image/upload/f_auto,q_auto/league/v41az1eczskjq29u2e9n",WES740600,58849,32005745-5374-0600-8aa9-2226f85fb01c,2025.0,2025.0,
2026,HOU,LS,LS,40.0,ACT,Austin Brinkman,Austin,Brinkman,2002-06-20,76,241,West Virginia,00-0040409,,,,,,,,,1.0,"https://static.www.nfl.com/image/upload/f_auto,q_auto/league/xpshpmoydqrru3vbug0k",BRI441666,58851,32004252-4944-1666-a5a9-daebd657443e,2025.0,2025.0,
2026,HOU,OL,OL,65.0,ACT,Eli Cox,Eli,Cox,2000-10-19,76,309,Kentucky,00-0040410,,,,,,,,,1.0,"https://static.www.nfl.com/image/upload/f_auto,q_auto/league/v5n0pkacxlhk01v8cues",COX196443,58852,3200434f-5819-6443-e8a6-09495e0619a5,2025.0,2025.0,
2026,HOU,DB,CB,28.0,ACT,Alijah Huzzie,Alijah,Huzzie,2001-01-16,70,195,North Carolina; East Tennessee State,00-0040411,4577494,,,18610,101807,HuzzAl00,,,1.0,"https://static.www.nfl.com/image/upload/f_auto,q_auto/league/wnunmzibn9qdxwp158rq",HUZ426541,58853,32004855-5a42-6541-cc25-ba07e83606bf,2025.0,2025.0,
2026,HOU,LB,LB,,ACT,K.C. Ossai,K.C.,Ossai,2002-11-05,74,241,Louisiana,00-0040413,,,,,,,,,1.0,"https://static.www.nfl.com/image/upload/f_auto,q_auto/league/wuteil048xz2di0jui4x",OSS044494,58856,32004f53-5304-4494-7b14-94eb54825ba4,2025.0,2025.0,
2026,HOU,DL,DT,53.0,ACT,Junior Tafuna,Timote,Tafuna,2001-02-27,75,305,Utah,00-0040414,,,,,,,,,1.0,"https://static.www.nfl.com/image/upload/f_auto,q_auto/league/kluphstygv3fovcdqfsq",TAF627023,58857,32005441-4662-7023-89f1-e34da8069daa,2025.0,2025.0,
2026,TB,QB,QB,16.0,ACT,Connor Bazelak,Connor,Bazelak,2000-09-22,75,225,Bowling Green; Indiana; Missouri,00-0040415,,,,,,,,,1.0,"https://static.www.nfl.com/image/upload/f_auto,q_auto/league/bac9zwjhpy5rbcr6zrug",BAZ447419,58859,32004241-5a44-7419-ee4b-ea21e0cb3a8f,2025.0,2025.0,
2026,TB,LB,LB,30.0,ACT,John Bullock,John,Bullock,2001-04-22,72,230,Nebraska,00-0040416,4569563,574e4ef0-2324-11f0-b336-c9f528e63216,,19056,101601,BullJo01,26360,12790,1.0,"https://static.www.nfl.com/image/upload/f_auto,q_auto/league/myb1grpfohovodjjzdb6",BUL520976,58860,32004255-4c52-0976-ee11-88581efe02e1,2025.0,2025.0,
2026,TB,OL,OT,70.0,ACT,Benjamin Chukwuma,Benjamin,Chukwuma,2001-05-08,78,310,Georgia State,00-0040417,,,,,,,,,1.0,"https://static.www.nfl.com/image/upload/f_auto,q_auto/league/gudosqnpwknrvvpaqjzg",CHU094693,58861,32004348-5509-4693-9ed8-800783e5d7d4,2025.0,2025.0,
2026,TB,WR,WR,85.0,ACT,Garrett Greene,Garrett,Greene,2001-10-12,71,201,West Virginia,00-0040419,,,,,,,,,1.0,"https://static.www.nfl.com/image/upload/f_auto,q_auto/league/nr3jzekdq18xokxuthth",GRE453435,58863,32004752-4545-3435-64c8-a89965741ce0,2025.0,2025.0,
2026,TB,OL,G,64.0,ACT,Nash Hutmacher,Nash,Hutmacher,2001-05-15,76,310,Nebraska,00-0040420,,,,,,,,,1.0,"https://static.www.nfl.com/image/upload/f_auto,q_auto/league/fn8r9etxyuyto9mm81fd",HUT575781,58864,32004855-5457-5781-ea66-a782041748d6,2025.0,2025.0,
2026,PHI,OL,C,75.0,ACT,Jake Majors,Jacob,Majors,2002-01-17,75,306,Texas,00-0040422,,,,,,,,,1.0,"https://static.www.nfl.com/image/upload/f_auto,q_auto/league/yauzfeeid35skelpfzwp",MAJ408915,58866,32004d41-4a40-8915-a5c0-eceb0760d9b8,2025.0,2025.0,
2026,TB,DB,DB,36.0,ACT,JJ Roberts,JJ,Roberts,2001-09-22,72,195,Marshall,00-0040425,,,,,,,,,1.0,,ROB217552,58869,3200524f-4221-7552-9bef-0417916b5dc3,2025.0,2025.0,
2026,TB,OL,G,66.0,ACT,Ben Scott,Ben,Scott,2001-01-09,77,310,Nebraska; Arizona State,00-0040427,,,,,,,,,1.0,"https://static.www.nfl.com/image/upload/f_auto,q_auto/league/hncw3pmytocnbpmbwlyh",SCO100670,58871,32005343-4f10-0670-fa03-ea498503f3a5,2025.0,2025.0,
2026,TB,RB,RB,18.0,ACT,Josh Williams,Josh,Williams,2000-06-09,68,210,LSU,00-0040429,4568024,bfb346f0-2318-11f0-81b8-b7cb2fd8d89b,,17919,99171,WillJo011,25302,12787,1.0,"https://static.www.nfl.com/image/upload/f_auto,q_auto/league/sdsmzjq9e7ccae9imvbm",WIL388436,58874,32005749-4c38-8436-49dc-8fa81a0fbe59,2025.0,2025.0,
2026,NYG,WR,WR,83.0,ACT,Dalen Cambre,Dalen,Cambre,2001-04-10,72,192,Louisiana,00-0040431,4570296,,,18878,102933,CambDa00,,,1.0,"https://static.www.nfl.com/image/upload/f_auto,q_auto/league/madcztlwaa3qwun36mui",CAM039778,58876,32004341-4d03-9778-7aff-18da966cd6e7,2025.0,2025.0,
2026,NYG,WR,WR,81.0,ACT,Beaux Collins,C.,Collins,2002-12-16,75,206,Notre Dame; Clemson,00-0040432,4431210,24597d60-247a-11f0-8324-3170fad3f2ab,,18648,144112,CollBe00,26091,12889,1.0,"https://static.www.nfl.com/image/upload/f_auto,q_auto/league/hmdciwdixqbmrh7nj9fy",COL513580,58877,3200434f-4c51-3580-8f34-fc898bbc9377,2025.0,2025.0,
2026,NYG,LB,LB,48.0,ACT,Trace Ford,Trace,Ford,2001-01-24,74,252,Oklahoma; Oklahoma State,00-0040434,,,,,,,,,1.0,"https://static.www.nfl.com/image/upload/f_auto,q_auto/league/dx426yfczlcz9ub7xkbz",FOR332702,58879,3200464f-5233-2702-4d17-8b79c0a2704d,2025.0,2025.0,
2026,MIA,OL,OT,,ACT,Marques Cox,Marques,Cox,1999-12-28,77,305,Kentucky; Northern Illinois,00-0040442,,,,,,,,,1.0,"https://static.www.nfl.com/image/upload/f_auto,q_auto/league/kj56dqvp8zp6tv7q8d8o",COX493156,58887,3200434f-5849-3156-e0dc-d868f07f9c8a,2025.0,2025.0,
2026,TEN,WR,WR,,ACT,Courtney Jackson,Courtney,Jackson,2001-03-13,71,189,Arkansas State,00-0040445,4565172,ce81b780-230d-11f0-912b-791b89a31e3d,,18860,99703,,26403,12772,1.0,"https://static.www.nfl.com/image/upload/f_auto,q_auto/league/qbww2dnr9cegartl95wq",JAC113978,58890,32004a41-4311-3978-1bee-e7ad08505893,2025.0,2025.0,
2026,DEN,LB,LB,47.0,ACT,Karene Reid,Karene,Reid,2000-02-19,72,227,Utah,00-0040449,4875336,ce3022d0-2312-11f0-bb1a-c5184cf675c9,,18733,146447,ReidKa00,26158,12781,1.0,"https://static.www.nfl.com/image/upload/f_auto,q_auto/league/jcv9wokifabbgw68ldu4",REI318585,58894,32005245-4931-8585-fc5e-435d1bca79cc,2025.0,2025.0,
2026,DEN,DB,CB,33.0,ACT,Jaden Robinson,Jaden,Robinson,2000-11-14,72,193,Oregon State,00-0040450,,,,,,,,,1.0,"https://static.www.nfl.com/image/upload/f_auto,q_auto/league/ljlermf1ershsab5h7px",ROB514878,58895,3200524f-4251-4878-3cf1-a33596c4f392,2025.0,2025.0,
2026,NO,OL,G,74.0,ACT,Xavier Truss,Xavier,Truss,2001-07-13,79,320,Georgia,00-0040451,,,,,,,,,1.0,"https://static.www.nfl.com/image/upload/f_auto,q_auto/league/dimz3zv8mumt0yyyrci4",TRU700783,58896,32005452-5570-0783-7f4a-1d930cdb8cc6,2025.0,2025.0,
2026,DEN,LB,LB,59.0,ACT,Johnny Walker Jr.,Johnny,Walker,2001-12-12,75,250,Missouri,00-0040452,,,,,,,,,1.0,"https://static.www.nfl.com/image/upload/f_auto,q_auto/league/j561gxyuezqwljey7wpn",WAL392062,58897,32005741-4c39-2062-d19e-c87da106840d,2025.0,2025.0,
2026,DEN,DL,DT,,ACT,Kristian Williams,Kristian,Williams,2000-12-05,74,295,Missouri,00-0040454,,,,,,,,,1.0,"https://static.www.nfl.com/image/upload/f_auto,q_auto/league/pcmupgmy22quzamlgpel",WIL415198,58899,32005749-4c41-5198-d6eb-548f8c7e7b83,2025.0,2025.0,
2026,LAC,DL,DT,96.0,ACT,TeRah Edwards,TeRah,Edwards,2001-06-03,74,305,Illinois; Northwestern,00-0040458,,,,,,,,,1.0,"https://static.www.nfl.com/image/upload/f_auto,q_auto/league/nwtaszujogtqvis0tco7",EDW694773,58903,32004544-5769-4773-ea5b-742308634489,2025.0,2025.0,
2026,LAC,LB,LB,58.0,ACT,Marlowe Wax,Marlowe,Wax,2002-12-13,73,236,Syracuse,00-0040460,4431467,f7296c40-23c2-11f0-9b0d-fd7bc65a922c,,18855,123057,WaxxMa00,26393,12835,1.0,"https://static.www.nfl.com/image/upload/f_auto,q_auto/league/fvei7bpdtr2uqk43loi3",WAX207645,58905,32005741-5820-7645-8f4e-76fb26c78ded,2025.0,2025.0,
2026,LAC,WR,WR,87.0,ACT,Luke Grimm,Luke,Grimm,2001-08-08,72,190,Kansas,00-0040461,4433830,d6933d60-238d-11f0-b20f-f13e07eacbeb,,18838,122561,GrimLu00,26354,12803,1.0,"https://static.www.nfl.com/image/upload/f_auto,q_auto/league/z7gsmzrifvq0luw2576h",GRI759978,58906,32004752-4975-9978-8663-03a0540c8d86,2025.0,2025.0,
2026,LAC,QB,QB,7.0,ACT,DJ Uiagalelei,DJ,Uiagalelei,2001-04-17,76,252,Florida State; Oregon State; Clemson,00-0040464,4429020,afaf9a70-2312-11f0-be9a-5f5a7ddcdf04,,18448,122162,UiagDJ00,23131,12773,1.0,"https://static.www.nfl.com/image/upload/f_auto,q_auto/league/e8mdfuh7skuez3kdmm4r",UIA415291,58909,32005549-4141-5291-4d37-ce1f118e7433,2025.0,2025.0,
2026,CLE,RB,RB,35.0,ACT,Raheim Sanders,Raheim,Sanders,2002-06-08,72,230,South Carolina; Arkansas,00-0040466,4601080,09b7c5d0-23ca-11f0-97f8-1902f784caec,,18526,146626,SandRa00,26080,12472,1.0,"https://static.www.nfl.com/image/upload/f_auto,q_auto/league/jkty8m7iqcjjfmrxhfub",SAN455028,58911,32005341-4e45-5028-b876-e95fddcc551a,2025.0,2025.0,
2026,LAC,OL,C,68.0,ACT,Josh Kaltenberger,Josh,Kaltenberger,2001-08-10,78,308,Maryland; Purdue,00-0040467,,,,,,,,,1.0,"https://static.www.nfl.com/image/upload/f_auto,q_auto/league/wgnuuiw7ox1nythfyx2q",KAL711617,58912,32004b41-4c71-1617-b41e-3f4340cbd94e,2025.0,2025.0,
2026,LAC,DB,CB,39.0,ACT,Eric Rogers,Eric,Rogers,2002-04-02,74,189,Rutgers,00-0040468,4433895,9c77de40-23cb-11f0-ba1d-ad6924f0cecc,,18852,130576,,26390,12840,1.0,"https://static.www.nfl.com/image/upload/f_auto,q_auto/league/vp71wf1cifs858iptgj2",ROG297923,58913,3200524f-4729-7923-86a2-51ee9ae1db92,2025.0,2025.0,
2026,LAC,DB,DB,46.0,ACT,Nikko Reed,Nikko,Reed,2003-03-03,70,180,Oregon; Colorado,00-0040471,4691043,441f06f0-23cc-11f0-aeb7-39a1d644c2f5,,18851,146321,ReedNi00,26355,12838,1.0,"https://static.www.nfl.com/image/upload/f_auto,q_auto/league/rcimuj4atlzsu4camzve",REE362111,58916,32005245-4536-2111-2e2f-dfe9829cb428,2025.0,2025.0,
2026,LAC,LB,LB,97.0,ACT,Garmon Randolph,Garmon,Randolph,2000-10-05,80,260,Baylor,00-0040472,,,,,,,,,1.0,"https://static.www.nfl.com/image/upload/f_auto,q_auto/league/omayedzlxndbmr7y3o0x",RAN531858,58917,32005241-4e53-1858-8650-f46a457fd4e0,2025.0,2025.0,
2026,LAC,DB,SAF,41.0,ACT,Myles Purchase,Myles,Purchase,2002-11-26,71,205,Iowa State,00-0040473,,,,,,,,,1.0,"https://static.www.nfl.com/image/upload/f_auto,q_auto/league/avkosuxipwnq7llaj8bz",PUR091133,58918,32005055-5209-1133-f291-c7bf373fa49c,2025.0,2025.0,
2026,DEN,OL,G,,ACT,Nash Jones,Nash,Jones,2002-03-29,76,314,Texas State-San Marcos,00-0040475,,,,,,,,,1.0,"https://static.www.nfl.com/image/upload/f_auto,q_auto/league/twbjd8yyveoogsnvgi8j",JON636474,58920,32004a4f-4e63-6474-8744-566f9e8beeb8,2025.0,2025.0,
2026,IND,RB,RB,37.0,ACT,Ulysses Bentley IV,Ulysses,Bentley,2000-12-30,70,200,Mississippi; SMU,00-0040476,4426689,f71d0370-23b2-11f0-b632-8947e146a0ae,,18640,97200,BentUl00,25967,12826,1.0,"https://static.www.nfl.com/image/upload/f_auto,q_auto/league/iw8g8cngrmp4ipcrdpwi",BEN718304,58921,32004245-4e71-8304-725d-aaba13d7a52b,2025.0,2025.0,
2026,LV,DL,DE,68.0,ACT,Treven Ma'ae,Treven,Ma'ae,2001-02-26,75,291,Baylor; Oregon,00-0040487,,,,,,,,,1.0,"https://static.www.nfl.com/image/upload/f_auto,q_auto/league/rjorj8cbnvardimhwjcl",MAA091071,58932,32004d41-4109-1071-4b00-1ba0603f960d,2025.0,2025.0,
2026,LV,TE,TE,84.0,ACT,Carter Runyon,Carter,Runyon,2001-07-23,76,243,Towson; Shenandoah University,00-0040488,5155825,,,18863,177002,RunyCa00,,,1.0,"https://static.www.nfl.com/image/upload/f_auto,q_auto/league/q8knlo3npxhjxiyyx4h6",RUN815876,58933,32005255-4e81-5876-7b46-c89f48159b35,2025.0,2025.0,
2026,LV,DB,CB,22.0,ACT,Greedy Vance,Greedy,Vance,2001-10-08,69,177,USC; Florida State; Louisville,00-0040489,4686337,e2d06080-254a-11f0-bf93-999a1fb5633c,,19158,122729,VancGr00,26487,13019,1.0,"https://static.www.nfl.com/image/upload/f_auto,q_auto/league/qrndx5zcq89jnz3vccyp",VAN332230,58934,32005641-4e33-2230-11c2-0d6ee06605c3,2025.0,2025.0,
2026,MIN,LB,LB,92.0,ACT,Tyler Batty,Tyler,Batty,1999-05-02,77,271,BYU,00-0040492,4608794,,,18680,122052,BattTy00,,,1.0,"https://static.www.nfl.com/image/upload/f_auto,q_auto/league/qr2chpkjx8to1a1x8ekj",BAT759312,58937,32004241-5475-9312-9225-c94ad5ee5df2,2025.0,2025.0,
2026,MIN,QB,QB,12.0,ACT,Max Brosmer,Max,Brosmer,2001-03-28,74,217,Minnesota; New Hampshire,00-0040494,4573398,921d4a00-230f-11f0-8931-09b8041f90bf,,18652,105568,BrosMa00,26083,12775,1.0,"https://static.www.nfl.com/image/upload/f_auto,q_auto/league/sp7hya1uwgvty3grdnjq",BRO199149,58939,32004252-4f19-9149-624d-7decc259d706,2025.0,2025.0,
2026,SEA,OL,OT,73.0,ACT,Logan Brown,Logan,Brown,2001-04-17,78,312,Kansas; Wisconsin,00-0040495,,,,,,,,,1.0,"https://static.www.nfl.com/image/upload/f_auto,q_auto/league/kygnqnnsfr6yzruueksi",BRO548859,58940,32004252-4f54-8859-c865-fcaab3f3eab0,2025.0,2025.0,
2026,MIN,LB,LB,32.0,ACT,Chaz Chambliss,Charles,Chambliss,2002-10-25,73,244,Georgia,00-0040496,4431520,5a00fa10-245c-11f0-bd01-e9abfbd27879,,18829,146728,ChamCh01,26311,12879,1.0,"https://static.www.nfl.com/image/upload/f_auto,q_auto/league/jrt7ihzpzhaqexxcilah",CHA158265,58941,32004348-4115-8265-b0b2-c6cde76b712e,2025.0,2025.0,
2026,MIN,WR,WR,19.0,ACT,Dontae Fleming,Dontae,Fleming,2001-11-28,74,180,Tulane,00-0040498,,,,,,,,,1.0,"https://static.www.nfl.com/image/upload/f_auto,q_auto/league/pkgo3zyb09fkoguackwb",FLE197756,58944,3200464c-4519-7756-6d4a-c7aea6b1eb3b,2025.0,2025.0,
2026,MIN,OL,G,60.0,ACT,Joe Huber,Joe,Huber,2002-05-02,77,310,Wisconsin,00-0040500,,,,,,,,,1.0,"https://static.www.nfl.com/image/upload/f_auto,q_auto/league/clnwellmhvxparvjkgxi",HUB679771,58946,32004855-4267-9771-19c0-a178428b7567,2025.0,2025.0,
2026,AZ,LB,LB,53.0,ACT,Austin Keys,Austin,Keys,2002-04-03,74,244,Auburn; Mississippi,00-0040501,4429185,,,18833,124137,KeysAu00,,,1.0,"https://static.www.nfl.com/image/upload/f_auto,q_auto/league/u4h08rpevr5barwyomuw",KEY455060,58947,32004b45-5945-5060-6fb1-c3bafb99dc5f,2025.0,2025.0,
2026,TEN,LB,LB,54.0,ACT,Dorian Mausi,Dorian,Mausi,2002-03-05,73,234,Auburn; Duke,00-0040503,,,,,,,,,1.0,"https://static.www.nfl.com/image/upload/f_auto,q_auto/league/ms9jnxwaub6b68urkzna",MAU663472,58949,32004d41-5566-3472-f78a-56c4f47ad0e7,2025.0,2025.0,
2026,MIN,TE,TE,83.0,ACT,Bryson Nesbit,Bryson,Nesbit,2002-09-25,77,228,North Carolina,00-0040504,,,,,,,,,1.0,"https://static.www.nfl.com/image/upload/f_auto,q_auto/league/w5qettgswh4jmf5h725f",NES034893,58950,32004e45-5303-4893-376b-85b28fb751f1,2025.0,2025.0,
2026,MIN,WR,WR,4.0,ACT,Myles Price,Myles,Price,2001-12-16,69,183,Indiana; Texas Tech,00-0040506,4430656,c17f53c0-25de-11f0-b2c4-1fd68bf02b2c,,19095,123155,PricMy00,26430,13075,1.0,"https://static.www.nfl.com/image/upload/f_auto,q_auto/league/xd9ciqvi9v0wyvsdh6nc",PRI261712,58952,32005052-4926-1712-805a-415e270f2a27,2025.0,2025.0,
2026,MIN,DB,CB,34.0,ACT,Zemaiah Vaughn,Zemaiah,Vaughn,2002-04-02,75,180,Utah,00-0040507,4695609,aae25a60-2514-11f0-b5d1-e9d1754063aa,,18836,131882,VaugZe00,26300,12942,1.0,"https://static.www.nfl.com/image/upload/f_auto,q_auto/league/eraljs5jzoevvbknhpqu",VAU674846,58953,32005641-5567-4846-ad48-fed8bb696697,2025.0,2025.0,
2026,MIN,TE,TE,85.0,ACT,Ben Yurosek,Benjamin,Yurosek,2002-03-17,76,251,Georgia; Stanford,00-0040509,4433959,1f3d48b0-2629-11f0-9dca-47cf7c5385b0,,18536,131786,YuroBe00,26274,13121,1.0,"https://static.www.nfl.com/image/upload/f_auto,q_auto/league/umrpo7rhywbzctgdb109",YUR564972,58955,32005955-5256-4972-5754-21794b077719,2025.0,2025.0,
2026,TEN,OL,OT,78.0,ACT,Brandon Crenshaw-Dickson,Brandon,Crenshaw-Dickson,2001-02-22,79,316,Florida; San Diego State,00-0040512,,,,,,,,,1.0,"https://static.www.nfl.com/image/upload/f_auto,q_auto/league/jxccvn2ucwos2vz3xdqj",CRE582702,58958,32004352-4558-2702-40b8-e782ec28784b,2025.0,2025.0,
2026,TEN,DL,DT,68.0,ACT,Cam Horsley,Cam,Horsley,2002-02-06,75,312,Boston College,00-0040517,,,,,,,,,1.0,"https://static.www.nfl.com/image/upload/f_auto,q_auto/league/ft6sw44uwc9nysur2h1d",HOR523584,58963,3200484f-5252-3584-ab9a-97d071865159,2025.0,2025.0,
2026,CIN,DB,CB,40.0,ACT,Jalen Kimber,Jalen,Kimber,2001-02-13,72,190,Penn State; Florida,00-0040518,,,,,,,,,1.0,"https://static.www.nfl.com/image/upload/f_auto,q_auto/league/rhtr92dfgxrdxpan37ej",KIM173037,58964,32004b49-4d17-3037-32db-8d43968dc0bc,2025.0,2025.0,
2026,TEN,WR,WR,87.0,ACT,Xavier Restrepo,Xavier,Restrepo,2002-04-12,70,202,Miami,00-0040522,4431353,3ac9d7c0-2560-11f0-af22-1731557928d7,,18466,122220,RestXa00,25926,12520,1.0,"https://static.www.nfl.com/image/upload/f_auto,q_auto/league/ig4zstror8jyd9s9igfd",RES564972,58968,32005245-5356-4972-bc22-d183ed3e5893,2025.0,2025.0,
2026,PIT,DB,SAF,49.0,ACT,Sebastian Castro,Sebastian,Castro,2000-10-14,71,203,Iowa,00-0040527,4426882,f38fa130-2516-11f0-861c-af2c02a86775,,17867,101402,CastSe01,26066,12955,1.0,"https://static.www.nfl.com/image/upload/f_auto,q_auto/league/cfkyx3r4lqt2j1ghimig",CAS813611,58973,32004341-5381-3611-9e55-08d9a0995265,2025.0,2025.0,
2026,PIT,TE,TE,45.0,ACT,JJ Galbreath,JJ,Galbreath,2001-08-05,76,240,South Dakota,00-0040528,,,,,,,,,1.0,"https://static.www.nfl.com/image/upload/f_auto,q_auto/league/txubf9waxy8pxoown8tw",GAL179539,58974,32004741-4c17-9539-fd67-5584195727f7,2025.0,2025.0,
2026,NYG,K,K,30.0,ACT,Ben Sauls,Ben,Sauls,2001-07-31,70,185,Pittsburgh,00-0040530,4566158,,,18744,123021,SaulBe00,,,1.0,"https://static.www.nfl.com/image/upload/f_auto,q_auto/league/ert4wflttmvtssck1qz4",SAU415288,58976,32005341-5541-5288-f2e5-b172753b0638,2025.0,2025.0,
2026,PIT,OL,OT,78.0,ACT,Aiden Williams,Aiden,Williams,2000-08-31,77,314,Duluth/University of Minnesota,00-0040533,,,,,,,,,1.0,,WIL134242,58979,32005749-4c13-4242-9fc2-e1882cb1bc7f,2025.0,2025.0,
2026,CIN,WR,WR,12.0,ACT,Ke'Shawn Williams,Ke'Shawn,Williams,2001-12-27,69,189,Indiana; Wake Forest,00-0040534,4570738,,,18841,123406,WillKe08,,,1.0,"https://static.www.nfl.com/image/upload/f_auto,q_auto/league/pqfs2u522zke7ax4qk3i",WIL407296,58980,32005749-4c40-7296-6bce-9c2f6d6e52e9,2025.0,2025.0,
2026,NO,DB,CB,37.0,ACT,Dalys Beanum,Dalys,Beanum,2002-10-12,73,200,South Dakota State,00-0040535,,,,,,,,,1.0,"https://static.www.nfl.com/image/upload/f_auto,q_auto/league/jowdpzqthdrodpnaewlq",BEA350583,58981,32004245-4135-0583-1057-23416989df25,2025.0,2025.0,
2026,NO,DB,SAF,35.0,ACT,Elliott Davison,Elliott,Davison,2001-12-19,72,190,Texas-San Antonio,00-0040537,,,,,,,,,1.0,"https://static.www.nfl.com/image/upload/f_auto,q_auto/league/unjlga7keohis0einr4j",DAV818343,58983,32004441-5681-8343-36a4-9a9f01f01f82,2025.0,2025.0,
2026,NO,OL,OT,73.0,ACT,Easton Kilty,Easton,Kilty,2002-05-01,78,307,Kansas State; North Dakota,00-0040539,,,,,,,,,1.0,"https://static.www.nfl.com/image/upload/f_auto,q_auto/league/kroxxckerpnh1lw7bk85",KIL777942,58985,32004b49-4c77-7942-d8ca-5deb47a1abaf,2025.0,2025.0,
2026,NO,OL,OL,68.0,ACT,Torricelli Simpkins III,Torricelli,Simpkins,2002-06-06,77,312,South Carolina; North Carolina Central,00-0040541,,,,,,,,,1.0,"https://static.www.nfl.com/image/upload/f_auto,q_auto/league/xhof0hsbncovhmhhvifd",SIM467996,58987,32005349-4d46-7996-72d3-0c52ffc6c2ad,2025.0,2025.0,
2026,ATL,DB,CB,37.0,ACT,Cobee Bryant,Jacobee,Bryant,2001-09-17,72,180,Kansas,00-0040546,4429324,c8584970-2478-11f0-b52e-75a660006007,,18598,144575,BryaCo02,26134,12603,1.0,"https://static.www.nfl.com/image/upload/f_auto,q_auto/league/krehmn2g4cxokjpcr6iw",BRY314399,58992,32004252-5931-4399-7e5f-199439eb6b6e,2025.0,2025.0,
2026,ATL,RB,RB,38.0,ACT,Nate Carter,Nate,Carter,2002-05-22,70,202,Michigan State; Connecticut,00-0040547,4605841,be0e5b20-2479-11f0-8e28-d7828261d278,,18894,147376,,26289,12897,1.0,"https://static.www.nfl.com/image/upload/f_auto,q_auto/league/eosjwyv1vlsfkztvgtnd",CAR716611,58993,32004341-5271-6611-864e-d83f3aae677e,2025.0,2025.0,
2026,CAR,OL,G,67.0,ACT,Joshua Gray,Joshua,Gray,2000-03-13,77,299,Oregon State,00-0040548,,,,,,,,,1.0,"https://static.www.nfl.com/image/upload/f_auto,q_auto/league/omq5nqjgc20u3f6skixc",GRA702227,58994,32004752-4170-2227-7356-7f8f75f78acb,2025.0,2025.0,
2026,CHI,DB,CB,27.0,ACT,Dontae Manning,Dontae,Manning,2001-09-17,70,190,Oregon,00-0040550,,,,,,,,,1.0,"https://static.www.nfl.com/image/upload/f_auto,q_auto/league/aaw63gnkmekiumxd6cqh",MAN469676,58996,32004d41-4e46-9676-7dde-1ed83b118d3c,2025.0,2025.0,
2026,WAS,WR,WR,,ACT,Nick Nash,Kenneth,Nash,1999-07-08,75,195,San Jose State,00-0040551,4570242,e3e4c450-2466-11f0-aa27-6de335b6b2a0,,18455,98679,NashNi00,25937,12478,1.0,"https://static.www.nfl.com/image/upload/f_auto,q_auto/league/ygbtjkrm5ie8xginvuaq",NAS384527,58997,32004e41-5338-4527-25f6-56e5009325dd,2025.0,2025.0,
2026,ATL,TE,TE,47.0,ACT,Joshua Simon,Joshua,Simon,2000-11-27,76,240,South Carolina; Western Kentucky,00-0040552,4430482,45892890-246c-11f0-9194-77c874aa65db,,18621,98358,SimoJo03,26117,12883,1.0,"https://static.www.nfl.com/image/upload/f_auto,q_auto/league/xg8dijx3kwxic6zzt9qo",SIM372625,58998,32005349-4d37-2625-33e7-84011da06afa,2025.0,2025.0,
2026,ATL,LB,LB,43.0,ACT,Malik Verdon,Malik,Verdon,2002-10-31,76,218,Iowa State,00-0040554,,,,,,,,,1.0,"https://static.www.nfl.com/image/upload/f_auto,q_auto/league/axhm7ipxigj44h2p8pae",VER109162,59000,32005645-5210-9162-dd69-0632eca5f06f,2025.0,2025.0,
2026,AZ,RB,RB,37.0,ACT,Corey Kiner,Corey,Kiner,2002-01-21,69,210,Cincinnati; LSU,00-0040556,4431431,c7483e80-2574-11f0-b082-a1e374c45b00,,18532,86392,KineCo00,25968,12491,1.0,"https://static.www.nfl.com/image/upload/f_auto,q_auto/league/zmoljkk7go5ztvqxje6u",KIN264267,59002,32004b49-4e26-4267-f80f-d33f06568a74,2025.0,2025.0,
2026,TEN,OL,G,67.0,ACT,Drew Moss,Drew,Moss,2003-05-21,75,303,Colorado State; Lamar,00-0040557,,,,,,,,,1.0,"https://static.www.nfl.com/image/upload/f_auto,q_auto/league/fmb5zsd9gtgntzdusfzw",MOS532340,59003,32004d4f-5353-2340-9e5b-34614a687bd0,2025.0,2025.0,
2026,GB,WR,WR,80.0,ACT,Isaiah Neyor,Isaiah,Neyor,2001-06-07,76,218,Nebraska; Texas; Wyoming,00-0040558,4428116,bf89ef00-2573-11f0-9c8e-d9b9894b443c,,18458,98033,NeyoIs00,26097,13074,1.0,"https://static.www.nfl.com/image/upload/f_auto,q_auto/league/nvzq4bmb8b5cwzqpxlp3",NEY415291,59004,32004e45-5941-5291-85ed-4a4e042d19fc,2025.0,2025.0,
2026,SF,DB,CB,43.0,ACT,Jakob Robinson,Jakob,Robinson,2000-10-04,70,181,BYU; Utah State,00-0040559,,,,,,,,,1.0,"https://static.www.nfl.com/image/upload/f_auto,q_auto/league/zwkasqlulqxwyvpogbxa",ROB515442,59005,3200524f-4251-5442-817d-f011c3f7ee09,2025.0,2025.0,
2026,SF,DL,DL,55.0,ACT,Sebastian Valdez,Sebastian,Valdez,2002-08-01,75,301,Washington; Montana State,00-0040560,,,,,,,,,1.0,"https://static.www.nfl.com/image/upload/f_auto,q_auto/league/cnb82o0pkp0k2ng5mrrp",VAL160491,59006,32005641-4c16-0491-2d61-7fb0987da2fc,2025.0,2025.0,
2026,NE,WR,WR,86.0,ACT,Efton Chism III,Efton,Chism,2001-10-26,70,198,Eastern Washington,00-0040563,4695193,6704a490-2534-11f0-a084-3df705a62310,,18889,141521,ChisEf00,25932,12542,1.0,"https://static.www.nfl.com/image/upload/f_auto,q_auto/league/zbnf3ujmwprzgjnwdtlo",CHI783860,59023,32004348-4978-3860-8729-f459bdd4507b,2025.0,2025.0,
2026,CLE,OL,OT,67.0,ACT,Jack Conley,John,Conley,2001-06-15,79,333,Boston College,00-0040564,,,,,,,,,1.0,"https://static.www.nfl.com/image/upload/f_auto,q_auto/league/ufkuy8z8udyhyp6vs7ue",CON242679,59024,3200434f-4e24-2679-aa2b-5a33d62a45e3,2025.0,2025.0,
2026,NE,DB,CB,39.0,ACT,Brandon Crossley,Brandon,Crossley,2001-01-17,71,185,SMU; Colorado State,00-0040565,,,,,,,,,1.0,"https://static.www.nfl.com/image/upload/f_auto,q_auto/league/bynazmw3ywfdijwhfo0t",CRO506082,59025,32004352-4f50-6082-dc8c-44eb63fa9e70,2025.0,2025.0,
2026,NE,TE,TE,81.0,ACT,CJ Dippre,CJ,Dippre,2002-04-29,77,256,Alabama; Maryland,00-0040566,4596545,e98ccf30-2531-11f0-b18c-b9f05412231c,,18474,144888,DippCJ00,25984,12984,1.0,"https://static.www.nfl.com/image/upload/f_auto,q_auto/league/reydfsjqpvtsns49epmz",DIP426541,59026,32004449-5042-6541-4af4-81c86e4bbe43,2025.0,2025.0,
2026,NE,RB,RB,46.0,ACT,Brock Lampe,Brock,Lampe,2003-03-31,73,249,Northern Illinois,00-0040567,,,,,,,,,1.0,"https://static.www.nfl.com/image/upload/f_auto,q_auto/league/i15tflx3f6fyk2hkrviq",LAM753502,59031,32004c41-4d75-3502-ba71-fdcff80730ab,2025.0,2025.0,
2026,NE,RB,RB,34.0,ACT,Lan Larison,Lan,Larison,2001-10-11,71,209,UC Davis,00-0040568,4698253,e2d48330-251e-11f0-aae1-fdfd5aa92d71,,18886,142157,LariLa00,25989,12969,1.0,"https://static.www.nfl.com/image/upload/f_auto,q_auto/league/mgfbtytmlq2sovsyedyp",LAR143372,59032,32004c41-5214-3372-653c-8da2b5bb6515,2025.0,2025.0,
2026,NE,WR,WR,29.0,ACT,Jeremiah Webb,Jeremiah,Webb,2001-05-17,71,198,South Alabama; South Dakota,00-0040570,,,,,,,,,1.0,"https://static.www.nfl.com/image/upload/f_auto,q_auto/league/dfay1nwxlijuhxbqcids",WEB203165,59039,32005745-4220-3165-238e-02ce01bb37ff,2025.0,2025.0,
2026,NYJ,WR,WR,,ACT,Gee Scott Jr.,Gee,Scott,2000-12-28,75,238,Ohio State,00-0040571,4429115,8b202ea0-2532-11f0-b529-67be36c4abe8,,17023,129756,ScotGe00,25329,12981,1.0,"https://static.www.nfl.com/image/upload/f_auto,q_auto/league/dhunquwydcerskffrcmk",SCO802881,59041,32005343-4f80-2881-9e7b-895ca5b7f252,2025.0,2025.0,
2026,NE,LB,LB,91.0,ACT,Elijah Ponder,Elijah,Ponder,2002-08-24,75,261,Cal Poly (San Luis Obispo),00-0040574,4688432,06f3c6b0-2531-11f0-99d5-ad898e6d4106,,19092,142819,PondEl02,26260,12978,1.0,"https://static.www.nfl.com/image/upload/f_auto,q_auto/league/pshxciepzu7pcditmb9a",PON417822,59045,3200504f-4e41-7822-ba62-fcf58ddc598f,2025.0,2025.0,
2026,ATL,LB,LB,11.0,ACT,Jalon Walker,Jalon,Walker,2004-02-24,74,245,Georgia,00-0040577,4685597,a1788f0e-f637-4333-846e-757b373b98a5,,18683,157070,WalkJa02,25998,12568,1.0,"https://static.www.nfl.com/image/upload/f_auto,q_auto/league/hfon24jti4vkgmvkbiqd",WAL201646,58217,32005741-4c20-1646-5f5f-33e320ac8536,2025.0,2025.0,ATL
2026,ATL,DL,DE,27.0,ACT,James Pearce Jr.,James,Pearce,2003-10-12,77,242,Tennessee,00-0040578,5081394,1a3a8a05-9418-48ba-910e-db87caf00bfe,,18657,163770,PearJa00,26017,12585,1.0,"https://static.www.nfl.com/image/upload/f_auto,q_auto/league/yu8dlxrhu7oog8kgnay7",PEA279289,58228,32005045-4127-9289-4a5c-1de3f930dfef,2025.0,2025.0,ATL
2026,CLE,LB,LB,49.0,ACT,Carson Schwesinger,Carson,Schwesinger,2003-02-24,75,242,UCLA,00-0040579,4876017,c81bb255-a30e-4488-9696-e624f0ff9042,,18717,146401,SchwCa00,26027,12578,1.0,"https://static.www.nfl.com/image/upload/f_auto,q_auto/league/ga2yg6qhxs12sqo6jvfz",SCH826491,58238,32005343-4882-6491-3eeb-f66a3ca23ab1,2025.0,2025.0,CLE
2026,LA,LB,LB,10.0,ACT,Josaiah Stewart,Josaiah,Stewart,2003-04-26,73,251,Michigan; Coastal Carolina,00-0040580,4682983,11a0dc4d-a8fa-44b4-a630-f2a0042268d6,,18662,147092,StewJo03,26203,12621,1.0,"https://static.www.nfl.com/image/upload/f_auto,q_auto/league/xuhdmqisxil9rvhurdpn",STE772441,58295,32005354-4577-2441-5080-41528845da37,2025.0,2025.0,LA
2026,LV,WR,WR,10.0,ACT,Dont'e Thornton Jr.,Dont'e,Thornton,2002-11-30,77,205,Tennessee; Oregon,00-0040581,4432775,483606b2-c0c9-4da2-8fcf-73d2615756c7,,18558,146547,ThorDo00,26102,12541,1.0,"https://static.www.nfl.com/image/upload/f_auto,q_auto/league/hlxztd3lpjaxtzojuxwh",THO801699,58313,32005448-4f80-1699-da64-33f3c8b0bd34,2025.0,2025.0,LV
2026,NYJ,WR,WR,82.0,ACT,Arian Smith,Arian,Smith,2001-10-11,72,179,Georgia,00-0040582,4429105,8c7c7f4c-f8cc-4e02-aa0f-f794a1afd6ae,,18646,124039,SmitAr01,26057,12539,1.0,"https://static.www.nfl.com/image/upload/f_auto,q_auto/league/asywvwrn6zhlidxothqn",SMI041251,58315,3200534d-4904-1251-9b42-a08f3a861b2a,2025.0,2025.0,NYJ
2026,HOU,RB,RB,4.0,ACT,Woody Marks,Jo'Quavious,Marks,2000-12-29,70,208,USC; Mississippi State,00-0040583,4429059,b900661b-b5df-47c8-819d-bb13b106a60b,,18449,124179,MarkWo00,25942,12474,1.0,"https://static.www.nfl.com/image/upload/f_auto,q_auto/league/pwvxisrnjitkkghkfcn3",MAR262884,58321,32004d41-5226-2884-e765-cb430266e649,2025.0,2025.0,HOU
2026,TEN,TE,TE,84.0,ACT,Gunnar Helm,Gunnar,Helm,2002-09-06,77,241,Texas,00-0040584,4686728,beb69cba-f240-43ed-88d3-50d066cf55d4,,18503,144726,HelmGu00,25962,12502,1.0,"https://static.www.nfl.com/image/upload/f_auto,q_auto/league/lcyqbbnrzgtbnirz8knj",HEL493059,58325,32004845-4c49-3059-9e89-11f76a704998,2025.0,2025.0,TEN
2026,LA,DL,DT,57.0,ACT,Ty Hamilton,Ty,Hamilton,2002-04-15,75,301,Ohio State,00-0040585,4431118,cf6d1752-4c9d-4960-ba59-74cdd16c332a,,18690,66298,HamiTy00,26220,12676,1.0,"https://static.www.nfl.com/image/upload/f_auto,q_auto/league/ehyuqjfrgtdsallsvoo0",HAM360450,58353,32004841-4d36-0450-ee10-d4ae78ee2bb2,2025.0,2025.0,LA
2026,DAL,RB,RB,23.0,ACT,Jaydon Blue,Jaydon,Blue,2004-01-08,69,198,Texas,00-0040586,4685279,f5e6eb8e-2c76-4bf9-b47f-57c62659341d,,18499,157303,BlueJa01,26038,12457,1.0,"https://static.www.nfl.com/image/upload/f_auto,q_auto/league/jhbmit7yp8dlhepncsvp",BLU326186,58354,3200424c-5532-6186-a82d-38322b898c1f,2025.0,2025.0,DAL
2026,PHI,OL,C,66.0,ACT,Drew Kendall,Andrew,Kendall,2001-11-27,76,308,Boston College,00-0040587,,,,,,,,,1.0,"https://static.www.nfl.com/image/upload/f_auto,q_auto/league/vhoqwm65mse0lznn0cdd",KEN036858,58373,32004b45-4e03-6858-2039-398efc40a73c,2025.0,2025.0,PHI
2026,SEA,LB,LB,49.0,ACT,Pooh Paul Jr.,Christopher,Paul,2002-11-04,73,235,Mississippi,00-0040588,4602943,6e74b967-c938-44d8-97df-c15086086938,,18493,146640,PaulCh01,26028,12659,1.0,,PAU534319,58377,32005041-5553-4319-1f74-82ed87167bef,2025.0,2025.0,LA
2026,SF,QB,QB,14.0,ACT,Kurtis Rourke,Kurtis,Rourke,2000-10-25,76,221,Indiana,00-0040589,4430431,1b412617-dee5-4c07-bdfc-e26eeff7fe80,,18565,97998,RourKu01,26087,12477,1.0,"https://static.www.nfl.com/image/upload/f_auto,q_auto/league/my8ws9pavzbxxfulajzd",ROU266938,58432,3200524f-5526-6938-2bf5-3db923fa6a15,2025.0,2025.0,SF
2026,LA,WR,WR,15.0,ACT,Konata Mumpfield,Konata,Mumpfield,2002-10-24,73,188,Pittsburgh; Akron,00-0040590,4710855,ccb6d700-ac74-4f6b-9f86-d1aa74d0c318,,17081,145598,MumpKo00,25001,12718,1.0,"https://static.www.nfl.com/image/upload/f_auto,q_auto/league/psy72cl8ko1zp7vkbvga",MUM478130,58447,32004d55-4d47-8130-a5b3-cf5623c5e8e2,2025.0,2025.0,LA
2026,NE,OL,G,63.0,ACT,Mehki Butler,Mehki,Butler,2001-04-03,75,310,Arkansas State; Iowa Western CC,00-0040593,,,,,,,,,1.0,"https://static.www.nfl.com/image/upload/f_auto,q_auto/league/urjyj3poyxigrmdelral",BUT491832,59022,32004255-5449-1832-6201-3d18c41a3bfb,2025.0,2025.0,
2026,LA,DL,DE,97.0,ACT,Bill Norton,Bill,Norton,2000-07-07,78,335,Texas; Arizona; Georgia,00-0040595,,,,,,,,,1.0,"https://static.www.nfl.com/image/upload/f_auto,q_auto/league/pdymsgwew6ewkz86h4v5",NOR613259,59050,32004e4f-5261-3259-9f4d-f06fa29bbbc9,2025.0,2025.0,
2026,LA,WR,WR,81.0,ACT,Brennan Presley,Brennan,Presley,2002-02-02,68,174,Oklahoma State,00-0040597,4431342,ec0ecae0-254c-11f0-85e6-ad6d4b9a9b15,,18919,122982,PresBr00,26531,13011,1.0,"https://static.www.nfl.com/image/upload/f_auto,q_auto/league/v7icmaojyjhfbjs8htfx",PRE312725,59052,32005052-4531-2725-a374-fb3c6e3c3b00,2025.0,2025.0,
2026,LA,TE,TE,83.0,ACT,Mark Redman,Mark,Redman,2002-01-20,77,258,Louisville; San Diego State,00-0040598,,,,,,,,,1.0,"https://static.www.nfl.com/image/upload/f_auto,q_auto/league/zhdcvywhsc1unxrigei4",RED508149,59053,32005245-4450-8149-8051-47bddfffa4cd,2025.0,2025.0,
2026,LA,DB,SAF,43.0,ACT,Nate Valcarcel,Nate,Valcarcel,2002-05-23,73,194,Northern Illinois; South Dakota,00-0040600,,,,,,,,,1.0,"https://static.www.nfl.com/image/upload/f_auto,q_auto/league/thqpbpisffyuqayu4kbx",VAL120892,59055,32005641-4c12-0892-5e9f-471431123732,2025.0,2025.0,
2026,LA,RB,RB,32.0,ACT,Jordan Waters,Jordan,Waters,2000-12-18,72,225,N.C. State; Duke,00-0040601,,,,,,,,,0.0,"https://static.www.nfl.com/image/upload/f_auto,q_auto/league/e4wssbyzdg3mhubgaxxk",WAT099841,59056,32005741-5409-9841-6dab-e11636908f8c,2026.0,2026.0,
2026,LA,WR,WR,14.0,ACT,Mario Williams,Mario,Williams,2003-01-21,69,178,Tulane; Oklahoma,00-0040603,4431618,394f23d0-254e-11f0-85e6-ad6d4b9a9b15,,18926,144620,WillMa13,26535,13001,0.0,"https://static.www.nfl.com/image/upload/f_auto,q_auto/league/r7tur9xcolejune4ao6h",WIL431228,59058,32005749-4c43-1228-270a-2037a4f40d4a,2026.0,2026.0,
2026,LV,DL,DE,91.0,ACT,Jahfari Harvey,Jahfari,Harvey,2001-05-02,74,255,SMU; Miami,00-0040604,4427408,,,19113,98118,HarvJa00,,,1.0,"https://static.www.nfl.com/image/upload/f_auto,q_auto/league/nbkouemkxdpjax4c4lsl",HAR775615,59059,32004841-5277-5615-2e92-275bc86293b7,2025.0,2025.0,
2026,LA,WR,WR,82.0,ACT,Tru Edwards,Tru,Edwards,2001-06-09,75,211,Louisiana Tech; Hawaii; Navarro,00-0040609,,,,,,,,,1.0,"https://static.www.nfl.com/image/upload/f_auto,q_auto/league/bsiofbdcxgztaednygqx",EDW727782,59064,32004544-5772-7782-3e70-a4c9a182e3e9,2025.0,2025.0,
2026,LA,OL,G,60.0,ACT,Wyatt Bowles,Wyatt,Bowles,2000-01-28,77,312,Utah State,00-0040611,,,,,,,,,1.0,"https://static.www.nfl.com/image/upload/f_auto,q_auto/league/hi0rzuafk9ptocnymn2t",BOW394525,59066,3200424f-5739-4525-fb75-84dec1ccb242,2025.0,2025.0,
2026,LA,LB,LB,56.0,ACT,Shaun Dolac,Shaun,Dolac,2001-09-14,73,222,Buffalo,00-0040613,4693848,36206400-254c-11f0-85e6-ad6d4b9a9b15,,18913,130406,DolaSh00,26306,13000,1.0,"https://static.www.nfl.com/image/upload/f_auto,q_auto/league/f7nr5g6gntkjbnybt14c",DOL039551,59068,3200444f-4c03-9551-2ab3-5f9bcd179974,2025.0,2025.0,
2026,CLE,WR,WR,81.0,ACT,Luke Floriea,Luke,Floriea,2001-10-23,68,180,Kent State,00-0040617,4566157,831ba100-2f3a-11f0-81fd-056e0ea5cac0,,19111,130491,FlorLu00,26672,13189,1.0,"https://static.www.nfl.com/image/upload/f_auto,q_auto/league/boxgpizulptcax2vb0pw",FLO204505,59072,3200464c-4f20-4505-d08f-350489b0507b,2025.0,2025.0,
2026,PIT,RB,RB,84.0,ACT,Max Hurleman,Max,Hurleman,2001-10-19,71,200,Notre Dame; Colgate,00-0040618,,,,,,,,,1.0,"https://static.www.nfl.com/image/upload/f_auto,q_auto/league/hww3l2dnhxaiahrw37st",HUR243549,59073,32004855-5224-3549-65f9-8f02cac89e74,2025.0,2025.0,
2026,SEA,WR,WR,87.0,ACT,Montorie Foster Jr,Montorie,Foster,2001-08-03,71,188,Michigan State,00-0040621,,,,,,,,,1.0,"https://static.www.nfl.com/image/upload/f_auto,q_auto/league/qkyl0pfhi4pmzdtodu9k",FOS782501,59076,3200464f-5378-2501-ef0b-5eba9d20b249,2025.0,2025.0,
2026,MIN,DL,DE,99.0,ACT,Elijah Williams,Elijah,Williams,2002-09-09,75,298,Morgan State,00-0040624,4696782,,,19124,138526,WillEl00,,,1.0,"https://static.www.nfl.com/image/upload/f_auto,q_auto/league/otbqrjttpts6xctkdzez",WIL256460,59079,32005749-4c25-6460-49c7-d06cf81ca5d9,2025.0,2025.0,
2026,TB,LB,LB,53.0,ACT,Nick Jackson,Nick,Jackson,2001-01-05,72,235,Iowa; Virginia,00-0040625,4568492,6a44a840-2e93-11f0-a004-9b104c40906f,,19110,98640,JackNi00,26669,13187,1.0,"https://static.www.nfl.com/image/upload/f_auto,q_auto/league/j1tpfwt373szwooa1cdq",JAC432215,59080,32004a41-4343-2215-6333-af34797000f5,2025.0,2025.0,
2026,GB,TE,TE,49.0,ACT,Drake Dabney,Drake,Dabney,2002-05-14,77,246,TCU; Baylor,00-0040628,4429466,,,19137,122264,DabnDr00,,,1.0,"https://static.www.nfl.com/image/upload/f_auto,q_auto/league/zhbm42fl9vheduggznpa",DAB423277,59083,32004441-4242-3277-7334-01b009862fb0,2025.0,2025.0,
2026,LAC,WR,WR,81.0,ACT,Dalevon Campbell,Dalevon,Campbell,2001-12-05,76,220,South Carolina,00-0040629,4569372,10e1f570-2f6d-11f0-83ff-1b0af9d7582e,,19125,101711,CampDa01,26683,13202,1.0,"https://static.www.nfl.com/image/upload/f_auto,q_auto/league/lmdwuz4anz0nhbaeewmm",CAM219717,59084,32004341-4d21-9717-b933-6f54433bc2b5,2025.0,2025.0,
2026,PHI,OL,G,61.0,ACT,Willie Lampkin,Willie,Lampkin,2002-01-22,71,290,North Carolina; Coastal Carolina,00-0040631,,,,,,,,,1.0,"https://static.www.nfl.com/image/upload/f_auto,q_auto/league/w5ynsd9m4tgil5tdhx5j",LAM766781,59086,32004c41-4d76-6781-4f0d-57a87b01c841,2025.0,2025.0,
2026,DEN,LB,LB,55.0,ACT,Jordan Turner,Jordan,Turner,2001-12-13,73,231,Michigan State; Wisconsin,00-0040634,4693373,,,19139,129932,TurnJo00,,,1.0,"https://static.www.nfl.com/image/upload/f_auto,q_auto/league/epacfen9zva0gpsveb66",TUR527374,59089,32005455-5252-7374-df33-766df751323a,2025.0,2025.0,
2026,BAL,DB,CB,38.0,ACT,Keyon Martin,Keyon,Martin,2001-05-16,69,170,Louisiana-Lafayette; Youngstown State,00-0040636,,,,,,,,,1.0,"https://static.www.nfl.com/image/upload/f_auto,q_auto/league/drg6ppedf9zg66vgfpdr",MAR672631,59091,32004d41-5267-2631-150d-74708d0915d3,2025.0,2025.0,
2026,BAL,RB,RB,47.0,ACT,Lucas Scott,Lucas,Scott,2003-08-25,75,290,Army,00-0040637,,,,,,,,,1.0,"https://static.www.nfl.com/image/upload/f_auto,q_auto/league/fczsn4gxvqg2a99hlkdy",SCO505260,59092,32005343-4f50-5260-7522-f47d795ac9ac,2025.0,2025.0,
2026,SEA,OL,G,76.0,ACT,Grey Zabel,Grey,Zabel,2002-03-30,78,316,North Dakota State,00-0040639,,,,,,,,,1.0,"https://static.www.nfl.com/image/upload/f_auto,q_auto/league/k8sitrpdklde1rt9blbg",ZAB207645,58220,32005a41-4220-7645-264b-c5c0ef13a11f,2025.0,2025.0,SEA
2026,KC,DL,DE,97.0,ACT,Ashton Gillotte,Ashton,Gillotte,2002-10-30,75,270,Louisville,00-0040640,4684432,ccc1bab9-c77d-4d01-857f-9b240b86301a,,18667,144154,GillAs00,26125,12623,1.0,"https://static.www.nfl.com/image/upload/f_auto,q_auto/league/kosxaikscmzp69msssey",GIL701500,58271,32004749-4c70-1500-8de3-dd5b3d0b145d,2025.0,2025.0,KC
2026,LV,DB,CB,26.0,ACT,Darien Porter,Darien,Porter,2001-01-06,74,195,Iowa State,00-0040641,4430330,8a80dfe2-96c3-4183-89a9-b2525917c263,,18589,99553,PortDa00,26078,12584,1.0,"https://static.www.nfl.com/image/upload/f_auto,q_auto/league/ypukflc6tvt4usvyouhk",POR120556,58273,3200504f-5212-0556-cd68-db6446ff4815,2025.0,2025.0,LV
2026,NO,DL,DT,91.0,ACT,Vernon Broughton,Vernon,Broughton,2001-07-15,77,311,Texas,00-0040642,4429040,899433ed-9e60-4786-ac45-32c415da04c0,,18699,123107,BrouVe00,26122,12618,1.0,"https://static.www.nfl.com/image/upload/f_auto,q_auto/league/v5nxtujwmtvpdiqk8hrz",BRO316291,58276,32004252-4f31-6291-a52f-b18369ea668d,2025.0,2025.0,NO
2026,NO,DB,SAF,33.0,ACT,Jonas Sanker,Jonas,Sanker,2001-11-23,73,210,Virginia,00-0040643,4683813,910ab530-d255-47be-b041-135ee92b1abf,,18628,151097,SankJo00,26159,12619,1.0,"https://static.www.nfl.com/image/upload/f_auto,q_auto/league/hsimdzcratj6wt0gzra8",SAN739788,58298,32005341-4e73-9788-7bc9-1e56569fe58b,2025.0,2025.0,NO
2026,CAR,RB,RB,23.0,ACT,Trevor Etienne,Trevor,Etienne,2004-07-09,68,198,Georgia; Florida,00-0040644,4685350,39e2d13c-0fb7-465f-ad8b-0b4bb73e1124,,18506,157730,EtieTr01,25948,12531,1.0,"https://static.www.nfl.com/image/upload/f_auto,q_auto/league/futkvr4juiazofhntj0p",ETI437791,58319,32004554-4943-7791-4962-5844d8327012,2025.0,2025.0,CAR
2026,AZ,LB,LB,0.0,ACT,Cody Simon,Cody,Simon,2002-04-01,74,229,Ohio State,00-0040645,4429071,bb0b9a85-f3f0-40e5-86fe-0434494caf17,,18723,129757,SimoCo01,26074,12648,1.0,"https://static.www.nfl.com/image/upload/f_auto,q_auto/league/v9vqu3cfhinzlpsua99j",SIM360678,58320,32005349-4d36-0678-3e3e-c61679fe28bd,2025.0,2025.0,ARI
2026,KC,WR,WR,11.0,ACT,Jalen Royals,Jalen,Royals,2003-02-18,72,195,Utah State,00-0040646,5082630,0ef78810-a38b-4444-b3b9-fb8b293c567d,,18550,163442,RoyaJa00,25911,12505,1.0,"https://static.www.nfl.com/image/upload/f_auto,q_auto/league/x1t7v5nl0zwkjqucmnfw",ROY507380,58338,3200524f-5950-7380-77a0-3988bf7eb552,2025.0,2025.0,KC
2026,SEA,DL,DT,98.0,ACT,Rylie Mills,Rylie,Mills,2001-08-20,77,296,Notre Dame,00-0040647,4430838,29a06739-05aa-45e9-ba8f-cb4a7e7d975a,,18697,122907,MillRy02,26193,12680,1.0,"https://static.www.nfl.com/image/upload/f_auto,q_auto/league/ce84r98k33mvy9kjqtsa",MIL718484,58347,32004d49-4c71-8484-5505-140b187be8b2,2025.0,2025.0,SEA
2026,SEA,WR,WR,15.0,ACT,Tory Horton,Tory,Horton,2002-11-29,74,196,Colorado State; Nevada,00-0040648,4597703,66dd47a3-fb5d-434f-a580-b2069e2904f8,,17772,128232,HortTo00,24989,12497,1.0,"https://static.www.nfl.com/image/upload/f_auto,q_auto/league/vpgs86vlcp3gejw6tget",HOR714724,58371,3200484f-5271-4724-279c-0b867b4b01d4,2025.0,2025.0,SEA
2026,SEA,RB,RB,40.0,ACT,Robbie Ouzts,Robbie,Ouzts,2002-09-06,75,274,Alabama,00-0040649,4691688,fc472cd5-1a00-4bd9-ab41-6eb7e50f0d21,,18624,146594,OuztRo00,26124,12656,1.0,"https://static.www.nfl.com/image/upload/f_auto,q_auto/league/bbgpfhy0vssgu6vkfzs8",OUZ415291,58380,32004f55-5a41-5291-bbd8-aed11b76da30,2025.0,2025.0,SEA
2026,SEA,OL,G,77.0,ACT,Bryce Cabeldue,Bryce,Cabeldue,2001-09-04,76,308,Kansas,00-0040650,,,,,,,,,1.0,"https://static.www.nfl.com/image/upload/f_auto,q_auto/league/vstidnrvwrdawcyjk1h3",CAB038334,58397,32004341-4203-8334-b1d6-3630665765ee,2025.0,2025.0,SEA
2026,GB,RB,RB,26.0,ACT,Damien Martinez,Damien,Martinez,2004-01-31,72,217,Miami; Oregon State,00-0040651,4808830,487da97d-a1e8-4a1f-9b43-085944ea1a44,,18528,162437,MartDa02,26029,12462,1.0,"https://static.www.nfl.com/image/upload/f_auto,q_auto/league/cx7us9eu6fa8rmp6yszj",MAR777006,58428,32004d41-5277-7006-810f-dff0455aee93,2025.0,2025.0,SEA
2026,SEA,OL,G,78.0,ACT,Mason Richman,Mason,Richman,2002-05-07,77,307,Iowa,00-0040652,,,,,,,,,1.0,"https://static.www.nfl.com/image/upload/f_auto,q_auto/league/cvdmxwxpjjlz00qgzfjc",RIC695415,58439,32005249-4369-5415-1b7c-053cb2c299de,2025.0,2025.0,SEA
2026,SEA,WR,WR,86.0,ACT,Ricky White III,Ricky,White,2002-02-06,73,181,UNLV; Michigan State,00-0040653,4431479,f2e485f8-ba20-4c1c-b279-41dcdcb28d03,,18560,129639,WhitRi01,25010,12475,1.0,"https://static.www.nfl.com/image/upload/f_auto,q_auto/league/sgtcxvsg5m0s6rdizjfb",WHI646827,58443,32005748-4964-6827-9db0-b02505584697,2025.0,2025.0,SEA
2026,HOU,P,P,38.0,ACT,Kai Kroeger,Kai,Kroeger,2002-06-11,76,213,South Carolina,00-0040654,4570033,3c7ff710-3033-11f0-b09b-fd94c3491d36,,19186,124245,KroeKa00,26692,13215,1.0,"https://static.www.nfl.com/image/upload/f_auto,q_auto/league/uc7y2ptipriskzxvnrwv",KRO031945,58855,32004b52-4f03-1945-6bfa-ecf2f51de36c,2025.0,2025.0,
2026,MIA,DL,DE,97.0,ACT,Keith Cooper Jr.,Keith,Cooper,2003-03-30,77,280,Houston; Tulane,00-0040655,,,,,,,,,1.0,"https://static.www.nfl.com/image/upload/f_auto,q_auto/league/tsr4nvxl1xnbcds25pof",COO634816,59008,3200434f-4f63-4816-c1d3-2d4906a2ac77,2025.0,2025.0,
2026,BAL,LB,LB,56.0,ACT,Kaimon Rucker,Kaimon,Rucker,2002-02-28,74,265,North Carolina,00-0040658,,,,,,,,,1.0,"https://static.www.nfl.com/image/upload/f_auto,q_auto/league/ifytwfrz9p8m1nv2zyfl",RUC581405,59095,32005255-4358-1405-9fb8-24bcc82ed1b6,2025.0,2025.0,
2026,SF,DB,SAF,40.0,ACT,Derrick Canteen,Derrick,Canteen,2001-04-02,70,193,Cincinnati; Virginia Tech,00-0040659,,,,,,,,,1.0,"https://static.www.nfl.com/image/upload/f_auto,q_auto/league/s2tikaexxnje11kof81u",CAN745747,59098,32004341-4e74-5747-efee-40f180bd4d7d,2025.0,2025.0,
2026,SF,DL,DE,98.0,ACT,Mykel Williams,Mykel,Williams,2004-06-29,77,267,Georgia,00-0040660,4685623,b53b3aa5-5ef4-4d54-a4f1-8be678e980d2,,18584,157061,WillMy00,25996,12602,1.0,"https://static.www.nfl.com/image/upload/f_auto,q_auto/league/glewua5vtcbfvbm6j8s3",WIL454914,58213,32005749-4c45-4914-9119-2392d0f4f0ef,2025.0,2025.0,SF
2026,MIN,OL,G,74.0,ACT,Donovan Jackson,Donovan,Jackson,2002-12-04,76,324,Ohio State,00-0040661,,,,,,,,,1.0,"https://static.www.nfl.com/image/upload/f_auto,q_auto/league/mkim8wtzxniexhbrobrv",JAC135702,58226,32004a41-4313-5702-a725-08f5f02e4781,2025.0,2025.0,MIN
2026,PHI,DL,DT,95.0,ACT,Ty Robinson,Ty,Robinson,2001-05-03,77,288,Nebraska,00-0040662,4569586,193ab2af-e24e-4abc-aad7-196328445984,,18688,101446,RobiTy02,26222,12651,1.0,"https://static.www.nfl.com/image/upload/f_auto,q_auto/league/qsrpqkqp4bqrtpgk6bqa",ROB712647,58316,3200524f-4271-2647-a562-26cb8f3e43dd,2025.0,2025.0,PHI
2026,CLE,TE,TE,44.0,ACT,Harold Fannin Jr.,Harold,Fannin,2004-07-20,76,241,Bowling Green,00-0040663,5083076,8bdf2df7-b51c-4404-b153-8dc62b1e0845,,18472,163104,FannHa00,25870,12506,1.0,"https://static.www.nfl.com/image/upload/f_auto,q_auto/league/fxublmpnxx9uggsddwik",FAN288395,58272,32004641-4e28-8395-3765-a6a5bade7bb1,2025.0,2025.0,CLE
2026,LAC,RB,RB,8.0,ACT,Omarion Hampton,Omarion,Hampton,2003-03-16,72,220,North Carolina,00-0040666,4685382,3e1b7908-79ee-4a23-97b9-5190725a2e5e,,18445,162750,HampOm00,25956,12507,1.0,"https://static.www.nfl.com/image/upload/f_auto,q_auto/league/ck7xcbwuka7wu2zwhssk",HAM773946,58224,32004841-4d77-3946-bc04-1f7201601885,2025.0,2025.0,LAC
2026,GB,WR,WR,0.0,ACT,Matthew Golden,Matthew,Golden,2003-08-01,71,191,Texas; Houston,00-0040667,4701936,d1963360-c011-4764-9a36-9e627073f68f,,18500,156165,GoldMa02,25922,12501,1.0,"https://static.www.nfl.com/image/upload/f_auto,q_auto/league/gkbhlytvkltv5whjo3ru",GOL068614,58225,3200474f-4c06-8614-8bd5-a546b4ab4775,2025.0,2025.0,GB
2026,CLE,QB,QB,2.0,ACT,Shedeur Sanders,Shedeur,Sanders,2002-02-07,74,212,Colorado; Jackson State University,00-0040668,4432762,270e09bc-8bf8-44b0-87ed-1fd014de4ab7,,18479,131396,SandSh00,26079,12524,1.0,"https://static.www.nfl.com/image/upload/f_auto,q_auto/league/joe08hz6to2madpko8zl",SAN478221,58349,32005341-4e47-8221-56fd-8e3864421298,2025.0,2025.0,CLE
2026,DET,WR,WR,18.0,ACT,Isaac TeSlaa,Isaac,TeSlaa,2002-02-20,76,214,Arkansas; Hillsdale,00-0040669,5123663,41e5e4a9-f04c-462e-a1d1-e35a8115b974,,18642,172430,TeSlIs00,26101,12535,1.0,"https://static.www.nfl.com/image/upload/f_auto,q_auto/league/wa4sruqazyqobmepi6vi",TES116936,58275,32005445-5311-6936-ab44-7861b1b8f72f,2025.0,2025.0,DET
2026,KC,DB,CB,20.0,ACT,Nohl Williams,Nohl,Williams,2002-09-23,73,200,California,00-0040670,4610705,7d2f964c-1e5d-4f13-a169-62b4a9e35f2c,,18593,128375,WillNo01,26179,12622,1.0,"https://static.www.nfl.com/image/upload/f_auto,q_auto/league/wgzpsljodoj0uanznf5e",WIL458398,58290,32005749-4c45-8398-dede-bad6ca7515d4,2025.0,2025.0,KC
2026,DET,DL,DT,91.0,ACT,Tyleik Williams,Tyleik,Williams,2003-02-24,75,328,Ohio State,00-0040672,4431615,7981290b-8045-4714-b19b-caffc04edc2c,,18684,145080,WillTy02,26224,12554,1.0,"https://static.www.nfl.com/image/upload/f_auto,q_auto/league/emppyzljgfew4i1qmdhb",WIL547635,58230,32005749-4c54-7635-e493-fa5bfedf094c,2025.0,2025.0,DET
2026,SEA,QB,QB,6.0,ACT,Jalen Milroe,Jalen,Milroe,2002-12-13,74,216,Alabama,00-0040673,4432734,b0eb5b67-4ef2-462d-bfe7-e73bcce1f6b0,,18477,146590,MilrJa00,25882,12510,1.0,"https://static.www.nfl.com/image/upload/f_auto,q_auto/league/gmucibahkrfu9xowwiio",MIL777073,58297,32004d49-4c77-7073-2018-c1cbe811a29b,2025.0,2025.0,SEA
2026,TEN,DB,DB,29.0,ACT,Keydrain Calligan,Keydrain,Calligan,2001-12-04,73,200,Southeastern Louisiana; Jackson State University,00-0040674,,,,,,,,,1.0,,CAL650621,59160,32004341-4c65-0621-5c73-4dc852954251,2025.0,2025.0,
2026,TEN,QB,QB,1.0,ACT,Cam Ward,Cameron,Ward,2002-05-25,74,219,Miami; Washington State; Incarnate Word,00-0040676,4688380,3c76cab3-3df2-43dd-acaa-57e055bd32d0,,16997,133244,WardCa00,25323,12522,1.0,"https://static.www.nfl.com/image/upload/f_auto,q_auto/league/viadutkbvligsopnd2qn",WAR065305,58203,32005741-5206-5305-364b-76c1f988f45e,2025.0,2025.0,TEN
2026,NYG,LB,LB,3.0,ACT,Abdul Carter,Abdul,Carter,2004-01-02,75,252,Penn State,00-0040677,4725996,95fa8be3-3be8-45bb-9475-60a444e1af74,,18581,164160,CartAb00,26016,12574,1.0,"https://static.www.nfl.com/image/upload/f_auto,q_auto/league/tfchuu4khsh6jarotqga",CAR606063,58205,32004341-5260-6063-f7d8-00bb3d6b1cd4,2025.0,2025.0,NYG
2026,PIT,DL,DT,99.0,ACT,Derrick Harmon,Derrick,Harmon,2003-08-03,76,313,Oregon; Michigan State,00-0040678,4682980,1fd56b66-3c11-4664-bb80-f0594f915923,,18489,144962,HarmDe01,25994,12561,1.0,"https://static.www.nfl.com/image/upload/f_auto,q_auto/league/mi9zx7s8bmnyscpo1jmg",HAR192559,58223,32004841-5219-2559-a04f-c6e1f8b1af9a,2025.0,2025.0,PIT
2026,CLE,DL,DT,94.0,ACT,Mason Graham,Mason,Graham,2003-09-03,76,315,Michigan,00-0040685,4873232,5efacd9e-be9e-4711-8101-e5579ba3274f,,18461,158535,GrahMa00,25992,12573,1.0,"https://static.www.nfl.com/image/upload/f_auto,q_auto/league/fizf7lkmgqhpg9o8vu92",GRA213591,58207,32004752-4121-3591-926c-b22e7bea955e,2025.0,2025.0,CLE
2026,WAS,OL,OT,72.0,ACT,Josh Conerly Jr.,Joshua,Conerly,2003-11-05,76,315,Oregon,00-0040686,,,,,,,,,1.0,"https://static.www.nfl.com/image/upload/f_auto,q_auto/league/q9vrq43u3qh6nw3rcajo",CON147943,58231,3200434f-4e14-7943-58d0-3088e0370977,2025.0,2025.0,WAS
2026,PHI,OL,OT,73.0,ACT,Cameron Williams,Cameron,Williams,2003-10-16,78,317,Texas,00-0040687,,,,,,,,,1.0,,WIL179522,58412,32005749-4c17-9522-2618-c8f6a74e6cb9,2025.0,2025.0,PHI
2026,BAL,DB,SAF,24.0,ACT,Malaki Starks,William,Starks,2003-11-13,73,203,Georgia,00-0040688,4685530,5a92d12b-a8df-47fb-9d07-93a042702a36,,18619,157069,StarMa00,26014,12567,1.0,"https://static.www.nfl.com/image/upload/f_auto,q_auto/league/wfdoofktfspnxsclihrf",STA592296,58229,32005354-4159-2296-384c-e3be1fb506bf,2025.0,2025.0,BAL
2026,GB,DL,DT,60.0,ACT,Anthony Campbell,Anthony,Campbell,2000-09-09,78,307,Miami; Louisiana-Monroe; Independence Comm. College,00-0040689,,,,,,,,,1.0,"https://static.www.nfl.com/image/upload/f_auto,q_auto/league/uyjnb0a2302hedjivxfv",CAM190150,59180,32004341-4d19-0150-beca-15c8b2c0c137,2025.0,2025.0,
2026,NYG,QB,QB,6.0,ACT,Jaxson Dart,Jaxson,Dart,2003-05-13,74,223,Mississippi; USC,00-0040691,4689114,53848cba-bcad-4cd0-bb35-0a1f6ed111d1,,18574,146409,DartJa00,26082,12508,1.0,"https://static.www.nfl.com/image/upload/f_auto,q_auto/league/n6uymxssgiicjmxkzxoc",DAR735504,58227,32004441-5273-5504-d6f2-f2d3f25131e8,2025.0,2025.0,NYG
2026,LA,RB,RB,27.0,ACT,Jarquez Hunter,Jarquez,Hunter,2002-12-29,70,211,Auburn,00-0040692,4710341,e71d4c32-3233-467f-ab01-71de34e5d9b4,,18523,146662,HuntJa03,24990,11569,1.0,"https://static.www.nfl.com/image/upload/f_auto,q_auto/league/k4mncnazqbnewpg5uwdm",HUN671764,58322,32004855-4e67-1764-a239-a16be34f591e,2025.0,2025.0,LA
2026,NYG,DL,DT,91.0,ACT,Darius Alexander,Darius,Alexander,2000-08-26,76,310,Toledo,00-0040694,4426542,13a06c0d-d946-4a00-bd7a-e9131aaa09cb,,18696,98333,AlexDa01,26131,12581,1.0,"https://static.www.nfl.com/image/upload/f_auto,q_auto/league/pppak1njaiplvvzdwkn7",ALE196713,58270,3200414c-4519-6713-2741-83002e82e250,2025.0,2025.0,NYG
2026,DET,TE,TE,82.0,ACT,Thomas Gordon,Thomas,Gordon,2000-09-05,77,255,Northwestern,00-0040697,,,,,,,,,1.0,,GOR383690,59158,3200474f-5238-3690-2250-49b77c1aaf84,2025.0,2025.0,
2026,NE,OL,OT,66.0,ACT,Will Campbell,Will,Campbell,2004-01-06,78,319,LSU,00-0040699,,,,,,,,,1.0,"https://static.www.nfl.com/image/upload/f_auto,q_auto/league/xyzvfa0r5p4s8u16aqrh",CAM670633,58206,32004341-4d67-0633-da01-28e834689a13,2025.0,2025.0,NE
2026,CLE,QB,QB,8.0,ACT,Dillon Gabriel,Dillon,Gabriel,2000-12-28,71,205,Oregon; Oklahoma; UCF,00-0040704,4427238,299d4fe8-188c-43d1-95d3-8a8f103da5c5,,18496,86272,GabrDi00,23177,12486,1.0,"https://static.www.nfl.com/image/upload/f_auto,q_auto/league/szpyvusef9jvoctbnkbk",GAB601185,58299,32004741-4260-1185-23ec-097a05dff640,2025.0,2025.0,CLE
2026,TEN,WR,WR,17.0,ACT,Chimere Dike,Chimere,Dike,2001-12-14,73,196,Florida; Wisconsin,00-0040705,4431268,1e95c7fc-ecf7-4fcb-82d8-d77e2b6872d5,,18641,129918,DikeCh00,25987,12540,1.0,"https://static.www.nfl.com/image/upload/f_auto,q_auto/league/njdduv9jx7c8vlrll8ex",DIK189231,58308,32004449-4b18-9231-a177-a769ad8ba0d2,2025.0,2025.0,TEN
2026,AZ,DL,DT,97.0,ACT,Walter Nolen,Walter,Nolen,2003-10-14,76,300,Mississippi; Texas A&M,00-0040706,4685503,ec3a8edd-eda6-4cff-bd71-088a105f8a5a,,18490,158666,NoleWa00,25993,12552,1.0,"https://static.www.nfl.com/image/upload/f_auto,q_auto/league/jr8karjanloyyas4erxt",NOL552942,58218,32004e4f-4c55-2942-e287-746e6b8b2f55,2025.0,2025.0,ARI
2026,PHI,LB,LB,30.0,ACT,Jihaad Campbell,Jihaad,Campbell,2004-02-24,75,235,Alabama,00-0040708,4685287,d57e75e5-bd90-41be-97e9-c2d2cea5512b,,18718,157013,CampJi00,25997,12566,1.0,"https://static.www.nfl.com/image/upload/f_auto,q_auto/league/vjdpuldnh2hhbqjszrx2",CAM395656,58233,32004341-4d39-5656-852f-27b555516592,2025.0,2025.0,PHI
2026,BUF,DB,CB,31.0,ACT,Maxwell Hairston,Maxwell,Hairston,2003-08-06,71,192,Kentucky,00-0040709,4688931,fee39f7c-63e9-4377-969f-a3e6aa520ebb,,18587,146746,HairMa00,26046,12596,1.0,"https://static.www.nfl.com/image/upload/f_auto,q_auto/league/mq8i1kc45zupk4j6yvkf",HAI740557,58232,32004841-4974-0557-7544-a7fed2221d85,2025.0,2025.0,BUF
2026,BUF,DL,DT,96.0,ACT,Deone Walker,Deone,Walker,2004-03-11,79,331,Kentucky,00-0040710,4831989,9514d4d4-f32a-477d-9eda-a76ae9e28a77,,18691,163783,WalkDe04,25990,12652,1.0,"https://static.www.nfl.com/image/upload/f_auto,q_auto/league/okadfq0bsl9zdsmsfemw",WAL117169,58314,32005741-4c11-7169-6fcb-f4a66c62b249,2025.0,2025.0,BUF
2026,SF,DL,DT,99.0,ACT,CJ West,Chaddrian,West,2002-06-12,73,316,Indiana; Kent State,00-0040711,4686308,4e1e4a5a-a8c2-45e8-8c0b-c8ac10724666,,18702,130507,WestCJ00,26130,12649,1.0,"https://static.www.nfl.com/image/upload/f_auto,q_auto/league/bhqq8ebh20hehf1em9zz",WES147430,58318,32005745-5314-7430-9357-fa53c8a5072c,2025.0,2025.0,SF
2026,MIN,OL,G,66.0,ACT,Vershon Lee,Vershon,Lee,2001-12-07,76,318,South Carolina,00-0040712,,,,,,,,,1.0,,LEE670053,59129,32004c45-4567-0053-cae1-ab5a397893e9,2025.0,2025.0,
2026,NYG,RB,RB,44.0,ACT,Cam Skattebo,Cameron,Skattebo,2002-02-05,71,215,Arizona State; Sacramento State,00-0040715,4696981,e1f0c72d-f4d0-4c24-93a4-8a12b9a2efd2,,18514,147787,SkatCa00,25887,12481,1.0,"https://static.www.nfl.com/image/upload/f_auto,q_auto/league/vnftthkbvw7ucsqtqjpq",SKA578439,58310,3200534b-4157-8439-e202-fa5ff0631271,2025.0,2025.0,NYG
2026,NE,DB,SAF,4.0,ACT,Craig Woodson,Craig,Woodson,2001-02-20,72,200,California,00-0040716,4428930,2ed92c83-4e76-4632-abb8-704a2c6c6a2c,,18632,100612,WoodCr00,26135,12654,1.0,"https://static.www.nfl.com/image/upload/f_auto,q_auto/league/nsfjxvef5ck9bytvti1u",WOO662980,58311,3200574f-4f66-2980-96c6-36b32e94386d,2025.0,2025.0,NE
2026,JAX,DB,CB,12.0,ACT,Travis Hunter,Travis,Hunter,2003-05-18,73,185,Colorado; Jackson State University,00-0040718,4685415,4a975d4c-d7cd-45ef-b258-db45187140eb,,18578,160766,HuntTr00,26056,12530,1.0,"https://static.www.nfl.com/image/upload/f_auto,q_auto/league/apfzii6u8pwj9ntvyfkk",HUN816230,58204,32004855-4e81-6230-a487-ca19d012c037,2025.0,2025.0,JAX
2026,JAX,RB,RB,33.0,ACT,Bhayshul Tuten,Bhayshul,Tuten,2002-02-14,69,209,Virginia Tech; North Carolina A&T,00-0040719,4882093,26d4b13e-a555-4519-9356-cd16c65384e7,,18524,150568,TuteBh00,25898,12490,1.0,"https://static.www.nfl.com/image/upload/f_auto,q_auto/league/uf6bidyfjeemrlgsibiz",TUT066215,58309,32005455-5406-6215-da3b-cbf31441af43,2025.0,2025.0,JAX
2026,DEN,DB,CB,23.0,ACT,Jahdae Barron,Jahdae,Barron,2001-12-04,71,200,Texas,00-0040720,4430925,75dd276d-df54-4264-893c-aab76f3ae9b2,,17773,123105,BarrJa01,26024,12557,1.0,"https://static.www.nfl.com/image/upload/f_auto,q_auto/league/pftuc6gjil6zstrg4ht2",BAR659317,58222,32004241-5265-9317-8ee5-6820ac0a9616,2025.0,2025.0,DEN
2026,SF,DL,DT,95.0,ACT,Alfred Collins,Alfred,Collins,2001-10-08,77,332,Texas,00-0040721,4430835,d81084a7-c3bd-4746-883c-12797db9859a,,18685,123110,CollAl01,26075,12590,1.0,"https://static.www.nfl.com/image/upload/f_auto,q_auto/league/rjziol6cqynoyc0w0qfh",COL480656,58248,3200434f-4c48-0656-eb0f-b6c850a0a131,2025.0,2025.0,SF
2026,BAL,LB,LB,15.0,ACT,Mike Green,Michael,Green,2003-07-28,75,250,Marshall; Virginia,00-0040722,4683188,55b34ff0-64f3-43c1-9030-47f52b9ad394,,18779,151084,GreeMi02,26018,12571,1.0,"https://static.www.nfl.com/image/upload/f_auto,q_auto/league/u7sictvg6th8tpfineb6",GRE328003,58264,32004752-4532-8003-5243-a627699fc537,2025.0,2025.0,BAL
2026,JAX,LB,LB,54.0,ACT,Jack Kiser,Jack,Kiser,2000-09-10,74,231,Notre Dame,00-0040723,4427716,870b148e-5abc-4dcf-a70c-db0df4b4dd75,,18727,97889,KiseJa00,26073,12653,1.0,"https://static.www.nfl.com/image/upload/f_auto,q_auto/league/nkzzuhextfhildyebh5i",KIS108529,58312,32004b49-5310-8529-1154-02c2c97c98d1,2025.0,2025.0,JAX
2026,BUF,DL,DT,98.0,ACT,T.J. Sanders,Tanaeri,Sanders,2003-07-30,76,297,South Carolina,00-0040724,4684527,78c91cbd-e8ab-42f9-bf92-6bc5f98a09f7,,18689,146925,SandTJ00,26053,12612,1.0,"https://static.www.nfl.com/image/upload/f_auto,q_auto/league/wxkk01nfridtywdbl86z",SAN495668,58246,32005341-4e49-5668-67df-7d6378973c80,2025.0,2025.0,BUF
2026,DAL,DL,DE,6.0,ACT,Donovan Ezeiruaku,Donovan,Ezeiruaku,2003-05-25,74,248,Boston College,00-0040725,4683848,31076b50-c01e-4cce-9898-8bd2b04cf6e4,,18656,143824,EzeiDo00,26061,12556,1.0,"https://static.www.nfl.com/image/upload/f_auto,q_auto/league/p01praffl9gjoogdgaq8",EZE245894,58249,3200455a-4524-5894-e7c9-c127cd7787ca,2025.0,2025.0,DAL
2026,GB,OL,OT,71.0,ACT,Anthony Belton,Anthony,Belton,2001-02-23,78,336,N.C. State; Georgia Military,00-0040726,,,,,,,,,1.0,"https://static.www.nfl.com/image/upload/f_auto,q_auto/league/erhseeamoxq7v9ay9bz8",BEL775572,58259,32004245-4c77-5572-bf56-648a1c6ef9d1,2025.0,2025.0,GB
2026,LAC,WR,WR,9.0,ACT,Tre Harris,Cleveland,Harris,2002-02-28,75,210,Mississippi; Louisiana Tech,00-0040727,4686612,a45328a1-7d0e-451a-8176-ea30f0e1c86f,,18478,122676,HarrTr03,25925,12509,1.0,"https://static.www.nfl.com/image/upload/f_auto,q_auto/league/vfjekjvrfpbmskmuwoz9",HAR549958,58260,32004841-5254-9958-4dd2-0e73024370c7,2025.0,2025.0,LAC
2026,DET,OL,G,69.0,ACT,Tate Ratledge,Tate,Ratledge,2001-04-26,78,315,Georgia,00-0040728,,,,,,,,,1.0,"https://static.www.nfl.com/image/upload/f_auto,q_auto/league/esuwyzsj6ecirwuaa0ul",RAT523002,58262,32005241-5452-3002-6068-4c022618d53f,2025.0,2025.0,DET
2026,LV,WR,WR,18.0,ACT,Jack Bech,Jack,Bech,2002-12-18,73,214,TCU; LSU,00-0040729,4603186,01079767-a3a3-437d-b935-ea0ecb1fe68b,,18457,146771,BechJa00,25894,12483,1.0,"https://static.www.nfl.com/image/upload/f_auto,q_auto/league/feplgtl0x1svqen9szwv",BEC032624,58263,32004245-4303-2624-2fe9-8c9449163a50,2025.0,2025.0,LV
2026,DEN,RB,RB,12.0,ACT,RJ Harvey,Robert,Harvey,2001-02-04,69,205,UCF; Virginia,00-0040730,4568490,fc6dbb83-b2b1-4962-b793-e79b2378b525,,18522,99622,HarvRJ00,25944,12489,1.0,"https://static.www.nfl.com/image/upload/f_auto,q_auto/league/i1qxzydetb2orrynzvzk",HAR819909,58265,32004841-5281-9909-a72d-cc3e41956f3a,2025.0,2025.0,DEN
2026,WAS,DB,CB,23.0,ACT,Trey Amos,Trenayvian,Amos,2002-03-03,73,190,Mississippi; Alabama; Louisiana,00-0040731,4574689,84d2fb0a-3277-49e4-8625-9640923f33ea,,18588,122628,AmosTr00,26021,12595,1.0,"https://static.www.nfl.com/image/upload/f_auto,q_auto/league/cxabcu8nz9p6k6sqsw4t",AMO590520,58266,3200414d-4f59-0520-2cbf-fbeeaf953f57,2025.0,2025.0,WAS
2026,SEA,DB,SAF,3.0,ACT,Nick Emmanwori,Nicholas,Emmanwori,2004-02-07,75,220,South Carolina,00-0040733,4869523,03af2f58-94a2-403d-b183-0ffad62795fa,,18617,158121,EmmaNi00,26013,12597,1.0,"https://static.www.nfl.com/image/upload/f_auto,q_auto/league/klniolruih3c5jo9pvjr",EMM083509,58240,3200454d-4d08-3509-4f43-ab1aefccbd0f,2025.0,2025.0,SEA
2026,NE,RB,RB,32.0,ACT,TreVeyon Henderson,TreVeyon,Henderson,2002-10-22,70,202,Ohio State,00-0040734,4432710,0d9788e6-03ee-416d-8ba2-deb57037d209,,18517,145059,HendTr02,23245,12529,1.0,"https://static.www.nfl.com/image/upload/f_auto,q_auto/league/cfcux3dnfmbmz3qzrnco",HEN144466,58243,32004845-4e14-4466-e552-da8f305c6946,2025.0,2025.0,NE
2026,CHI,WR,WR,10.0,ACT,Luther Burden III,Luther,Burden,2003-12-12,72,210,Missouri,00-0040735,4685278,a4c21977-c9d1-40f8-abee-0862dfab9195,,18548,157170,BurdLu00,26044,12519,1.0,"https://static.www.nfl.com/image/upload/f_auto,q_auto/league/iyuwdz7pbowdkwzq2tg5",BUR035840,58244,32004255-5203-5840-2355-001d8c81311e,2025.0,2025.0,CHI
2026,NYJ,TE,TE,85.0,ACT,Mason Taylor,Mason,Taylor,2004-05-08,77,251,LSU,00-0040736,4808766,07d2be51-73c2-4f26-81d5-bc6e9b88bff2,,18535,157122,TaylMa02,25963,12498,1.0,"https://static.www.nfl.com/image/upload/f_auto,q_auto/league/bk7wjtjt7dpc5qsuil4z",TAY566412,58247,32005441-5956-6412-dca1-e3900d5daf1c,2025.0,2025.0,NYJ
2026,LA,TE,TE,18.0,ACT,Terrance Ferguson,Terrance,Ferguson,2003-03-07,77,252,Oregon,00-0040737,4570037,fdfc7b8e-a202-4459-91f8-be6e053e5d29,,18497,146563,FergTe00,25970,12487,1.0,"https://static.www.nfl.com/image/upload/f_auto,q_auto/league/usa23ax8dratptvikr9a",FER333882,58251,32004645-5233-3882-9ca7-fa63e767baea,2025.0,2025.0,LA
2026,CIN,LB,LB,44.0,ACT,Demetrius Knight Jr.,Demetrius,Knight,2000-07-21,74,240,South Carolina; Charlotte,00-0040738,4427729,f54f5e3b-da40-4296-a252-8e6a054b35ef,,18719,99728,KnigDe00,26068,12617,1.0,"https://static.www.nfl.com/image/upload/f_auto,q_auto/league/j9eequyosorm1p9zc5gx",KNI767772,58254,32004b4e-4976-7772-482c-aa2ff921c6dd,2025.0,2025.0,CIN
2026,SEA,TE,TE,18.0,ACT,Elijah Arroyo,Elijah,Arroyo,2003-04-05,77,254,Miami,00-0040739,4678006,98bc7c8c-e6e4-4694-a0ef-d3f25274223e,,18540,143933,ArroEl00,26032,12521,1.0,"https://static.www.nfl.com/image/upload/f_auto,q_auto/league/dwlyrxi2yxowfj4abtoa",ARR629685,58255,32004152-5262-9685-50ee-580fc8b42629,2025.0,2025.0,SEA
2026,CHI,OL,OT,75.0,ACT,Ozzy Trapilo,Ozzy,Trapilo,2001-10-17,80,312,Boston College,00-0040740,,,,,,,,,1.0,"https://static.www.nfl.com/image/upload/f_auto,q_auto/league/xjnksmbwipltv0hxz4qj",TRA305064,58261,32005452-4130-5064-2a41-fc7c8e863f20,2025.0,2025.0,CHI
2026,CHI,DL,DT,95.0,ACT,Shemar Turner,Shemar,Turner,2003-01-14,75,293,Texas A&M,00-0040741,4432804,c70d84d3-b202-42e3-8e6e-5d87170960aa,,18577,131273,TurnSh00,26215,12616,1.0,"https://static.www.nfl.com/image/upload/f_auto,q_auto/league/gj6rxglwrkzwgvvq0z1q",TUR700234,58267,32005455-5270-0234-1df8-04361521dac7,2025.0,2025.0,CHI
2026,MIA,OL,G,72.0,ACT,Jonah Savaiinaea,Jonah,Savaiinaea,2004-01-13,77,326,Arizona,00-0040742,,,,,,,,,1.0,"https://static.www.nfl.com/image/upload/f_auto,q_auto/league/kglg4js9nthq1wg9rn5y",SAV292109,58242,32005341-5629-2109-a411-9050c58f1ecf,2025.0,2025.0,MIA
2026,NO,QB,QB,6.0,ACT,Tyler Shough,Tyler,Shough,1999-09-28,77,219,Louisville; Texas Tech; Oregon,00-0040743,4360689,94b8f9e1-3109-4429-8f71-4f79d7588237,,17037,83537,ShouTy00,23187,12545,1.0,"https://static.www.nfl.com/image/upload/f_auto,q_auto/league/wsrkib8qgwtb2t2ugaru",SHO768898,58245,32005348-4f76-8898-2122-c8ee34c8b6a6,2025.0,2025.0,NO
2026,IND,DL,DE,91.0,ACT,JT Tuimoloau,Jaylahn,Tuimoloau,2003-05-10,76,264,Ohio State,00-0040744,4566154,2f930253-2560-4d50-aa9e-512fa00dc902,,18661,145074,TuimJT00,25016,12594,1.0,"https://static.www.nfl.com/image/upload/f_auto,q_auto/league/cxkxb1csogr9v773tdib",TUI489240,58250,32005455-4948-9240-60de-9865dc275c2a,2025.0,2025.0,IND
2026,HOU,OL,OT,79.0,ACT,Aireontae Ersery,Aireontae,Ersery,2002-02-19,78,330,Minnesota,00-0040745,,,,,,,,,1.0,"https://static.www.nfl.com/image/upload/f_auto,q_auto/league/nvdycakgyrk5nllug02b",ERS415291,58253,32004552-5341-5291-e2d1-67b4a003c74d,2025.0,2025.0,HOU
2026,CAR,LB,LB,11.0,ACT,Nic Scourton,Nictiedric,Scourton,2004-08-25,74,257,Texas A&M; Purdue,00-0040746,4833355,3eebb324-cdd9-4c19-b1b8-1e7649fe0737,,18658,162878,ScouNi00,25995,12562,1.0,"https://static.www.nfl.com/image/upload/f_auto,q_auto/league/iyf5alwnsqxygvayiom5",SCO814747,58256,32005343-4f81-4747-b38e-43ebd9d2e99c,2025.0,2025.0,CAR
2026,TB,DB,CB,21.0,ACT,Benjamin Morrison,Benjamin,Morrison,2004-03-11,72,190,Notre Dame,00-0040747,4816107,33859ece-2c7f-4fe2-9c16-aff3c1e0b9e0,,18590,156968,MorrBe00,26025,12576,1.0,"https://static.www.nfl.com/image/upload/f_auto,q_auto/league/beby7ndkduvgasydudha",MOR566235,58258,32004d4f-5256-6235-fecf-92a5e6497940,2025.0,2025.0,TB
2026,KC,DL,DT,55.0,ACT,Omarr Norman-Lott,Omarr,Norman-Lott,2002-03-11,75,315,Tennessee; Arizona State,00-0040748,4591008,04648fce-0bba-40d4-98c0-e18c48e32567,,18705,131624,NormOm00,26076,12615,1.0,"https://static.www.nfl.com/image/upload/f_auto,q_auto/league/jp69jatihj5oqc37g9gv",NOR381433,58268,32004e4f-5238-1433-2dc0-74cd1c5c4b6f,2025.0,2025.0,KC
2026,PHI,DB,SAF,24.0,ACT,Andrew Mukuba,Andrew,Mukuba,2002-12-07,71,186,Texas; Clemson,00-0040749,4602197,0cb34ce3-42de-42d3-88a4-d242e43b2e34,,18626,144129,MukuAn00,26064,12604,1.0,"https://static.www.nfl.com/image/upload/f_auto,q_auto/league/uis1nibeesqlsasmw2km",MUK426541,58269,32004d55-4b42-6541-924c-0a69b82e6451,2025.0,2025.0,PHI
2026,AZ,DB,CB,2.0,ACT,Will Johnson,William,Johnson,2003-03-29,74,200,Michigan,00-0040751,4685408,1a568fbe-4efb-4f67-9866-9b0b4e40b344,,18462,158536,JohnWi02,26052,12565,1.0,"https://static.www.nfl.com/image/upload/f_auto,q_auto/league/qrzob3kg2nylp6hp5xhv",JOH751013,58252,32004a4f-4875-1013-48cf-31d3acf04800,2025.0,2025.0,ARI
2026,TEN,DL,DE,7.0,ACT,Oluwafemi Oladejo,Oluwafemi,Oladejo,2003-09-29,75,259,UCLA; California,00-0040752,4876057,215c9c0f-d492-4fdd-9a53-c3a9c52345a2,,18669,146302,OladOl00,26207,12583,1.0,"https://static.www.nfl.com/image/upload/f_auto,q_auto/league/xux3tjanbookjm0wmalz",OLA110743,58257,32004f4c-4111-0743-ebea-7a82f613f94c,2025.0,2025.0,TEN
2026,GB,WR,WR,82.0,ACT,Will Sheppard,William,Sheppard,2002-02-11,75,196,Colorado; Vanderbilt,00-0040753,,,,,,,,,1.0,,SHE562710,58872,32005348-4556-2710-4183-05d598bb899c,2025.0,2025.0,
2026,CIN,DL,DE,94.0,ACT,Shemar Stewart,Shemar,Stewart,2003-11-12,77,267,Texas A&M,00-0040756,4685562,8343b537-2507-495f-b6ee-7ba6fe582c3d,,18655,158675,StewSh00,25991,12560,1.0,"https://static.www.nfl.com/image/upload/f_auto,q_auto/league/htljgrthvgq7pd2rsxhu",STE801492,58219,32005354-4580-1492-6181-fbdcbaa932bc,2025.0,2025.0,CIN
2026,DET,DL,DE,99.0,ACT,Ahmed Hassanein,Ahmed,Hassanein,2002-07-09,74,275,Boise State,00-0040761,4710422,02f4a8d3-3236-4e3b-a760-960bef3d3714,,18678,145990,HassAh00,26121,12706,1.0,"https://static.www.nfl.com/image/upload/f_auto,q_auto/league/vx6i22rddmcluczkvigt",HAS512236,58401,32004841-5351-2236-fd73-19b38e23ed86,2025.0,2025.0,DET
2026,LV,DL,DT,79.0,ACT,Laki Tasi,Laki,Tasi,2003-10-24,78,373,,00-0040762,,,,,,,,,1.0,"https://static.www.nfl.com/image/upload/f_auto,q_auto/league/ndlotudg6y8mib7par1u",TAS273110,58467,32005441-5327-3110-2f2c-1416b889759e,2025.0,2025.0,
2026,CAR,LB,LB,58.0,ACT,Mapalo Mwansa,Mapalo,Mwansa,2004-04-02,74,230,,00-0040763,,,,,,,,,1.0,,MWA426541,58468,32004d57-4142-6541-1612-adffa9199fee,2025.0,2025.0,
2026,SEA,OL,C,62.0,ACT,Federico Maranges,Federico,Maranges,2001-10-05,75,302,Florida Atlantic,00-0040764,,,,,,,,,1.0,"https://static.www.nfl.com/image/upload/f_auto,q_auto/league/nomjbrcjoc2rsydovhhp",MAR005577,58506,32004d41-5200-5577-f04d-60a159f44ced,2025.0,2025.0,
2026,AZ,OL,OL,69.0,ACT,Valentin Senn,Valentin,Senn,2000-04-23,79,310,Connecticut; Colorado,00-0040765,,,,,,,,,1.0,"https://static.www.nfl.com/image/upload/f_auto,q_auto/league/wxsxvpteuoufjkcd7xoq",SEN230933,58553,32005345-4e23-0933-329c-38d6f472a3cc,2025.0,2025.0,
2026,DAL,WR,WR,17.0,ACT,Jaden Smith,Jaden,Smith,2001-12-13,78,210,Nevada; Tarleton State; Montana State,00-0040769,,,,,,,,,1.0,,SMI344790,59248,3200534d-4934-4790-906b-6c8aa4b30267,2025.0,2025.0,
2026,HOU,DB,DB,34.0,RES,Ajani Carter,Ajani,Carter,2000-08-17,74,200,Houston; Utah State,00-0040770,,,,,,,,,1.0,,CAR606114,59252,32004341-5260-6114-e05f-1d3b881c28d8,2025.0,2025.0,
2026,CLE,WR,WR,0.0,ACT,Isaiah Bond,Isaiah,Bond,2004-03-15,71,180,Texas; Alabama,00-0040782,4808839,6ceb1330-795d-11f0-aadf-fbc926339e02,,18502,163586,BondIs00,26034,12503,1.0,"https://static.www.nfl.com/image/upload/f_auto,q_auto/league/piv889pkizjvgrtpfkxm",BON168854,59278,3200424f-4e16-8854-5500-4fcd95690bde,2025.0,2025.0,
2026,CLE,RB,RB,10.0,ACT,Quinshon Judkins,Quinshon,Judkins,2003-10-29,72,221,Ohio State; Mississippi,00-0040784,4685702,268c6ae2-278b-49f8-b7cd-b367944412f3,,18516,157128,JudkQu00,25946,12512,1.0,"https://static.www.nfl.com/image/upload/f_auto,q_auto/league/ojtce2im0wp2ltyel0vc",JUD359919,58241,32004a55-4435-9919-355b-3e0aef2de56d,2025.0,2025.0,CLE
2026,CAR,DB,CB,41.0,ACT,Jaylon Guilbeau,Jaylon,Guilbeau,2004-03-29,71,190,,,,,,,,,,,,,,,,,,
2026,WAS,WR,WR,14.0,ACT,Antonio Williams,Antonio,Williams,2004-07-14,71,195,,,,,,,,,,,,,,,,,,
2026,NE,LB,LB,48.0,ACT,Namdi Obiazor,Namdi,Obiazor,2002-04-19,75,229,,,,,,,,,,,,,,,,,,
2026,CAR,DB,CB,24.0,ACT,Will Lee III,Will,Lee,2003-04-09,73,189,,,,,,,,,,,,,,,,,,
2026,CAR,DB,CB,42.0,ACT,Cam Miller,Cam,Miller,2003-07-01,72,192,,,,,,,,,,,,,,,,,,
2026,ATL,DB,CB,36.0,ACT,Malcolm DeWalt IV,Malcolm,DeWalt,2001-12-29,74,190,,,,,,,,,,,,,,,,,,
2026,DAL,DB,SAF,18.0,ACT,Caleb Downs,Caleb,Downs,2004-12-10,71,206,,,,,,,,,,,,,,,,,,
2026,NYJ,DB,SAF,34.0,ACT,VJ Payne,Victor,Payne,2004-03-17,75,206,,,,,,,,,,,,,,,,,,
2026,LA,DB,CB,,ACT,Drey Norwood,Drey,Norwood,2003-01-27,72,187,,,,,,,,,,,,,,,,,,
2026,MIN,DL,DT,95.0,ACT,Caleb Banks,Caleb,Banks,2003-03-12,78,329,,,,,,,,,,,,,,,,,,
2026,MIN,DL,DT,96.0,ACT,Monkell Goodwine,Monkell,Goodwine,2003-04-01,76,290,,,,,,,,,,,,,,,,,,
2026,DAL,DB,CB,29.0,ACT,Devin Moore,Devin,Moore,2003-10-09,75,198,,,,,,,,,,,,,,,,,,
2026,CAR,DB,CB,43.0,ACT,Devonta Smith,Devonta,Smith,2002-12-11,71,195,,,,,,,,,,,,,,,,,,
2026,HOU,DL,DT,96.0,ACT,Dominic Bailey,Dominic,Bailey,2002-05-31,75,292,,,,,,,,,,,,,,,,,,
2026,MIN,DL,DT,97.0,ACT,Domonique Orange,Domonique,Orange,2004-03-11,74,322,,,,,,,,,,,,,,,,,,
2026,ATL,DB,CB,12.0,ACT,Avieon Terrell,Avieon,Terrell,2005-01-11,71,180,,,,,,,,,,,,,,,,,,
2026,AZ,OL,OT,57.0,ACT,Chase Bisontis,Chase,Bisontis,2004-06-10,78,330,,,,,,,,,,,,,,,,,,
2026,NYJ,DL,DE,54.0,ACT,Paschal Ekeji,Paschal,Ekeji,2002-03-19,76,230,,,,,,,,,,,,,,,,,,
2026,ATL,DL,DT,79.0,ACT,Carlos Allen Jr.,Carlos,Allen,2002-06-23,73,295,,,,,,,,,,,,,,,,,,
2026,LA,DL,DT,,ACT,Jaxson Moi,Jaxson,Moi,,74,305,,,,,,,,,,,,,,,,,,
2026,CAR,DL,DT,92.0,ACT,Lee Hunter,Lee,Hunter,2002-07-02,75,318,,,,,,,,,,,,,,,,,,
2026,DEN,OL,OT,71.0,ACT,Tyler Miller,Tyler,Miller,,81,335,,,,,,,,,,,,,,,,,,
2026,CAR,DL,DT,64.0,ACT,Tywone Malone,Tywone,Malone,2003-05-02,76,309,,,,,,,,,,,,,,,,,,
2026,CAR,DL,DT,69.0,ACT,Parker Petersen,Parker,Petersen,2003-01-16,76,314,,,,,,,,,,,,,,,,,,
2026,DAL,DL,DE,99.0,ACT,LT Overton,Labbeus,Overton,2004-10-11,75,274,,,,,,,,,,,,,,,,,,
2026,LA,LB,LB,,ACT,Wesley Bailey,Wesley,Bailey,,77,265,,,,,,,,,,,,,,,,,,
2026,ATL,DL,DE,59.0,ACT,CJ Nunnally IV,CJ,Nunnally,2003-07-10,75,265,,,,,,,,,,,,,,,,,,
2026,SF,DL,DE,,UDF,Romello Height,Romello,Height,2001-04-13,75,235,,,,,,,,,,,,,,,,,,
2026,LA,LB,ILB,,ACT,Nikhai Hill-Green,Nikhai,Hill-Green,2000-12-30,74,235,,,,,,,,,,,,,,,,,,
2026,DAL,DL,DT,59.0,ACT,DJ Withers,DJ,Withers,,76,294,,,,,,,,,,,,,,,,,,
2026,ATL,DL,DT,98.0,ACT,Anterio Thompson,Anterio,Thompson,2002-10-29,76,310,,,,,,,,,,,,,,,,,,
2026,DAL,LB,LB,55.0,ACT,Jaishawn Barham,Jaishawn,Barham,2004-02-02,75,240,,,,,,,,,,,,,,,,,,
2026,SF,DL,DT,,ACT,James Thompson Jr.,James,Thompson,2002-08-29,78,308,,,,,,,,,,,,,,,,,,
2026,CAR,LB,LB,46.0,ACT,Jackson Kuwatch,Jackson,Kuwatch,2003-05-19,76,232,,,,,,,,,,,,,,,,,,
2026,MIN,LB,LB,56.0,ACT,Arden Walker,Arden,Walker,,74,250,,,,,,,,,,,,,,,,,,
2026,ATL,LB,LB,53.0,ACT,Kendal Daniels,Kendal,Daniels,2002-12-16,77,242,,,,,,,,,,,,,,,,,,
2026,DAL,LB,LB,57.0,ACT,Malachi Lawrence,Malachi,Lawrence,2003-07-21,76,253,,,,,,,,,,,,,,,,,,
2026,KC,DB,SAF,,ACT,Xavier Nwankpa,Xavier,Nwankpa,2003-12-08,74,208,,,,,,,,,,,,,,,,,,
2026,HOU,LB,LB,30.0,ACT,Wade Woodaz,Wade,Woodaz,2004-02-04,76,235,,,,,,,,,,,,,,,,,,
2026,DAL,LB,LB,47.0,ACT,Langston Patterson,Langston,Patterson,,72,229,,,,,,,,,,,,,,,,,,
2026,ATL,LB,LB,56.0,ACT,Harold Perkins Jr.,Harold,Perkins,2004-09-10,72,222,,,,,,,,,,,,,,,,,,
2026,ATL,LB,LB,42.0,ACT,Daveren Rayner,Daveren,Rayner,,74,217,,,,,,,,,,,,,,,,,,
2026,MIN,OL,C,58.0,ACT,Gavin Gerhardt,Gavin,Gerhardt,,76,310,,,,,,,,,,,,,,,,,,
2026,NYJ,LS,LS,49.0,ACT,Garrison Grimes,Garrison,Grimes,,74,220,,,,,,,,,,,,,,,,,,
2026,IND,WR,WR,,ACT,Deion Burks,Deion,Burks,2003-01-08,69,180,,,,,,,,,,,,,,,,,,
2026,LA,OL,OT,,ACT,Bryce Henderson,Bryce,Henderson,,80,320,,,,,,,,,,,,,,,,,,
2026,ATL,LS,LS,46.0,ACT,Philip Florenzo,Philip,Florenzo,2002-07-04,74,240,,,,,,,,,,,,,,,,,,
2026,HOU,OL,OT,76.0,ACT,Sam Hagen,Sam,Hagen,2003-08-24,78,320,,,,,,,,,,,,,,,,,,
2026,LA,OL,C,,RES,Chad Lindberg,Chad,Lindberg,,78,315,,,,,,,,,,,,,,,,,,
2026,ATL,OL,C,66.0,ACT,James Brockermeyer,James,Brockermeyer,2002-06-24,75,295,,,,,,,,,,,,,,,,,,
2026,ATL,OL,G,61.0,ACT,Kam Dewberry,Kam,Dewberry,,76,332,,,,,,,,,,,,,,,,,,
2026,HOU,OL,G,64.0,UDF,Febechi Nwaiwu,Febechi,Nwaiwu,2003-02-17,76,319,,,,,,,,,,,,,,,,,,
2026,CAR,OL,C,75.0,ACT,Sam Hecht,Sam,Hecht,2003-04-03,76,303,,,,,,,,,,,,,,,,,,
2026,DAL,OL,OT,67.0,ACT,Drew Shelton,Andrew,Shelton,2003-12-26,77,313,,,,,,,,,,,,,,,,,,
2026,DEN,WR,WR,87.0,ACT,Cameron Ross,Cameron,Ross,2001-08-16,70,186,,,,,,,,,,,,,,,,,,
2026,ATL,OL,OT,76.0,ACT,Riley Mahlman,Riley,Mahlman,2002-12-30,80,318,,,,,,,,,,,,,,,,,,
2026,CAR,OL,OT,76.0,ACT,Albert Reese,Albert,Reese,2002-08-13,79,330,,,,,,,,,,,,,,,,,,
2026,DAL,OL,G,64.0,ACT,DJ Wingfield,DJ,Wingfield,,76,316,,,,,,,,,,,,,,,,,,
2026,CHI,WR,WR,81.0,ACT,Zavion Thomas,Zavion,Thomas,2004-09-14,70,190,,,,,,,,,,,,,,,,,,
2026,LA,RB,RB,,ACT,Dean Connors,Dean,Connors,2003-08-29,71,206,,,,,,,,,,,,,,,,,,
2026,ATL,OL,OT,75.0,ACT,Ethan Onianwa,Ethan,Onianwa,2003-04-16,79,333,,,,,,,,,,,,,,,,,,
2026,MIN,RB,RB,21.0,ACT,Demond Claiborne,Demond,Claiborne,2003-10-09,70,188,,,,,,,,,,,,,,,,,,
2026,CAR,QB,QB,16.0,ACT,Haynes King,Haynes,King,2001-01-09,74,212,,,,,,,,,,,,,,,,,,
2026,NO,DB,DB,42.0,ACT,DaShawn Jones,DaShawn,Jones,2001-09-30,72,190,,,,,,,,,,,,,,,,,,
2026,MIN,RB,RB,35.0,ACT,Kejon Owens,Kejon,Owens,,71,210,,,,,,,,,,,,,,,,,,
2026,BUF,LB,LB,54.0,ACT,Theron Gaines,Theron,Gaines,2004-06-09,73,237,,,,,,,,,,,,,,,,,,
2026,CAR,RB,RB,37.0,ACT,Miles Davis,Miles,Davis,2003-03-17,71,215,,,,,,,,,,,,,,,,,,
2026,DAL,RB,RB,43.0,ACT,Dominic Richardson,Dominic,Richardson,2001-05-30,72,204,,,,,,,,,,,,,,,,,,
2026,ATL,QB,QB,18.0,ACT,Jack Strand,Jack,Strand,2004-06-23,77,240,,,,,,,,,,,,,,,,,,
2026,LA,TE,TE,86.0,ACT,Max Klare,Max,Klare,2003-07-08,76,246,,,,,,,,,,,,,,,,,,
2026,HOU,TE,TE,83.0,ACT,Marlin Klein,Marlin,Klein,2002-09-17,78,250,,,,,,,,,,,,,,,,,,
2026,DAL,TE,TE,49.0,ACT,DJ Rogers,DJ,Rogers,2001-11-10,76,250,,,,,,,,,,,,,,,,,,
2026,ATL,RB,RB,32.0,ACT,Cash Jones,Cashion,Jones,2002-03-15,71,195,,,,,,,,,,,,,,,,,,
2026,MIN,WR,WR,,ACT,Michael Briscoe,Michael,Briscoe,,74,205,,,,,,,,,,,,,,,,,,
2026,DAL,TE,TE,46.0,ACT,Michael Trigg,Michael,Trigg,2002-06-27,76,240,,,,,,,,,,,,,,,,,,
2026,DAL,WR,WR,84.0,ACT,Romello Brinson,Romello,Brinson,2002-01-23,74,190,,,,,,,,,,,,,,,,,,
2026,DAL,WR,WR,6.0,ACT,Camden Brown,Camden,Brown,,74,204,,,,,,,,,,,,,,,,,,
2026,CAR,WR,WR,19.0,ACT,Chris Brazzell II,Chris,Brazzell,2003-10-23,76,198,,,,,,,,,,,,,,,,,,
2026,ATL,TE,TE,84.0,ACT,Jack Velling,Jack,Velling,2002-03-15,77,245,,,,,,,,,,,,,,,,,,
2026,DAL,WR,WR,16.0,ACT,Jordan Hudson,Jordan,Hudson,2003-11-22,73,191,,,,,,,,,,,,,,,,,,
2026,ATL,WR,WR,86.0,ACT,Vinny Anthony II,Vinny,Anthony,2003-06-27,72,190,,,,,,,,,,,,,,,,,,
2026,MIN,WR,WR,,ACT,Trayvon Rudolph,Trayvon,Rudolph,,70,187,,,,,,,,,,,,,,,,,,
2026,ATL,WR,WR,17.0,ACT,Zachariah Branch,Zachariah,Branch,2004-03-29,70,180,,,,,,,,,,,,,,,,,,
2026,ATL,WR,WR,88.0,ACT,Le'Meke Brockington,Le'Meke,Brockington,2002-01-15,72,195,,,,,,,,,,,,,,,,,,
2026,DAL,WR,WR,83.0,ACT,Anthony Smith,Anthony,Smith,2002-03-01,75,189,,,,,,,,,,,,,,,,,,
2026,DET,DL,DE,66.0,ACT,Eric O'Neill,Eric,O'Neill,2003-07-01,74,247,,,,,,,,,,,,,,,,,,
2026,CAR,WR,WR,39.0,ACT,Kobe Prentice,Kobe,Prentice,2004-03-10,71,190,,,,,,,,,,,,,,,,,,
2026,ATL,WR,WR,85.0,ACT,Keelan Marion,Keelan,Marion,2002-06-22,72,195,,,,,,,,,,,,,,,,,,
2026,IND,DB,SAF,,ACT,Austin Brown,Austin,Brown,2003-10-25,71,199,,,,,,,,,,,,,,,,,,
2026,CIN,DL,DT,96.0,ACT,Landon Robinson,Landon,Robinson,2003-01-03,72,295,,,,,,,,,,,,,,,,,,
2026,DEN,DB,CB,25.0,ACT,Brent Austin,Brent,Austin,2003-12-19,71,180,,,,,,,,,,,,,,,,,,
2026,NE,DB,CB,36.0,ACT,Kenneth Harris,Kenneth,Harris,2002-05-02,72,192,,,,,,,,,,,,,,,,,,
2026,CHI,DB,DB,20.0,ACT,KC Eziomume,Kenechukwu,Eziomume,2002-05-26,73,198,,,,,,,,,,,,,,,,,,
2026,IND,DB,SAF,,ACT,A.J. Haulcy,Adari,Haulcy,2004-01-10,71,215,,,,,,,,,,,,,,,,,,
2026,BAL,LB,LB,45.0,ACT,Ethan Burke,Ethan,Burke,2003-06-20,78,267,,,,,,,,,,,,,,,,,,
2026,LAC,DB,DB,24.0,ACT,Rodney Shelley,Rodney,Shelley,,71,180,,,,,,,,,,,,,,,,,,
2026,AZ,DB,CB,26.0,ACT,Elijah Culp,Elijah,Culp,2004-09-04,71,190,,,,,,,,,,,,,,,,,,
2026,LAC,DB,SAF,22.0,ACT,Genesis Smith,Genesis,Smith,2004-11-05,74,204,,,,,,,,,,,,,,,,,,
2026,CIN,LB,LB,58.0,ACT,Eric Gentry,Eric,Gentry,2003-05-20,79,221,,,,,,,,,,,,,,,,,,
2026,DEN,DB,SAF,36.0,ACT,Parker Robertson,Parker,Robertson,2002-04-22,71,185,,,,,,,,,,,,,,,,,,
2026,BUF,RB,RB,27.0,ACT,Desmond Reid,Desmond,Reid,2004-07-29,68,175,,,,,,,,,,,,,,,,,,
2026,CHI,DB,CB,24.0,ACT,Malik Muhammad,Malik,Muhammad,2004-09-14,72,182,,,,,,,,,,,,,,,,,,
2026,DET,LB,LB,41.0,ACT,Jimmy Rolder,James,Rolder,2004-02-09,74,238,,,,,,,,,,,,,,,,,,
2026,LAC,DL,NT,61.0,ACT,Jahmeer Carter,Jahmeer,Carter,,74,311,,,,,,,,,,,,,,,,,,
2026,BAL,LB,LB,57.0,ACT,Reid Williford,Reid,Williford,2003-12-06,74,235,,,,,,,,,,,,,,,,,,
2026,CHI,DB,SAF,31.0,ACT,Dillon Thieneman,Dillon,Thieneman,2004-08-08,72,201,,,,,,,,,,,,,,,,,,
2026,AZ,DB,SAF,31.0,ACT,Wydett Williams Jr.,Wydett,Williams,2003-12-05,73,200,,,,,,,,,,,,,,,,,,
2026,PHI,DB,SAF,21.0,ACT,Cole Wisniewski,Cole,Wisniewski,2002-03-09,75,219,,,,,,,,,,,,,,,,,,
2026,IND,DL,DT,,ACT,Cameron Ball,Cameron,Ball,2003-02-19,75,310,,,,,,,,,,,,,,,,,,
2026,NE,DL,DT,,ACT,Travis Shaw,Travis,Shaw,2004-07-08,77,342,,,,,,,,,,,,,,,,,,
2026,LAC,DL,DT,64.0,ACT,Terry Webb,Terry,Webb,,75,313,,,,,,,,,,,,,,,,,,
2026,DEN,DL,DT,,UDF,Tyler Onyedim,Tyler,Onyedim,2003-05-14,75,295,,,,,,,,,,,,,,,,,,
2026,IND,DL,DE,,ACT,George Gumbs Jr.,George,Gumbs,2002-10-25,76,245,,,,,,,,,,,,,,,,,,
2026,CIN,OL,C,65.0,ACT,Connor Lew,Connor,Lew,2005-08-30,76,310,,,,,,,,,,,,,,,,,,
2026,AZ,DL,DT,94.0,UDF,Kaleb Proctor,Kaleb,Proctor,2004-04-26,74,295,,,,,,,,,,,,,,,,,,
2026,IND,DL,DE,,ACT,Mitchell Melton,Mitchell,Melton,2002-03-17,75,253,,,,,,,,,,,,,,,,,,
2026,NE,LB,LB,58.0,ACT,Xavier Holmes,Xavier,Holmes,,74,252,,,,,,,,,,,,,,,,,,
2026,AZ,DL,DT,96.0,ACT,Damonic Williams,Damonic,Williams,2004-09-04,73,305,,,,,,,,,,,,,,,,,,
2026,NE,LB,LB,50.0,UDF,Gabe Jacas,Gabe,Jacas,2004-05-27,76,261,,,,,,,,,,,,,,,,,,
2026,NE,LB,LB,59.0,ACT,Khalil Jacobs,Khalil,Jacobs,2003-12-01,73,227,,,,,,,,,,,,,,,,,,
2026,DEN,LB,OLB,57.0,ACT,Dasan McCullough,Dasan,McCullough,2003-03-07,77,240,,,,,,,,,,,,,,,,,,
2026,CHI,DL,DT,96.0,ACT,Jordan van den Berg,Jordan,van den Berg,2002-04-12,75,310,,,,,,,,,,,,,,,,,,
2026,CHI,K,K,27.0,ACT,Gabriel Plascencia,Gabriel,Plascencia,,72,245,,,,,,,,,,,,,,,,,,
2026,BAL,QB,QB,12.0,ACT,Joe Fagnano,Joseph,Fagnano,2001-03-31,75,226,,,,,,,,,,,,,,,,,,
2026,AZ,LB,LB,48.0,ACT,Stephen Dix Jr,Stephen,Dix,2002-01-13,73,246,,,,,,,,,,,,,,,,,,
2026,IND,LB,LB,,ACT,CJ Allen,Christian,Allen,2005-03-01,72,230,,,,,,,,,,,,,,,,,,
2026,CHI,LB,LB,49.0,ACT,Keyshaun Elliott,Keyshaun,Elliott,2003-12-12,73,233,,,,,,,,,,,,,,,,,,
2026,PHI,LB,LB,47.0,ACT,Deontae Lawson,Deontae,Lawson,2003-02-11,75,226,,,,,,,,,,,,,,,,,,
2026,IND,LB,LB,,ACT,Tahj Chambers,Tahj,Chambers,2000-04-09,74,230,,,,,,,,,,,,,,,,,,
2026,TB,LB,LB,46.0,ACT,Caden Fordham,Caden,Fordham,2002-10-21,73,232,,,,,,,,,,,,,,,,,,
2026,AZ,LB,LB,49.0,ACT,Cam Robertson,Cameron,Robertson,2004-02-26,76,260,,,,,,,,,,,,,,,,,,
2026,AZ,LB,LB,43.0,ACT,Karson Sharar,Karson,Sharar,2003-03-07,73,231,,,,,,,,,,,,,,,,,,
2026,BAL,RB,RB,23.0,ACT,Adam Randall,Adam,Randall,2004-07-14,75,232,,,,,,,,,,,,,,,,,,
2026,LAC,OL,OT,73.0,ACT,Alex Harkey,Alex,Harkey,2001-07-22,78,327,,,,,,,,,,,,,,,,,,
2026,DEN,OL,OT,78.0,ACT,Kage Casey,Kage,Casey,2003-12-10,77,311,,,,,,,,,,,,,,,,,,
2026,PHI,LS,LS,37.0,ACT,Rocco Underwood,Jonathan,Underwood,,75,231,,,,,,,,,,,,,,,,,,
2026,CHI,LS,LS,45.0,ACT,Beau Gardner,Beggs,Gardner,2001-12-26,77,249,,,,,,,,,,,,,,,,,,
2026,BAL,TE,TE,88.0,ACT,Matthew Hibner,Matthew,Hibner,2002-03-09,76,251,,,,,,,,,,,,,,,,,,
2026,CHI,OL,G,76.0,ACT,Caden Barnett,Caden,Barnett,2003-05-22,76,316,,,,,,,,,,,,,,,,,,
2026,AZ,OL,C,62.0,ACT,Ka'ena Decambra,Blaine,Decambra,2003-04-10,75,308,,,,,,,,,,,,,,,,,,
2026,BAL,WR,WR,82.0,ACT,Cortez Braham,Cortez,Braham,2000-03-06,74,203,,,,,,,,,,,,,,,,,,
2026,NE,OL,C,64.0,ACT,Jacob Rizy,Jacob,Rizy,,77,306,,,,,,,,,,,,,,,,,,
2026,JAX,WR,WR,86.0,ACT,Trebor Pena,Trebor,Pena,2002-02-21,70,186,,,,,,,,,,,,,,,,,,
2026,DEN,OL,OT,68.0,ACT,Gavin Ortega,Gavin,Ortega,2004-04-29,77,300,,,,,,,,,,,,,,,,,,
2026,CHI,OL,C,54.0,ACT,Logan Jones,Logan,Jones,2001-10-19,75,299,,,,,,,,,,,,,,,,,,
2026,CHI,OL,C,64.0,ACT,Jaren Kump,Jaren,Kump,2000-01-10,77,306,,,,,,,,,,,,,,,,,,
2026,PHI,OL,G,76.0,ACT,Micah Morris,Micah,Morris,2003-08-25,77,334,,,,,,,,,,,,,,,,,,
2026,CHI,OL,C,63.0,ACT,Mason Murphy,Mason,Murphy,,77,315,,,,,,,,,,,,,,,,,,
2026,KC,DB,CB,22.0,ACT,Jadon Canady,Jadon,Canady,2003-05-01,70,181,,,,,,,,,,,,,,,,,,
2026,LAC,RB,RB,31.0,ACT,Gregory Desrosiers,Gregory,Desrosiers,,71,200,,,,,,,,,,,,,,,,,,
2026,GB,DB,CB,,ACT,Brandon Cisse,Brandon,Cisse,2005-07-03,72,190,,,,,,,,,,,,,,,,,,
2026,AZ,OL,OT,66.0,ACT,Jayden Williams,Jayden,Williams,2003-04-10,76,307,,,,,,,,,,,,,,,,,,
2026,TB,OL,G,61.0,ACT,Henry Lutovsky,Henry,Lutovsky,2003-01-22,78,320,,,,,,,,,,,,,,,,,,
2026,AZ,QB,QB,19.0,UDF,Carson Beck,Carson,Beck,2002-11-19,76,233,,,,,,,,,,,,,,,,,,
2026,DEN,RB,RB,20.0,ACT,Jonah Coleman,Jonah,Coleman,2003-08-20,68,220,,,,,,,,,,,,,,,,,,
2026,NE,RB,RB,30.0,ACT,Jam Miller,Jamarion,Miller,2004-04-29,70,209,,,,,,,,,,,,,,,,,,
2026,CHI,QB,QB,16.0,ACT,Miller Moss,Miller,Moss,2002-03-19,73,211,,,,,,,,,,,,,,,,,,
2026,IND,RB,RB,,ACT,Lincoln Pare,Lincoln,Pare,2001-06-29,69,200,,,,,,,,,,,,,,,,,,
2026,LA,LB,LB,,RES,Eddie Walls III,Eddie,Walls,2001-11-08,76,250,,,,,,,,,,,,,,,,,,
2026,CHI,RB,RB,30.0,ACT,Coleman Bennett,Coleman,Bennett,2002-08-25,71,185,,,,,,,,,,,,,,,,,,
2026,LAC,TE,TE,42.0,ACT,Johnny Pascuzzi,Johnny,Pascuzzi,2002-05-17,76,241,,,,,,,,,,,,,,,,,,
2026,DEN,TE,TE,89.0,ACT,Dallen Bentley,Dallen,Bentley,2000-12-31,76,253,,,,,,,,,,,,,,,,,,
2026,AZ,RB,RB,4.0,ACT,Jeremiyah Love,Jeremiyah,Love,2005-05-31,72,214,,,,,,,,,,,,,,,,,,
2026,DEN,TE,TE,80.0,ACT,Justin Joly,Justin,Joly,2004-07-09,75,241,,,,,,,,,,,,,,,,,,
2026,AZ,TE,TE,46.0,ACT,Jameson Geers,Jameson,Geers,2002-12-05,77,250,,,,,,,,,,,,,,,,,,
2026,CLE,DB,SAF,34.0,ACT,Zion Washington,Zion,Washington,,73,208,,,,,,,,,,,,,,,,,,
2026,BUF,DB,DB,41.0,ACT,Kani Walker,Kani,Walker,,74,204,,,,,,,,,,,,,,,,,,
2026,NE,WR,WR,23.0,ACT,Nick DeGennaro,Nick,DeGennaro,2000-12-29,73,196,,,,,,,,,,,,,,,,,,
2026,CHI,TE,TE,43.0,ACT,Hayden Large,Hayden,Large,2002-03-27,76,250,,,,,,,,,,,,,,,,,,
2026,IND,WR,WR,,ACT,Sahmir Hagans,Sahmir,Hagans,,70,190,,,,,,,,,,,,,,,,,,
2026,CHI,TE,TE,87.0,UDF,Sam Roush,Sam,Roush,2003-09-06,77,267,,,,,,,,,,,,,,,,,,
2026,DEN,WR,WR,81.0,ACT,Kolbe Katsis,Kolbe,Katsis,2001-12-28,73,185,,,,,,,,,,,,,,,,,,
2026,DEN,WR,WR,32.0,ACT,Dane Key,Dane,Key,2003-07-01,75,210,,,,,,,,,,,,,,,,,,
2026,CHI,WR,WR,20.0,ACT,Kyron Hudson,Kyron,Hudson,2002-05-16,73,212,,,,,,,,,,,,,,,,,,
2026,CHI,WR,WR,82.0,ACT,Omari Kelly,Omari,Kelly,2003-10-23,72,190,,,,,,,,,,,,,,,,,,
2026,KC,DL,DT,,ACT,Amari McNeill,Amari,McNeill,2003-06-08,76,300,,,,,,,,,,,,,,,,,,
2026,LV,DB,SAF,43.0,ACT,Dalton Johnson,Dalton,Johnson,2003-04-15,71,198,,,,,,,,,,,,,,,,,,
2026,AZ,WR,WR,82.0,ACT,Reggie Virgil,Reggie,Virgil,2004-05-14,74,187,,,,,,,,,,,,,,,,,,
2026,AZ,WR,WR,30.0,ACT,Harrison Wallace III,Harrison,Wallace,2003-04-23,71,192,,,,,,,,,,,,,,,,,,
2026,KC,DL,DE,34.0,ACT,R Mason Thomas,R Mason,Thomas,2004-08-25,74,241,,,,,,,,,,,,,,,,,,
2026,WAS,DL,DT,60.0,ACT,Jeffrey M'ba,Jeffrey,M'ba,1999-04-09,78,312,,,,,,,,,,,,,,,,,,
2026,JAX,DB,SAF,22.0,ACT,Jalen Huskey,Jalen,Huskey,2003-05-10,73,196,,,,,,,,,,,,,,,,,,
2026,DET,DB,DB,42.0,ACT,Aamaris Brown,Aamaris,Brown,2002-08-26,70,190,,,,,,,,,,,,,,,,,,
2026,LV,DB,SAF,49.0,ACT,Devyn Perkins,Devyn,Perkins,,70,195,,,,,,,,,,,,,,,,,,
2026,BUF,LB,LB,52.0,ACT,Kaleb Elarms-Orr,Kaleb,Elarms-Orr,2003-08-29,74,234,,,,,,,,,,,,,,,,,,
2026,CIN,DB,CB,20.0,ACT,Tacario Davis,Tacario,Davis,2004-08-17,76,194,,,,,,,,,,,,,,,,,,
2026,MIA,LB,LB,17.0,ACT,Trey Moore,Trey,Moore,2003-05-05,74,243,,,,,,,,,,,,,,,,,,
2026,SEA,LB,LB,59.0,ACT,Marvin Jones Jr.,Marvin,Jones,2004-06-08,77,245,,,,,,,,,,,,,,,,,,
2026,JAX,DB,DB,40.0,ACT,Devon Marshall,Devon,Marshall,2004-08-27,71,200,,,,,,,,,,,,,,,,,,
2026,BAL,DB,DB,35.0,ACT,Matthew McDoom,Matthew,McDoom,2002-12-20,69,175,,,,,,,,,,,,,,,,,,
2026,LV,DB,SAF,41.0,ACT,Tanner Wall,Tanner,Wall,1999-12-12,73,205,,,,,,,,,,,,,,,,,,
2026,BAL,DB,CB,29.0,ACT,Chandler Rivers,Chandler,Rivers,2003-10-17,70,185,,,,,,,,,,,,,,,,,,
2026,BAL,DB,SAF,41.0,ACT,Jahquez Robinson,Jahquez,Robinson,2001-06-20,74,201,,,,,,,,,,,,,,,,,,
2026,CIN,DB,SAF,41.0,ACT,Isaiah Nwokobia,Isaiah,Nwokobia,2002-12-16,72,206,,,,,,,,,,,,"https://static.www.nfl.com/image/upload/f_auto,q_auto/league/bf24pqbgouzqafisesms",,,,,,
2026,LV,DL,DE,,UDF,Keyron Crawford,Keyron,Crawford,2003-10-17,76,253,,,,,,,,,,,,,,,,,,
2026,TEN,DB,CB,36.0,ACT,Latrell McCutchin,Latrell,McCutchin,2003-03-27,74,191,,,,,,,,,,,,,,,,,,
2026,CIN,DB,CB,22.0,ACT,Ceyair Wright,Ceyair,Wright,2002-12-19,72,185,,,,,,,,,,,,,,,,,,
2026,BAL,DB,SAF,36.0,ACT,Silas Walters,Silas,Walters,2002-07-20,71,199,,,,,,,,,,,,,,,,,,
2026,BAL,DB,DB,34.0,ACT,Ladarius Webb Jr.,Ladarius,Webb,2003-01-11,69,177,,,,,,,,,,,,,,,,,,
2026,JAX,DL,DT,94.0,ACT,T.J. Bollers,T.J.,Bollers,2002-11-19,74,305,,,,,,,,,,,,,,,,,,
2026,BAL,DL,DT,99.0,ACT,Rayshaun Benny,Rayshaun,Benny,2002-05-08,75,298,,,,,,,,,,,,,,,,,,
2026,DET,DL,DT,60.0,ACT,Aidan Keanaaina,Aidan,Keanaaina,2002-02-13,75,320,,,,,,,,,,,,,,,,,,
2026,BAL,DL,DE,59.0,ACT,Aaron Graves,Aaron,Graves,2003-07-14,77,292,,,,,,,,,,,,,,,,,,
2026,DET,DL,DE,61.0,ACT,Anthony Lucas,Anthony,Lucas,2004-10-08,77,256,,,,,,,,,,,,,,,,,,
2026,LV,DL,DE,48.0,ACT,Cian Slone,Cian,Slone,2002-09-19,75,239,,,,,,,,,,,,,,,,,,
2026,DET,DL,DE,9.0,ACT,Derrick Moore,Derrick,Moore,2002-12-06,75,256,,,,,,,,,,,,,,,,,,
2026,HOU,WR,WR,17.0,UDF,Daniel Sobkowicz,Daniel,Sobkowicz,2002-09-16,75,205,,,,,,,,,,,,,,,,,,
2026,JAX,DL,DT,98.0,ACT,Albert Regis,Albert,Regis,2003-05-17,73,295,,,,,,,,,,,,,,,,,,
2026,DET,DL,DL,74.0,ACT,Melvin Priestly,Melvin,Priestly,2003-11-27,76,305,,,,,,,,,,,,,,,,,,
2026,GB,OL,G,68.0,ACT,Dillon Wade,Dillon,Wade,2002-05-23,75,316,,,,,,,,,,,,,,,,,,
2026,BUF,OL,OT,76.0,ACT,De'Metrius Weatherspoon,De'Metrius,Weatherspoon,2002-10-09,79,320,,,,,,,,,,,,,,,,,,
2026,BAL,DL,DT,58.0,ACT,Dion Wilson,Dion,Wilson,2002-05-06,76,302,,,,,,,,,,,,,,,,,,
2026,BAL,DL,DE,9.0,ACT,Zion Young,Zion,Young,2004-03-18,77,262,,,,,,,,,,,,,,,,,,
2026,PIT,K,K,34.0,ACT,Laith Marjan,Laith,Marjan,,74,210,,,,,,,,,,,,,,,,,,
2026,DEN,DB,CB,32.0,ACT,Ahmari Harvey,Ahmari,Harvey,2003-03-23,71,185,,,,,,,,,,,,,,,,,,
2026,KC,RB,RB,10.0,ACT,Emmett Johnson,Emmett,Johnson,2003-10-10,70,202,,,,,,,,,,,,,,,,,,
2026,BAL,LB,LB,42.0,ACT,Dominic DeLuca,Dominic,DeLuca,2005-04-10,73,228,,,,,,,,,,,,,,,,,,
2026,JAX,LB,LB,53.0,ACT,Parker Hughes,Tony,Hughes,2003-01-02,73,228,,,,,,,,,,,,,,,,,,
2026,CIN,LB,LB,59.0,ACT,Jack Dingle,Jack,Dingle,2003-05-27,76,235,,,,,,,,,,,,,,,,,,
2026,WAS,QB,QB,16.0,ACT,Athan Kaliakmanis,Athan,Kaliakmanis,2003-08-20,74,216,,,,,,,,,,,,,,,,,,
2026,DET,LB,LB,48.0,ACT,Erick Hunter,Erick,Hunter,2003-02-26,74,220,,,,,,,,,,,,,,,,,,
2026,PHI,DB,SAF,,RSN,Tucker Large,Tucker,Large,,71,183,,,,,,,,,,,,,,,,,,
2026,TEN,LB,LB,48.0,ACT,Sean Brown,Sean,Brown,2003-04-24,71,216,,,,,,,,,,,,,,,,,,
2026,DEN,DB,SAF,39.0,ACT,Miles Scott,Miles,Scott,2002-03-28,71,210,,,,,,,,,,,,,,,,,,
2026,LV,OL,OT,72.0,ACT,Isaiah Jatta,Isaiah,Jatta,2004-05-27,78,315,,,,,,,,,,,,,,,,,,
2026,CLE,TE,TE,18.0,ACT,Joe Royer,Joe,Royer,2002-02-25,77,250,,,,,,,,,,,,,,,,,,
2026,CIN,OL,G,60.0,ACT,Liam Brown,Liam,Brown,2002-03-15,77,307,,,,,,,,,,,,,,,,,,
2026,BAL,OL,G,60.0,ACT,Evan Beerntsen,Evan,Beerntsen,2000-09-19,75,301,,,,,,,,,,,,,,,,,,
2026,BUF,WR,WR,13.0,ACT,Skyler Bell,Skyler,Bell,2002-07-05,71,192,,,,,,,,,,,,,,,,,,
2026,LV,OL,OT,62.0,ACT,Kamar Missouri,Kamar,Missouri,2002-03-08,77,310,,,,,,,,,,,,,,,,,,
2026,BAL,OL,C,53.0,ACT,Nick Dawkins,Nicholas,Dawkins,2002-05-07,76,305,,,,,,,,,,,,,,,,,,
2026,PIT,OL,C,61.0,ACT,Greg Crippen,Greg,Crippen,2002-02-17,76,309,,,,,,,,,,,,,,,,,,
2026,BAL,OL,G,71.0,ACT,Olaivavega Ioane,Olaivavega,Ioane,2004-04-17,76,320,,,,,,,,,,,,,,,,,,
2026,PIT,OL,G,73.0,ACT,Gennings Dunker,Gennings,Dunker,2003-05-08,77,319,,,,,,,,,,,,,,,,,,
2026,BUF,WR,WR,84.0,ACT,Ja'Mori Maclin,Ja'Mori,Maclin,2001-09-08,71,183,,,,,,,,,,,,,,,,,,
2026,JAX,OL,OT,62.0,ACT,Jimto Obidegwu,Jimto,Obidegwu,,77,335,,,,,,,,,,,,,,,,,,
2026,BAL,OL,OT,61.0,ACT,Diego Pounds,Diego,Pounds,2002-12-12,78,330,,,,,,,,,,,,,,,,,,
2026,LV,QB,QB,16.0,ACT,Jacob Clark,Jacob,Clark,2000-11-01,77,220,,,,,,,,,,,,,,,,,,
2026,TEN,OL,OT,62.0,ACT,Rasheed Miller,Rasheed,Miller,2001-05-20,79,301,,,,,,,,,,,,,,,,,,
2026,CIN,OL,OT,77.0,ACT,Corey Robinson II,Corey,Robinson,,77,311,,,,,,,,,,,,,,,,,,
2026,JAX,QB,QB,17.0,ACT,Joey Aguilar,Jose,Aguilar,2001-06-16,75,225,,,,,,,,,,,,,,,,,,
2026,NYJ,DB,CB,38.0,ACT,Mory Bamba,Mory,Bamba,,74,193,,,,,,,,,,,,,,,,,,
2026,BAL,P,P,30.0,ACT,Ryan Eckley,Ryan,Eckley,2003-12-06,72,207,,,,,,,,,,,,,,,,,,
2026,BAL,P,P,31.0,ACT,Luke Elzinga,Luke,Elzinga,2000-12-18,76,223,,,,,,,,,,,,,,,,,,
2026,LV,RB,RB,37.0,ACT,Roman Hemby,Roman,Hemby,2002-08-16,72,210,,,,,,,,,,,,,,,,,,
2026,TEN,OL,OT,69.0,ACT,Aamil Wagner,Aamil,Wagner,2003-10-07,78,306,,,,,,,,,,,,,,,,,,
2026,LV,RB,RB,30.0,ACT,Mike Washington Jr.,Michael,Washington,2003-07-03,74,228,,,,,,,,,,,,,,,,,,
2026,BAL,QB,QB,17.0,ACT,Diego Pavia,Diego,Pavia,2002-09-18,70,203,,,,,,,,,,,,,,,,,,
2026,CIN,RB,RB,31.0,ACT,Kentrel Bullock,Kentrel,Bullock,2002-03-31,70,205,,,,,,,,,,,,,,,,,,
2026,CIN,RB,RB,24.0,ACT,Jamal Haynes,Jamal,Haynes,2002-10-05,67,195,,,,,,,,,,,,,,,,,,
2026,JAX,TE,TE,87.0,ACT,Nate Boerkircher,Nate,Boerkircher,2001-09-04,77,245,,,,,,,,,,,,,,,,,,
2026,JAX,TE,TE,48.0,ACT,Ethan Conner,Ethan,Conner,2002-04-03,76,245,,,,,,,,,,,,,,,,,,
2026,BAL,RB,RB,36.0,ACT,Dontae McMillan,Donnie,McMillan,2001-08-04,70,203,,,,,,,,,,,,,,,,,,
2026,DEN,LS,LS,43.0,ACT,Luke Basso,Luke,Basso,2003-05-17,75,246,,,,,,,,,,,,,,,,,,
2026,DET,TE,TE,84.0,ACT,Miles Kitselman,Miles,Kitselman,2002-09-25,77,251,,,,,,,,,,,,,,,,,,
2026,BAL,RB,RB,34.0,ACT,Elijah Tau-Tolliver,Elijah,Tau-Tolliver,2003-05-16,72,204,,,,,,,,,,,,,,,,,,
2026,LV,WR,WR,83.0,ACT,Jonathan Brady,Jonathan,Brady,2003-10-08,70,183,,,,,,,,,,,,,,,,,,
2026,BAL,TE,TE,85.0,ACT,Josh Cuevas,Josh,Cuevas,2003-09-15,75,245,,,,,,,,,,,,,,,,,,
2026,CAR,DB,SAF,38.0,ACT,Zakee Wheatley,Zakee,Wheatley,2002-02-28,75,203,,,,,,,,,,,,,,,,,,
2026,DET,WR,WR,80.0,ACT,Kyre Duplessis,Kyre,Duplessis,,71,190,,,,,,,,,,,,,,,,,,
2026,LV,WR,WR,86.0,ACT,Chase Roberts,Chase,Roberts,2001-01-21,76,210,,,,,,,,,,,,,,,,,,
2026,CAR,DL,DT,61.0,ACT,Aaron Hall,Aaron,Hall,2003-04-18,76,297,,,,,,,,,,,,,,,,,,
2026,JAX,WR,WR,83.0,ACT,Ben Patterson,Ben,Patterson,,77,220,,,,,,,,,,,,,,,,,,
2026,DAL,DL,DT,94.0,ACT,Kelvin Gilliam,Kelvin,Gilliam,2002-12-22,75,295,,,,,,,,,,,,,,,,,,
2026,CIN,WR,WR,81.0,ACT,Dohnte Meyers,Dohnte,Meyers,2000-07-06,71,186,,,,,,,,,,,,,,,,,,
2026,BAL,WR,WR,6.0,ACT,Ja'Kobi Lane,Ja'Kobi,Lane,2004-08-05,76,200,,,,,,,,,,,,,,,,,,
2026,BAL,WR,WR,13.0,ACT,Elijah Sarratt,Elijah,Sarratt,2003-05-28,74,209,,,,,,,,,,,,,,,,,,
2026,BAL,WR,WR,87.0,ACT,Octavian Smith,Octavian,Smith,2003-05-12,71,184,,,,,,,,,,,,,,,,,,
2026,JAX,WR,WR,,ACT,Michael Wortham,Michael,Wortham,2002-06-27,69,190,,,,,,,,,,,,,,,,,,
2026,MIN,LB,LB,57.0,ACT,Keli Lawson,Keli,Lawson,,76,230,,,,,,,,,,,,,,,,,,
2026,CIN,WR,WR,86.0,ACT,Colbie Young,Colbie,Young,2002-07-24,76,218,,,,,,,,,,,,,,,,,,
2026,SF,DL,DE,,ACT,Mikail Kamara,Mikail,Kamara,2001-10-09,73,265,,,,,,,,,,,,,,,,,,
2026,PIT,WR,WR,42.0,ACT,Kaden Wetjen,Kaden,Wetjen,2002-03-09,69,193,,,,,,,,,,,,,,,,,,
2026,MIN,LB,LB,48.0,ACT,Jacob Roberts,Jacob,Roberts,2001-09-20,73,233,,,,,,,,,,,,,,,,,,
2026,BUF,DB,DB,36.0,ACT,Jordan Dunbar,Jordan,Dunbar,2001-11-30,72,195,,,,,,,,,,,,,,,,,,
2026,GB,DB,DB,,ACT,Marlon Jones,Marlon,Jones,,73,190,,,,,,,,,,,,,,,,,,
2026,GB,DB,SAF,39.0,ACT,Murvin Kenion,Murvin,Kenion,,71,200,,,,,,,,,,,,,,,,,,
2026,CLE,DB,CB,43.0,ACT,Nate Evans,Nate,Evans,2003-03-12,71,191,,,,,,,,,,,,,,,,,,
2026,MIA,DB,SAF,41.0,ACT,Louis Moore,Louis,Moore,2001-01-29,71,190,,,,,,,,,,,,,,,,,,
2026,LAC,TE,TE,36.0,ACT,Jerand Bradley,Jerand,Bradley,2002-10-10,77,223,,,,,,,,,,,,,,,,,,
2026,KC,DB,CB,,ACT,D'Arco Perkins-McAllister,D'Arco,Perkins-McAllister,2002-09-11,73,195,,,,,,,,,,,,,,,,,,
2026,BUF,DB,CB,21.0,ACT,Davison Igbinosun,Aimuamwosa,Igbinosun,2004-04-11,74,193,,,,,,,,,,,,,,,,,,
2026,BUF,DB,SAF,29.0,ACT,Jalon Kilgore,Jalon,Kilgore,2005-01-27,73,211,,,,,,,,,,,,,,,,,,
2026,KC,DB,SAF,,ACT,DeShon Singleton,DeShon,Singleton,2003-02-04,75,205,,,,,,,,,,,,,,,,,,
2026,BUF,DB,CB,32.0,ACT,Toriano Pride Jr.,Toriano,Pride,2003-12-18,70,185,,,,,,,,,,,,,,,,,,
2026,NYJ,LB,LB,,ACT,Chase Wilson,Chase,Wilson,,73,230,,,,,,,,,,,,,,,,,,
2026,NE,TE,TE,82.0,ACT,Eli Raridon,Elijah,Raridon,2004-02-12,78,245,,,,,,,,,,,,,,,,,,
2026,GB,DL,DE,69.0,ACT,Dante Barnett,Dante,Barnett,2003-02-11,73,275,,,,,,,,,,,,,,,,,,
2026,KC,DL,DE,,ACT,Vincent Anthony Jr.,Vincent,Anthony,2004-04-26,78,250,,,,,,,,,,,,,,,,,,
2026,HOU,OL,OT,,ACT,Derrick Graham,Derrick,Graham,,76,314,,,,,,,,,,,,,,,,,,
2026,BUF,DL,DT,92.0,ACT,Zane Durant,Zane,Durant,2004-05-06,73,290,,,,,,,,,,,,,,,,,,
2026,BUF,DL,DT,61.0,ACT,Kody Huisman,Kody,Huisman,2002-07-03,76,297,,,,,,,,,,,,,,,,,,
2026,MIA,DL,DE,57.0,ACT,Max Llewellyn,Max,Llewellyn,2002-08-16,77,263,,,,,,,,,,,,,,,,,,
2026,MIA,DL,DE,59.0,ACT,Rodney McGraw,Rodney,McGraw,2002-03-31,76,264,,,,,,,,,,,,,,,,,,
2026,GB,DL,DE,47.0,ACT,Nyjalik Kelly,Nyjalik,Kelly,2004-10-29,77,263,,,,,,,,,,,,,,,,,,
2026,GB,DL,DT,55.0,ACT,Chris McClellan,Chris,McClellan,2003-10-17,75,313,,,,,,,,,,,,,,,,,,
2026,HOU,OL,G,66.0,ACT,Keylan Rutledge,Keylan,Rutledge,2003-09-02,76,330,,,,,,,,,,,,,,,,,,
2026,CLE,DL,DE,64.0,ACT,Tyreak Sapp,Tyreak,Sapp,2002-10-05,75,272,,,,,,,,,,,,,,,,,,
2026,CLE,DL,DE,90.0,ACT,Khordae Sydnor,Khordae,Sydnor,2003-08-24,76,264,,,,,,,,,,,,,,,,,,
2026,LA,QB,QB,,ACT,Matthew Caldwell,Matthew,Caldwell,2003-05-23,76,209,,,,,,,,,,,,,,,,,,
2026,HOU,P,P,36.0,ACT,Jack Stonehouse,Jack,Stonehouse,,73,215,,,,,,,,,,,,,,,,,,
2026,DET,DB,CB,28.0,ACT,Keith Abney II,Keith,Abney,2005-01-11,69,187,,,,,,,,,,,,,,,,,,
2026,CLE,LB,LB,38.0,ACT,Reid Carrico,Reid,Carrico,,74,226,,,,,,,,,,,,,,,,,,
2026,CLE,LB,LB,10.0,ACT,Justin Jefferson,Justin,Jefferson,2003-03-20,72,223,,,,,,,,,,,,,,,,,,
2026,BUF,LB,LB,57.0,ACT,Cade Denhoff,Cade,Denhoff,2002-08-30,77,260,,,,,,,,,,,,,,,,,,
2026,NYJ,QB,QB,10.0,ACT,Cade Klubnik,Cade,Klubnik,2003-10-10,74,207,,,,,,,,,,,,,,,,,,
2026,KC,LB,LB,,ACT,Wesley Bissainthe,Wesley,Bissainthe,2004-05-23,73,225,,,,,,,,,,,,,,,,,,
2026,SEA,LB,LB,93.0,ACT,Aidan Hubbard,Aidan,Hubbard,2003-03-15,76,259,,,,,,,,,,,,,,,,,,
2026,NYG,LB,LB,51.0,ACT,Jack Kelly,Jack,Kelly,2003-01-02,74,240,,,,,,,,,,,,,,,,,,
2026,MIA,LB,LB,10.0,ACT,Jacob Rodriguez,Jacob,Rodriguez,2002-09-06,73,235,,,,,,,,,,,,,,,,,,
2026,HOU,RB,RB,26.0,ACT,Noah Whittington,Noah,Whittington,2001-12-13,68,203,,,,,,,,,,,,,,,,,,
2026,BUF,LB,LB,99.0,ACT,TJ Parker,Tomarrion,Parker,2004-09-19,75,263,,,,,,,,,,,,,,,,,,
2026,NO,DB,SAF,36.0,ACT,Lorenzo Styles Jr.,Lorenzo,Styles,2002-09-09,73,195,,,,,,,,,,,,,,,,,,
2026,CLE,OL,OT,58.0,ACT,Austin Barber,Austin,Barber,2003-05-20,79,320,,,,,,,,,,,,,,,,,,
2026,CLE,OL,C,52.0,ACT,Parker Brailsford,Parker,Brailsford,2003-10-20,74,290,,,,,,,,,,,,,,,,,,
2026,MIA,OL,G,63.0,ACT,DJ Campbell,Devon,Campbell,2003-09-24,75,321,,,,,,,,,,,,,,,,,,
2026,MIA,OL,OT,79.0,ACT,Kevin Cline,Kevin,Cline,2001-05-29,78,316,,,,,,,,,,,,,,,,,,
2026,BUF,OL,OT,,UDF,Jude Bowry,Jude,Bowry,2003-08-19,77,311,,,,,,,,,,,,,,,,,,
2026,CLE,OL,OT,55.0,ACT,Spencer Fano,Spencer,Fano,2003-05-10,78,315,,,,,,,,,,,,,,,,,,
2026,GB,OL,G,74.0,ACT,Dylan Barrett,Dylan,Barrett,,77,325,,,,,,,,,,,,,,,,,,
2026,GB,OL,C,52.0,ACT,Jager Burton,Jager,Burton,2002-08-24,76,312,,,,,,,,,,,,,,,,,,
2026,NYG,OL,OT,,ACT,Francis Mauigoa,Francis,Mauigoa,2005-06-04,78,315,,,,,,,,,,,,,,,,,,
2026,GB,OL,OT,76.0,ACT,Josh Gesky,Josh,Gesky,2002-12-31,77,308,,,,,,,,,,,,,,,,,,
2026,KC,OL,C,,ACT,Pete Nygra,Pete,Nygra,,76,295,,,,,,,,,,,,,,,,,,
2026,BUF,OL,OT,75.0,ACT,Bruno Fina,Bruno,Fina,,77,300,,,,,,,,,,,,,,,,,,
2026,MIN,WR,WR,31.0,ACT,Marcus Sanders Jr.,Marcus,Sanders,,73,190,,,,,,,,,,,,,,,,,,
2026,CLE,OL,OT,60.0,ACT,Izavion Miller,Izavion,Miller,,77,305,,,,,,,,,,,,,,,,,,
2026,JAX,DL,DL,96.0,ACT,Jalen Hunt,Jalen,Hunt,2001-08-23,74,315,,,,,,,,,,,,,,,,,,
2026,BUF,OL,G,60.0,ACT,Ar'maj Reed-Adams,Ar'maj,Reed-Adams,2001-11-04,77,314,,,,,,,,,,,,,,,,,,
2026,WAS,OL,C,66.0,ACT,Matt Gulbin,Matt,Gulbin,2002-10-27,76,312,,,,,,,,,,,,,,,,,,
2026,NYJ,WR,WR,,ACT,Jalen Walthall,Jalen,Walthall,2002-10-14,74,180,,,,,,,,,,,,,,,,,,
2026,SF,WR,WR,,ACT,Will Pauling,Will,Pauling,2003-03-04,69,183,,,,,,,,,,,,,,,,,,
2026,BUF,P,P,39.0,ACT,Tommy Doman Jr.,Thomas,Doman,2002-09-01,76,214,,,,,,,,,,,,,,,,,,
2026,GB,QB,QB,13.0,ACT,Kyron Drones,Kyron,Drones,2003-07-24,74,226,,,,,,,,,,,,,,,,,,
2026,CLE,QB,QB,15.0,ACT,Taylen Green,Taylen,Green,2002-10-18,78,230,,,,,,,,,,,,,,,,,,
2026,TEN,DL,DT,96.0,ACT,Jackie Marshall,Jackie,Marshall,2003-04-26,74,293,,,,,,,,,,,,,,,,,,
2026,NE,DB,SAF,34.0,ACT,Peter Manuma,Peter,Manuma,,72,205,,,,,,,,,,,,,,,,,,
2026,BUF,RB,RB,40.0,ACT,Jackson Acker,Jackson,Acker,2002-11-15,73,247,,,,,,,,,,,,,,,,,,
2026,TB,DB,SAF,35.0,ACT,Ja'Qurious Conley,Ja'Qurious,Conley,2001-02-15,73,215,,,,,,,,,,,,,,,,,,
2026,CLE,RB,RB,36.0,ACT,TJ Harden,Tomarion,Harden,2004-04-23,72,218,,,,,,,,,,,,,,,,,,
2026,LV,LS,LS,46.0,ACT,Tyler Duzansky,Tyler,Duzansky,,76,225,,,,,,,,,,,,,,,,,,
2026,GB,RB,RB,35.0,ACT,Jaden Nixon,Jaden,Nixon,,70,200,,,,,,,,,,,,,,,,,,
2026,TEN,LB,LB,40.0,ACT,Shad Banks Jr.,Shad,Banks,2003-03-28,71,230,,,,,,,,,,,,,,,,,,
2026,KC,TE,TE,,ACT,John Michael Gyllenborg,John Michael,Gyllenborg,2002-08-07,77,249,,,,,,,,,,,,,,,,,,
2026,MIA,TE,TE,49.0,ACT,Seydou Traore,Seydou,Traore,2002-08-12,76,235,,,,,,,,,,,,,,,,,,
2026,GB,TE,TE,48.0,ACT,RJ Maryland,RJ,Maryland,2004-07-09,75,236,,,,,,,,,,,,,,,,,,
2026,NE,DL,DT,96.0,ACT,David Blay Jr.,David,Blay,2003-01-28,74,292,,,,,,,,,,,,"https://static.www.nfl.com/image/upload/f_auto,q_auto/league/qoosj7rvr1yzvos7gik1",,,,,,
2026,CLE,TE,TE,48.0,ACT,Carsen Ryan,Carsen,Ryan,2003-08-21,75,255,,,,,,,,,,,,,,,,,,
2026,MIA,WR,WR,7.0,ACT,Caleb Douglas,Caleb,Douglas,2003-09-09,76,205,,,,,,,,,,,,,,,,,,
2026,CHI,DB,SAF,38.0,ACT,Skyler Thomas,Skyler,Thomas,2003-09-17,74,191,,,,,,,,,,,,,,,,,,
2026,BUF,WR,WR,80.0,ACT,Gabriel Benyard,Gabriel,Benyard,,70,185,,,,,,,,,,,,,,,,,,
2026,KC,WR,WR,,ACT,Jacob De Jesus,Jacob,De Jesus,2002-03-13,66,174,,,,,,,,,,,,,,,,,,
2026,CLE,WR,WR,12.0,ACT,Denzel Boston,Denzel,Boston,2003-12-06,76,215,,,,,,,,,,,,,,,,,,
2026,CLE,WR,WR,,UDF,KC Concepcion,Kevin,Concepcion,2004-09-24,71,190,,,,,,,,,,,,,,,,,,
2026,KC,WR,WR,,ACT,Xavier Loyd,Xavier,Loyd,2003-03-11,74,196,,,,,,,,,,,,,,,,,,
2026,LAC,LB,LB,57.0,ACT,Lander Barton,Lander,Barton,2003-12-30,77,240,,,,,,,,,,,,,,,,,,
2026,GB,WR,WR,87.0,ACT,J. Michael Sturdivant,J. Michael,Sturdivant,2002-09-06,75,207,,,,,,,,,,,,,,,,,,
2026,MIN,DB,DB,29.0,ACT,Marcus Allen,Marcus,Allen,2004-04-27,73,197,,,,,,,,,,,,,,,,,,
2026,MIN,DB,CB,38.0,ACT,Da'Veawn Armstead,Da'Veawn,Armstead,,73,183,,,,,,,,,,,,,,,,,,
2026,MIN,DB,CB,28.0,ACT,Tyreek Chappell,Tyreek,Chappell,2002-11-22,71,180,,,,,,,,,,,,,,,,,,
2026,LA,DB,SAF,,ACT,Nick Andersen,Nick,Andersen,2002-01-28,71,197,,,,,,,,,,,,,,,,,,
2026,CLE,WR,WR,38.0,ACT,Kole Wilson,Kole,Wilson,,67,177,,,,,,,,,,,,,,,,,,
2026,SEA,WR,WR,,ACT,Rashad Rochelle,Rashad,Rochelle,,71,185,,,,,,,,,,,,,,,,,,
2026,HOU,DB,CB,41.0,ACT,Stephen Hall,Stephen,Hall,2002-04-24,72,202,,,,,,,,,,,,,,,,,,
2026,LA,DB,CB,,ACT,Al'zillion Hamiltonon,Al'zillionon,Hamilton,,71,185,,,,,,,,,,,,,,,,,,
2026,LA,OL,OT,,ACT,Austin Blaske,Austin,Blaske,,77,310,,,,,,,,,,,,,,,,,,
2026,NO,RB,RB,43.0,ACT,CJ Donaldson,De'Carlo,Donaldson,2004-07-09,73,230,,,,,,,,,,,,,,,,,,
2026,LAC,LB,LB,56.0,ACT,Nadame Tucker,Nadame,Tucker,2000-06-21,75,250,,,,,,,,,,,,,,,,,,
2026,MIN,DB,SAF,39.0,ACT,Jacob Thomas,Jacob,Thomas,,73,212,,,,,,,,,,,,,,,,,,
2026,HOU,DB,SAF,27.0,ACT,Kamari Ramsey,Kamari,Ramsey,2004-08-24,72,204,,,,,,,,,,,,,,,,,,
2026,JAX,RB,RB,30.0,ACT,J'Mari Taylor,J'Mari,Taylor,2002-03-15,69,199,,,,,,,,,,,,,,,,,,
2026,LV,TE,TE,45.0,ACT,Patrick Gurd,Patrick,Gurd,,76,250,,,,,,,,,,,,,,,,,,
2026,NYJ,DB,CB,23.0,ACT,D'Angelo Ponds,D'Angelo,Ponds,2005-01-13,68,182,,,,,,,,,,,,,,,,,,
2026,CHI,LB,LB,35.0,ACT,Wayne Matthews II,Wayne,Matthews,2002-07-10,72,221,,,,,,,,,,,,,,,,,,
2026,PIT,RB,RB,29.0,ACT,Eli Heidenreich,Eli,Heidenreich,2003-07-28,72,198,,,,,,,,,,,,,,,,,,
2026,HOU,DB,CB,37.0,ACT,Collin Wright,Collin,Wright,2003-12-13,72,195,,,,,,,,,,,,,,,,,,
2026,NE,OL,OT,68.0,ACT,Dametrious Crownover,Dametrious,Crownover,2001-09-12,79,319,,,,,,,,,,,,,,,,,,
2026,IND,OL,G,,ACT,Jalen Farmer,Jalen,Farmer,2004-07-27,77,317,,,,,,,,,,,,,,,,,,
2026,SF,DB,CB,,ACT,Ephesians Prysock,Ephesians,Prysock,2003-02-28,76,195,,,,,,,,,,,,,,,,,,
2026,NE,OL,OT,74.0,ACT,Caleb Lomu,Caleb,Lomu,2004-12-23,78,313,,,,,,,,,,,,,,,,,,
2026,IND,OL,C,,ACT,Josh Kreutz,Josh,Kreutz,,74,290,,,,,,,,,,,,,,,,,,
2026,LAC,OL,C,66.0,ACT,Jake Slaughter,Jake,Slaughter,2002-12-12,76,308,,,,,,,,,,,,,,,,,,
2026,LAC,OL,C,60.0,ACT,Jacob Spomer,Jacob,Spomer,,75,290,,,,,,,,,,,,,,,,,,
2026,NYJ,DL,DT,,UDF,Darrell Jackson Jr.,Darrell,Jackson,2003-04-28,77,337,,,,,,,,,,,,,,,,,,
2026,PIT,TE,TE,81.0,ACT,Lake McRee,Lake,McRee,2002-09-04,76,243,,,,,,,,,,,,,,,,,,
2026,IND,OL,OT,,ACT,Nolan Rucci,Nolan,Rucci,2002-08-05,80,314,,,,,,,,,,,,,,,,,,
2026,HOU,DL,DT,93.0,ACT,Kayden McDonald,Kayden,McDonald,2005-03-12,75,326,,,,,,,,,,,,,,,,,,
2026,LA,DL,DT,,ACT,Payton Zdroik,Payton,Zdroik,,72,275,,,,,,,,,,,,,,,,,,
2026,MIN,LB,LB,41.0,ACT,Jake Golday,Jake,Golday,2003-05-23,76,240,,,,,,,,,,,,,,,,,,
2026,MIN,LB,LB,59.0,ACT,Bangally Kamara,Bangally,Kamara,2001-10-13,74,235,,,,,,,,,,,,,,,,,,
2026,IND,OL,C,,ACT,Geno VanDeMark,Geno,VanDeMark,,77,326,,,,,,,,,,,,,,,,,,
2026,TEN,WR,WR,19.0,ACT,Tyren Montgomery,Tyren,Montgomery,2001-07-03,71,204,,,,,,,,,,,,,,,,,,
2026,NE,QB,QB,15.0,ACT,Behren Morton,Behren,Morton,2002-01-17,74,218,,,,,,,,,,,,,,,,,,
2026,HOU,LB,LB,59.0,ACT,Aiden Fisher,Aiden,Fisher,2003-12-23,73,231,,,,,,,,,,,,,,,,,,
2026,NYJ,RB,RB,25.0,ACT,Sam Scott,Sam,Scott,,73,213,,,,,,,,,,,,,,,,,,
2026,LA,LB,OLB,,ACT,Darryl Peterson III,Darryl,Peterson,2003-09-13,73,260,,,,,,,,,,,,,,,,,,
2026,TB,OL,OT,76.0,ACT,Paul Rubelt,Paul,Rubelt,2001-04-28,82,313,,,,,,,,,,,,,,,,,,
2026,NYJ,LB,LB,31.0,ACT,David Bailey,David,Bailey,2003-08-28,75,250,,,,,,,,,,,,,,,,,,
2026,MIA,DB,CB,,ACT,Chris Johnson,Anthony,Johnson,2004-11-09,72,193,,,,,,,,,,,,,,,,,,
2026,IND,RB,RB,,ACT,Seth McGowan,Seth,McGowan,2001-10-23,73,223,,,,,,,,,,,,,,,,,,
2026,SEA,DB,CB,37.0,ACT,Michael Dansby,Michael,Dansby,2001-03-15,71,185,,,,,,,,,,,,,,,,,,
2026,WAS,DB,CB,38.0,ACT,Fred Davis,Fred,Davis,2002-02-12,73,200,,,,,,,,,,,,,,,,,,
2026,NE,TE,TE,84.0,ACT,Tanner Arkin,Tanner,Arkin,2003-07-07,76,262,,,,,,,,,,,,,,,,,,
2026,SF,LB,LB,,ACT,Jaden Dugger,Jaden,Dugger,2004-02-26,76,240,,,,,,,,,,,,,,,,,,
2026,CAR,LB,LB,47.0,ACT,Isaiah Smith,Isaiah,Smith,2003-09-27,76,248,,,,,,,,,,,,,,,,,,
2026,CIN,DL,DE,,ACT,Cashius Howell,Cashius,Howell,2003-04-16,76,255,,,,,,,,,,,,,,,,,,
2026,IND,TE,TE,45.0,ACT,Carson Towt,Carson,Towt,2001-06-01,80,250,,,,,,,,,,,,,,,,,,
2026,CAR,WR,WR,,ACT,Malick Meiga,Malick,Meiga,2001-03-25,76,201,,,,,,,,,,,,,,,,,,
2026,TB,RB,RB,49.0,ACT,Kadarius Calloway,Kadarius,Calloway,2002-02-04,72,213,,,,,,,,,,,,,,,,,,
2026,NYJ,OL,G,72.0,ACT,Anez Cooper,Anez,Cooper,2004-01-06,77,334,,,,,,,,,,,,,,,,,,
2026,NYG,DL,DT,68.0,ACT,Ben Barten,Ben,Barten,,77,330,,,,,,,,,,,,,,,,,,
2026,MIN,OL,OT,63.0,ACT,Tristan Leigh,Tristan,Leigh,2003-04-28,77,312,,,,,,,,,,,,,,,,,,
2026,MIN,OL,C,62.0,ACT,Delby Lemieux,Delby,Lemieux,2003-11-06,77,305,,,,,,,,,,,,,,,,,,
2026,CAR,OL,OT,57.0,ACT,Monroe Freeling,Monroe,Freeling,2004-07-25,79,315,,,,,,,,,,,,,,,,,,
2026,CAR,OL,OT,74.0,ACT,Isaia Glass,Isaia,Glass,2003-03-29,76,311,,,,,,,,,,,,,,,,,,
2026,LAC,WR,WR,24.0,ACT,Devonte Ross,Devonte,Ross,2002-09-09,70,171,,,,,,,,,,,,,,,,,,
2026,DAL,OL,OT,75.0,ACT,Shiyazh Pete,Shiyazh,Pete,2003-05-25,81,309,,,,,,,,,,,,,,,,,,
2026,IND,WR,WR,,ACT,Raylen Sharpe,Raylen,Sharpe,2002-03-27,69,169,,,,,,,,,,,,,,,,,,
2026,PHI,WR,WR,9.0,ACT,Makai Lemon,Makai,Lemon,2004-06-02,71,192,,,,,,,,,,,,,,,,,,
2026,MIN,P,P,47.0,ACT,Brett Thorson,Brett,Thorson,2000-01-06,73,237,,,,,,,,,,,,,,,,,,
2026,KC,DL,NT,,ACT,Damon Payne,Damon,Payne,2003-04-15,76,314,,,,,,,,,,,,,,,,,,
2026,LV,DB,SAF,40.0,ACT,Devin Lafayette,Devin,Lafayette,,74,210,,,,,,,,,,,,,,,,,,
2026,NYG,K,K,34.0,ACT,Dominic Zvada,Dominic,Zvada,2003-10-25,75,187,,,,,,,,,,,,,,,,,,
2026,JAX,DB,CB,26.0,ACT,Preston Hodge,Preston,Hodge,2002-09-18,72,200,,,,,,,,,,,,,,,,,,
2026,MIN,RB,RB,45.0,ACT,Max Bredeson,Max,Bredeson,2002-10-04,74,252,,,,,,,,,,,,,,,,,,
2026,SF,OL,OT,,ACT,Carver Willis,Carver,Willis,2002-04-20,77,303,,,,,,,,,,,,,,,,,,
2026,TB,WR,WR,83.0,ACT,Eric Rivers Jr.,Eric,Rivers,2002-09-17,70,176,,,,,,,,,,,,,,,,,,
2026,MIA,LB,LB,19.0,ACT,Kyle Louis,Kyle,Louis,2004-03-09,72,220,,,,,,,,,,,,,,,,,,
2026,TB,WR,WR,8.0,ACT,Dean Patterson,Dean,Patterson,2002-05-20,74,200,,,,,,,,,,,,,,,,,,
2026,TB,DB,CB,22.0,ACT,Keionte Scott,Keionte,Scott,2001-08-11,71,193,,,,,,,,,,,,,,,,,,
2026,HOU,RB,RB,31.0,ACT,Joshua Pitsenberger,Joshua,Pitsenberger,,72,215,,,,,,,,,,,,,,,,,,
2026,LV,DB,SAF,31.0,ACT,Treydan Stukes,Treydan,Stukes,2001-09-11,74,200,,,,,,,,,,,,,,,,,,
2026,HOU,TE,TE,,ACT,Louis Hansen,Louis,Hansen,,77,240,,,,,,,,,,,,,,,,,,
2026,GB,LB,LB,40.0,ACT,TJ Quinn,TJ,Quinn,2001-01-15,72,225,,,,,,,,,,,,,,,,,,
2026,TB,DL,DT,90.0,ACT,DeMonte Capehart,DeMonte,Capehart,2002-07-19,76,313,,,,,,,,,,,,,,,,,,
2026,NYJ,RB,RB,40.0,ACT,Chip Trayanum,DeaMonte,Trayanum,2002-01-02,70,224,,,,,,,,,,,,,,,,,,
2026,HOU,TE,TE,49.0,ACT,Layne Pryor,Layne,Pryor,2002-12-09,74,250,,,,,,,,,,,,,,,,,,
2026,TEN,DB,CB,35.0,ACT,Jeadyn Lukus,Jeadyn,Lukus,2004-02-11,74,205,,,,,,,,,,,,,,,,,,
2026,LA,WR,WR,6.0,ACT,CJ Daniels,CJ,Daniels,2002-01-04,74,202,,,,,,,,,,,,,,,,,,
2026,HOU,WR,WR,82.0,ACT,Lewis Bond,Lewis,Bond,2003-05-29,71,190,,,,,,,,,,,,,,,,,,
2026,SF,TE,TE,,ACT,Khalil Dinkins,Khalil,Dinkins,2002-05-29,76,226,,,,,,,,,,,,,,,,,,
2026,NYJ,WR,WR,,ACT,Omar Cooper Jr.,Omar,Cooper,2003-12-14,72,204,,,,,,,,,,,,,,,,,,
2026,NYJ,WR,WR,36.0,ACT,Caullin Lacy,Caullin,Lacy,2001-12-22,69,183,,,,,,,,,,,,,,,,,,
2026,NYJ,WR,WR,84.0,ACT,Malik McClain,Malik,McClain,,76,195,,,,,,,,,,,,,,,,,,
2026,JAX,DL,DE,59.0,ACT,Quindarius Dunnigan,Quindarius,Dunnigan,2001-08-14,76,257,,,,,,,,,,,,,,,,,,
2026,DEN,LB,LB,50.0,ACT,Red Murdock,Khalil,Murdock,2003-09-24,73,232,,,,,,,,,,,,,,,,,,
2026,NO,DL,DT,52.0,ACT,Christen Miller,Christen,Miller,2004-08-05,75,321,,,,,,,,,,,,,,,,,,
2026,JAX,DL,DE,58.0,ACT,Zach Durfee,Zachary,Durfee,2001-10-05,77,258,,,,,,,,,,,,,,,,,,
2026,NYG,OL,OT,70.0,ACT,Ryan Schernecke,Ryan,Schernecke,,80,330,,,,,,,,,,,,,,,,,,
2026,NO,DL,DT,61.0,ACT,KeeShawn Silver,KeeShawn,Silver,2002-02-21,76,330,,,,,,,,,,,,,,,,,,
2026,NE,DB,CB,29.0,ACT,Channing Canada,Channing,Canada,2002-03-12,71,190,,,,,,,,,,,,,,,,,,
2026,LV,K,K,38.0,ACT,Kansei Matsuzawa,Kansei,Matsuzawa,1999-01-08,74,200,,,,,,,,,,,,,,,,,,
2026,MIA,QB,QB,16.0,ACT,Mark Gronowski,Mark,Gronowski,2001-10-05,74,226,,,,,,,,,,,,,,,,,,
2026,JAX,DL,DE,57.0,ACT,Bryan Thomas Jr.,Bryan,Thomas,2004-06-28,74,250,,,,,,,,,,,,,,,,,,
2026,IND,DB,CB,39.0,ACT,Rob Carter Jr.,Rob,Carter,2003-02-16,70,175,,,,,,,,,,,,,,,,,,
2026,SF,WR,WR,,ACT,De'Zhaun Stribling,De'Zhaun-Ryan,Stribling,2002-12-18,74,207,,,,,,,,,,,,,,,,,,
2026,NYG,RB,RB,37.0,ACT,Damon Bankston,Damon,Bankston,2003-04-25,70,186,,,,,,,,,,,,,,,,,,
2026,WAS,OL,G,62.0,ACT,Tanoa Togiai,Tanoa,Togiai,,78,321,,,,,,,,,,,,,,,,,,
2026,LV,LB,LB,53.0,ACT,Xavian Sorey Jr.,Xavian,Sorey,2002-04-07,74,228,,,,,,,,,,,,,,,,,,
2026,LV,LB,LB,59.0,ACT,Chris Thomas,Christian,Thomas,2002-07-08,75,230,,,,,,,,,,,,,,,,,,
2026,DEN,DB,CB,,ACT,Paul Manning,Paul,Manning,,73,192,,,,,,,,,,,,,,,,,,
2026,KC,RB,RB,,ACT,EJ Smith,Emmitt,Smith,2002-05-15,72,208,,,,,,,,,,,,,,,,,,
2026,LAC,DB,CB,36.0,ACT,Avery Smith,Avery,Smith,2004-01-01,70,185,,,,,,,,,,,,,,,,,,
2026,MIA,TE,TE,82.0,ACT,Will Kacmarek,Will,Kacmarek,2003-02-12,78,258,,,,,,,,,,,,,,,,,,
2026,WAS,RB,RB,31.0,ACT,Kaytron Allen,Kaytron,Allen,2003-01-08,71,217,,,,,,,,,,,,,,,,,,
2026,TB,DB,CB,24.0,ACT,Ayden Garnes,Ayden,Garnes,2003-03-20,72,183,,,,,,,,,,,,,,,,,,
2026,LV,OL,OT,73.0,ACT,Niklas Henning,Niklas,Henning,,78,287,,,,,,,,,,,,,,,,,,
2026,NO,OL,OT,70.0,ACT,Alan Herron,Alan,Herron,2003-03-10,75,308,,,,,,,,,,,,,,,,,,
2026,TEN,LB,LB,53.0,ACT,Anthony Hill Jr.,Anthony,Hill,2005-02-14,75,238,,,,,,,,,,,,,,,,,,
2026,NO,WR,WR,0.0,ACT,Jordyn Tyson,Jordyn,Tyson,2004-08-12,74,203,,,,,,,,,,,,,,,,,,
2026,TEN,LB,LB,49.0,ACT,Mani Powell,Mani,Powell,2003-06-08,72,231,,,,,,,,,,,,,,,,,,
2026,LAC,DL,DT,95.0,ACT,Jacobian Guillory,Jacobian,Guillory,,74,318,,,,,,,,,,,,,,,,,,
2026,CLE,WR,WR,85.0,ACT,Aaron Anderson,Aaron,Anderson,2002-12-02,68,198,,,,,,,,,,,,,,,,,,
2026,PHI,DL,DT,93.0,ACT,Uar Bernard,Uar,Bernard,,76,306,,,,,,,,,,,,,,,,,,
2026,KC,DB,CB,5.0,ACT,Mansoor Delane,Mansoor,Delane,2003-12-15,71,187,,,,,,,,,,,,,,,,,,
2026,IND,DL,DE,,ACT,Caden Curry,Caden,Curry,2003-05-24,74,257,,,,,,,,,,,,,,,,,,
2026,TB,DL,DT,96.0,ACT,Josiah Green,Josiah,Green,2003-01-03,73,280,,,,,,,,,,,,,,,,,,
2026,DET,OL,OT,76.0,ACT,Blake Miller,Blake,Miller,2004-02-25,78,317,,,,,,,,,,,,,,,,,,
2026,CHI,DL,DT,91.0,ACT,Jayden Loving,Jayden,Loving,2003-04-08,73,309,,,,,,,,,,,,,,,,,,
2026,CIN,OL,C,62.0,ACT,Brian Parker II,Brian,Parker,2004-01-06,77,310,,,,,,,,,,,,,,,,,,
2026,PHI,DL,DT,,ACT,Zion Wilson,Zion,Wilson,,75,316,,,,,,,,,,,,,,,,,,
2026,NE,LB,LB,45.0,ACT,Quintayvious Hutchins,Quintayvious,Hutchins,2003-04-02,75,245,,,,,,,,,,,,,,,,,,
2026,LV,QB,QB,15.0,UDF,Fernando Mendoza,Fernando,Mendoza,2003-10-01,77,225,,,,,,,,,,,,,,,,,,
2026,MIA,DB,SAF,31.0,ACT,Michael Taaffe,Michael,Taaffe,2003-02-18,72,190,,,,,,,,,,,,,,,,,,
2026,LAC,LB,LB,,ACT,Akheem Mesidor,Akheem,Mesidor,2001-04-05,75,280,,,,,,,,,,,,,,,,,,
2026,LAC,TE,TE,49.0,ACT,Evan Svoboda,Evan,Svoboda,2003-03-31,77,251,,,,,,,,,,,,,,,,,,
2026,LAC,WR,WR,38.0,ACT,Sincere Brown,Sincere,Brown,2001-12-08,77,190,,,,,,,,,,,,,,,,,,
2026,TB,QB,QB,10.0,ACT,Jalon Daniels,Jalon,Daniels,2002-10-29,72,220,,,,,,,,,,,,,,,,,,
2026,NO,WR,WR,19.0,ACT,Barion Brown,Barion,Brown,2003-12-12,71,177,,,,,,,,,,,,,,,,,,
2026,PHI,LB,LB,50.0,ACT,Keyshawn James-Newby,Keyshawn,James-Newby,2002-08-08,73,240,,,,,,,,,,,,,,,,,,
2026,IND,LB,LB,,ACT,Bryce Boettcher,Bryce,Boettcher,2002-07-08,74,225,,,,,,,,,,,,,,,,,,
2026,MIN,DB,SAF,8.0,ACT,Jakobe Thomas,Jakobe,Thomas,2003-06-30,73,211,,,,,,,,,,,,,,,,,,
2026,NE,WR,WR,83.0,ACT,Kyle Dixon,Kyle,Dixon,2000-09-14,74,220,,,,,,,,,,,,,,,,,,
2026,NO,TE,TE,86.0,ACT,Cody Hardy,Cody,Hardy,2004-01-16,77,271,,,,,,,,,,,,,,,,,,
2026,IND,WR,WR,,ACT,E.J. Horton,E.J.,Horton,2001-02-08,73,190,,,,,,,,,,,,,,,,,,
2026,DEN,LB,LB,42.0,ACT,Taurean York,Taurean,York,2005-06-21,70,226,,,,,,,,,,,,,,,,,,
2026,CIN,TE,TE,84.0,ACT,Jack Endries,Jack,Endries,2004-03-26,77,245,,,,,,,,,,,,,,,,,,
2026,JAX,TE,TE,89.0,ACT,Tanner Koziol,Tanner,Koziol,2004-01-28,79,250,,,,,,,,,,,,,,,,,,
2026,LV,WR,WR,19.0,ACT,Malik Benson,Malik,Benson,2002-10-17,73,195,,,,,,,,,,,,,,,,,,
2026,TB,LB,LB,58.0,ACT,Jack Pyburn,Jack,Pyburn,2003-09-03,75,258,,,,,,,,,,,,,,,,,,
2026,CIN,TE,TE,48.0,ACT,Josh Kattus,Josh,Kattus,,76,245,,,,,,,,,,,,,,,,,,
2026,LA,TE,TE,,ACT,Rohan Jones,Rohan,Jones,2002-10-07,75,236,,,,,,,,,,,,,,,,,,
2026,JAX,WR,WR,19.0,ACT,Josh Cameron,Josh,Cameron,2003-03-18,73,224,,,,,,,,,,,,,,,,,,
2026,TEN,TE,TE,47.0,ACT,Jaren Kanak,Jaren,Kanak,2004-02-10,74,233,,,,,,,,,,,,,,,,,,
2026,DET,WR,WR,88.0,ACT,Kendrick Law,Kendrick,Law,2004-06-13,71,203,,,,,,,,,,,,,,,,,,
2026,SF,DB,DB,,ACT,Larry Worth,Larry,Worth,2004-09-29,76,226,,,,,,,,,,,,,,,,,,
2026,LA,DL,DT,96.0,ACT,Tim Keenan III,Timothy,Keenan,2002-12-09,73,327,,,,,,,,,,,,,,,,,,
2026,LV,WR,WR,36.0,ACT,E.J. Williams Jr.,Eddie,Williams,2001-11-15,75,205,,,,,,,,,,,,,,,,,,
2026,LAC,OL,OT,67.0,ACT,Isaiah World,Isaiah,World,2003-09-16,80,318,,,,,,,,,,,,,,,,,,
2026,MIA,WR,WR,18.0,ACT,Chris Bell,Christopher,Bell,2004-06-07,74,220,,,,,,,,,,,,,,,,,,
2026,CIN,WR,WR,17.0,ACT,Noah Thomas,Noah,Thomas,2004-01-13,77,203,,,,,,,,,,,,,,,,,,
2026,JAX,WR,WR,18.0,ACT,C.J. Williams,Christian,Williams,2003-10-23,73,205,,,,,,,,,,,,,,,,,,
2026,SF,DL,DT,,UDF,Gracen Halton,Gracen,Halton,2004-01-27,74,284,,,,,,,,,,,,,,,,,,
2026,PIT,DB,CB,23.0,ACT,Daylen Everette,Daylen,Everette,2004-05-06,73,196,,,,,,,,,,,,,,,,,,
2026,NO,DL,DE,63.0,ACT,Michael Heldman,Michael,Heldman,2003-01-02,75,268,,,,,,,,,,,,,,,,,,
2026,JAX,DB,SAF,36.0,ACT,Devin Neal,Devin,Neal,2002-08-10,72,214,,,,,,,,,,,,,,,,,,
2026,NYJ,DL,DE,69.0,ACT,Nathan Voorhis,Nathan,Voorhis,,74,251,,,,,,,,,,,,,,,,,,
2026,CLE,DB,CB,39.0,ACT,Michael Coats Jr.,Michael,Coats,2001-06-20,69,184,,,,,,,,,,,,,,,,,,
2026,IND,RB,RB,,ACT,Anderson Castle,Anderson,Castle,,72,220,,,,,,,,,,,,,,,,,,
2026,TB,OL,G,75.0,ACT,Billy Schrauth,William,Schrauth,2003-09-09,76,310,,,,,,,,,,,,,,,,,,
2026,NYG,DB,CB,12.0,ACT,Colton Hood,Colton,Hood,2005-02-23,72,195,,,,,,,,,,,,,,,,,,
2026,NYJ,TE,TE,16.0,ACT,Kenyon Sadiq,Kenyon,Sadiq,2005-03-04,75,241,,,,,,,,,,,,,,,,,,
2026,NYJ,LB,LB,47.0,ACT,Jaden Keller,Jaden,Keller,,75,235,,,,,,,,,,,,,,,,,,
2026,PIT,DB,SAF,28.0,ACT,Robert Spears-Jennings,Robert,Spears-Jennings,2004-01-25,73,205,,,,,,,,,,,,,,,,,,
2026,KC,DB,CB,,ACT,Bryce Phillips,Bryce,Phillips,,72,195,,,,,,,,,,,,,,,,,,
2026,SEA,DB,CB,35.0,ACT,Andre Fuller,Andre,Fuller,2002-04-08,73,200,,,,,,,,,,,,,,,,,,
2026,MIA,OL,OT,74.0,ACT,Kadyn Proctor,Kadyn,Proctor,2005-06-04,79,352,,,,,,,,,,,,,,,,,,
2026,TB,TE,TE,84.0,ACT,Bauer Sharp,Bauer,Sharp,2003-05-03,77,250,,,,,,,,,,,,,,,,,,
2026,KC,RB,RB,,ACT,Jaydn Ott,Jaydn,Ott,2002-12-16,70,201,,,,,,,,,,,,,,,,,,
2026,HOU,WR,WR,14.0,ACT,Treyvhon Saunders,Treyvhon,Saunders,,70,190,,,,,,,,,,,,,,,,,,
2026,NYG,DL,DT,66.0,ACT,Anquin Barnes Jr.,Anquin,Barnes,,77,340,,,,,,,,,,,,,,,,,,
2026,SEA,DB,CB,1.0,ACT,Julian Neal,Julian,Neal,2003-02-12,74,203,,,,,,,,,,,,,,,,,,
2026,SF,WR,WR,,ACT,Wesley Grimes,Wesley,Grimes,2004-03-09,74,193,,,,,,,,,,,,,,,,,,
2026,NE,WR,WR,88.0,ACT,Cameron Dorner,Cameron,Dorner,,73,188,,,,,,,,,,,,,,,,,,
2026,CLE,P,P,30.0,ACT,Nik Constantinou,Nik,Constantinou,1999-12-17,75,225,,,,,,,,,,,,,,,,,,
2026,LAC,WR,WR,,ACT,Mante Morrow,Mante,Morrow,2002-01-15,76,210,,,,,,,,,,,,,,,,,,
2026,HOU,OL,OT,70.0,ACT,James Neal III,James,Neal,2003-03-18,78,325,,,,,,,,,,,,,,,,,,
2026,DEN,WR,WR,86.0,ACT,Joseph Manjack,Joseph,Manjack,2002-11-15,75,210,,,,,,,,,,,,,,,,,,
2026,MIA,DL,DE,90.0,ACT,Mason Reiger,Mason,Reiger,2002-08-19,76,251,,,,,,,,,,,,,,,,,,
2026,MIA,DL,DT,98.0,ACT,Kahlil Saunders,Kahlil,Saunders,,76,287,,,,,,,,,,,,,,,,,,
2026,DET,QB,QB,2.0,ACT,Luke Altmyer,Luke,Altmyer,2002-10-22,73,210,,,,,,,,,,,,,,,,,,
2026,LV,OL,G,77.0,ACT,Justin Pickett,Justin,Pickett,2002-10-11,79,317,,,,,,,,,,,,,,,,,,
2026,SEA,DL,NT,92.0,ACT,Uso Seumalo,Uso,Seumalo,2002-05-17,75,330,,,,,,,,,,,,,,,,,,
2026,LA,QB,QB,15.0,UDF,Ty Simpson,Tyler,Simpson,2002-12-21,73,211,,,,,,,,,,,,,,,,,,
2026,NE,DB,CB,31.0,ACT,Karon Prunty,Karon,Prunty,2001-12-24,74,192,,,,,,,,,,,,,,,,,,
2026,LV,DB,CB,28.0,UDF,Jermod McCoy,Jermod,McCoy,2005-08-16,72,193,,,,,,,,,,,,,,,,,,
2026,LV,DB,DB,39.0,ACT,Caleb Offord,Caleb,Offord,2001-12-10,74,198,,,,,,,,,,,,,,,,,,
2026,GB,LB,LB,51.0,ACT,Dani Dennis-Sutton,Dani,Dennis-Sutton,2003-12-23,77,256,,,,,,,,,,,,,,,,,,
2026,PIT,DB,DB,40.0,ACT,Devan Boykin,Devan,Boykin,2002-01-25,70,195,,,,,,,,,,,,,,,,,,
2026,PIT,WR,WR,17.0,ACT,Germie Bernard,Germie,Bernard,2003-12-02,73,206,,,,,,,,,,,,,,,,,,
2026,JAX,OL,OT,74.0,ACT,Garrett DiGiorgio,Garrett,DiGiorgio,2003-04-03,79,320,,,,,,,,,,,,,,,,,,
2026,WAS,K,K,19.0,ACT,Drew Stevens,Drew,Stevens,2003-12-09,73,213,,,,,,,,,,,,,,,,,,
2026,LAC,OL,OT,77.0,ACT,Travis Burke,Travis,Burke,2003-01-06,81,315,,,,,,,,,,,,,,,,,,
2026,MIA,RB,RB,30.0,ACT,Anthony Hankerson,Anthony,Hankerson,2004-02-03,68,204,,,,,,,,,,,,,,,,,,
2026,LA,DB,CB,,ACT,Nyzier Fourqurean,Nyzier,Fourqurean,,73,190,,,,,,,,,,,,,,,,,,
2026,TEN,OL,C,79.0,ACT,Pat Coogan,Patrick,Coogan,2002-11-18,77,310,,,,,,,,,,,,,,,,,,
2026,MIA,OL,C,62.0,ACT,Jim Bonifas,Jim,Bonifas,,77,318,,,,,,,,,,,,,,,,,,
2026,DET,DB,CB,43.0,ACT,De'Shawn Rucker,De'Shawn,Rucker,2002-12-22,72,195,,,,,,,,,,,,,,,,,,
2026,LA,TE,TE,,ACT,Dan Villari,Daniel,Villari,2002-06-29,76,243,,,,,,,,,,,,,,,,,,
2026,MIN,WR,WR,89.0,ACT,Dillon Bell,Dillon,Bell,2003-11-06,73,210,,,,,,,,,,,,,,,,,,
2026,TEN,DB,CB,16.0,ACT,Jalen McMurray,Jalen,McMurray,2003-01-07,71,184,,,,,,,,,,,,,,,,,,
2026,PIT,OL,OT,71.0,ACT,Max Iheanachor,Maxwell,Iheanachor,2003-10-19,78,321,,,,,,,,,,,,,,,,,,
2026,DET,DL,DT,50.0,ACT,Skyler Gill-Howard,Skyler,Gill-Howard,2002-10-13,72,280,,,,,,,,,,,,,,,,,,
2026,MIN,DB,CB,20.0,ACT,Charles Demmings,Charles,Demmings,2003-04-05,73,193,,,,,,,,,,,,,,,,,,
2026,NO,DL,DT,67.0,ACT,Zxavian Harris,Zxavian,Harris,2003-10-22,80,330,,,,,,,,,,,,,,,,,,
2026,MIA,WR,WR,83.0,ACT,Kevin Coleman Jr.,Kevin,Coleman,2003-09-10,70,180,,,,,,,,,,,,,,,,,,
2026,MIN,OL,G,67.0,ACT,Tomas Rimac,Tomas,Rimac,,78,317,,,,,,,,,,,,,,,,,,
2026,CLE,RB,RB,29.0,ACT,Davon Booth,Davon,Booth,2002-01-23,68,192,,,,,,,,,,,,,,,,,,
2026,TEN,RB,RB,32.0,ACT,Nicholas Singleton,Nicholas,Singleton,2004-01-06,72,219,,,,,,,,,,,,,,,,,,
2026,IND,DB,CB,,ACT,Jai'Onte' McMillan,Jai'Onte',McMillan,,70,190,,,,,,,,,,,,,,,,,,
2026,LAC,DB,SAF,38.0,ACT,Devin Grant,Devin,Grant,,76,206,,,,,,,,,,,,,,,,,,
2026,NO,DL,DT,62.0,ACT,Jay'Viar Suggs,Jay'Viar,Suggs,,75,299,,,,,,,,,,,,,,,,,,
2026,PHI,LB,LB,39.0,ACT,Isiah King,Isiah,King,,75,215,,,,,,,,,,,,,,,,,,
2026,PIT,DL,DT,92.0,ACT,Kevin Jobity Jr.,Kevin,Jobity,2003-10-06,76,300,,,,,,,,,,,,,,,,,,
2026,NO,TE,TE,88.0,ACT,Oscar Delp,Oscar,Delp,2003-08-04,77,245,,,,,,,,,,,,,,,,,,
2026,PIT,DL,DE,96.0,ACT,Gabe Rubio,Gabriel,Rubio,2003-07-09,77,321,,,,,,,,,,,,,,,,,,
2026,DET,DL,DT,52.0,ACT,Tyre West,Tyre,West,2003-01-18,73,278,,,,,,,,,,,,,,,,,,
2026,JAX,DL,DE,90.0,ACT,Wesley Williams,Wesley,Williams,2004-09-22,75,256,,,,,,,,,,,,,,,,,,
2026,PHI,QB,QB,10.0,ACT,Cole Payton,Cole,Payton,2002-10-26,75,233,,,,,,,,,,,,,,,,,,
2026,SF,DL,DT,,ACT,Bryson Eason,Bryson,Eason,2002-01-21,75,315,,,,,,,,,,,,,,,,,,
2026,CLE,DB,SAF,28.0,ACT,Emmanuel McNeil-Warren,Emmanuel,McNeil-Warren,2004-01-08,75,210,,,,,,,,,,,,,,,,,,
2026,PHI,LB,LB,46.0,ACT,Joshua Weru,Joshua,Weru,,76,244,,,,,,,,,,,,,,,,,,
2026,PHI,OL,G,64.0,ACT,Jaeden Roberts,Jaeden,Roberts,2002-12-22,77,333,,,,,,,,,,,,,,,,,,
2026,TB,LB,LB,,ACT,Josiah Trotter,Josiah,Trotter,2005-04-15,74,237,,,,,,,,,,,,,,,,,,
2026,NE,OL,G,69.0,ACT,JonDarius Morgan,JonDarius,Morgan,2003-02-10,75,321,,,,,,,,,,,,,,,,,,
2026,PHI,DB,CB,34.0,ACT,Kapena Gushiken,Steven,Gushiken,2002-08-15,70,189,,,,,,,,,,,,,,,,,,
2026,LV,WR,WR,32.0,ACT,Corey Rucker,Corey,Rucker,2002-06-09,72,213,,,,,,,,,,,,,,,,,,
2026,LAC,DL,DT,91.0,ACT,Nick Barrett,Nicholas,Barrett,2003-07-28,75,327,,,,,,,,,,,,,,,,,,
2026,WAS,RB,RB,30.0,ACT,Robert Henry Jr.,Robert,Henry,2001-12-31,69,196,,,,,,,,,,,,,,,,,,
2026,MIN,DL,DE,91.0,ACT,Smith Vilbert,Smith,Vilbert,2001-05-11,78,282,,,,,,,,,,,,,,,,,,
2026,TEN,WR,WR,13.0,ACT,Hank Beatty,Hank,Beatty,2003-09-20,70,179,,,,,,,,,,,,,,,,,,
2026,IND,LB,LB,,ACT,West Weeks,West,Weeks,2002-08-13,73,230,,,,,,,,,,,,,,,,,,
2026,WAS,LB,LB,52.0,ACT,Sonny Styles,Alex,Styles,2004-11-24,77,243,,,,,,,,,,,,,,,,,,
2026,MIN,OL,OT,78.0,ACT,Caleb Tiernan,Caleb,Tiernan,2003-01-23,79,323,,,,,,,,,,,,,,,,,,
2026,TB,LB,LB,57.0,ACT,Yasir Holmes,Yasir,Holmes,2002-05-06,76,240,,,,,,,,,,,,,,,,,,
2026,PIT,LB,LB,53.0,ACT,Daylan Carnell,Daylan,Carnell,2002-11-16,74,225,,,,,,,,,,,,,,,,,,
2026,CIN,OL,OT,76.0,ACT,Christian Jones,Christian,Jones,2003-01-25,81,345,,,,,,,,,,,,,,,,,,
2026,WAS,TE,TE,40.0,ACT,Quentin Moore,Quentin,Moore,,77,260,,,,,,,,,,,,,,,,,,
2026,WAS,WR,WR,86.0,ACT,Jaden Bradley,Jaden,Bradley,2003-03-25,76,195,,,,,,,,,,,,,,,,,,
2026,LV,OL,OT,66.0,ACT,Trey Zuhn III,Trey,Zuhn,2002-10-12,79,320,,,,,,,,,,,,,,,,,,
2026,TB,DL,DT,73.0,ACT,Deshawn McKnight,Deshawn,McKnight,2003-08-07,75,288,,,,,,,,,,,,,,,,,,
2026,SEA,DB,SAF,9.0,ACT,Bud Clark,Ja'Darius,Clark,2002-05-03,73,188,,,,,,,,,,,,,,,,,,
2026,NO,OL,G,65.0,ACT,Jeremiah Wright,Jeremiah,Wright,2001-09-05,77,331,,,,,,,,,,,,,,,,,,
2026,NE,RB,RB,39.0,ACT,Myles Montgomery,Myles,Montgomery,2002-12-03,70,205,,,,,,,,,,,,,,,,,,
2026,PHI,DB,SAF,36.0,ACT,Maximus Pulley,Maximus,Pulley,2002-09-11,71,200,,,,,,,,,,,,,,,,,,
2026,TB,TE,TE,81.0,ACT,Kenny Fletcher Jr.,Kenny,Fletcher,2003-12-04,75,252,,,,,,,,,,,,,,,,,,
2026,IND,LB,LB,48.0,ACT,Devin Veresuk,Devin,Veresuk,2001-11-22,74,240,,,,,,,,,,,,,,,,,,
2026,SEA,DL,DT,97.0,ACT,Deven Eastern,Deven,Eastern,2003-04-05,78,320,,,,,,,,,,,,,,,,,,
2026,LA,OL,OT,79.0,ACT,Keagen Trost,Keagen,Trost,2001-04-15,76,311,,,,,,,,,,,,,,,,,,
2026,PHI,OL,OT,,UDF,Markel Bell,Markel,Bell,2004-07-19,81,345,,,,,,,,,,,,,,,,,,
2026,PIT,P,P,,ACT,Aidan Laros,Aidan,Laros,2002-11-18,74,220,,,,,,,,,,,,,,,,,,
2026,PIT,QB,QB,16.0,UDF,Drew Allar,Drew,Allar,2004-03-08,77,228,,,,,,,,,,,,,,,,,,
2026,KC,OL,G,,ACT,Josh Thompson,Josh,Thompson,2002-10-09,76,315,,,,,,,,,,,,,,,,,,
2026,GB,K,K,28.0,ACT,Trey Smack,James,Smack,2003-07-12,73,188,,,,,,,,,,,,,,,,,,
2026,CLE,DL,DE,97.0,ACT,Logan Fano,Logan,Fano,2002-06-19,77,252,,,,,,,,,,,,,,,,,,
2026,KC,DL,DE,,ACT,Anthony Dunn,Anthony,Dunn,,76,262,,,,,,,,,,,,,,,,,,
2026,NYG,DL,DT,97.0,ACT,Bobby Jamison-Travis,Bobby,Jamison-Travis,2001-04-28,76,328,,,,,,,,,,,,,,,,,,
2026,NYG,OL,OT,,ACT,Jarrod Gray,Jarrod,Gray,,79,318,,,,,,,,,,,,,,,,,,
2026,NO,WR,WR,,ACT,Brock Rechsteiner,Brock,Rechsteiner,,74,225,,,,,,,,,,,,,,,,,,
2026,KC,WR,WR,13.0,ACT,Cyrus Allen,Cyrus,Allen,2003-02-11,71,180,,,,,,,,,,,,,,,,,,
2026,SF,DB,SAF,,ACT,Jalen Stroman,Jalen,Stroman,2003-05-22,73,201,,,,,,,,,,,,,,,,,,
2026,WAS,DB,SAF,36.0,ACT,Malik Spencer,Malik,Spencer,,73,191,,,,,,,,,,,,,,,,,,
2026,TEN,DB,SAF,31.0,ACT,Bishop Fitzgerald,Bishop,Fitzgerald,2003-07-14,71,201,,,,,,,,,,,,,,,,,,
2026,MIA,RB,RB,34.0,ACT,DJ Herman,David,Herman,2002-03-17,74,235,,,,,,,,,,,,,,,,,,
2026,TB,WR,WR,17.0,ACT,Ted Hurst III,Ted,Hurst,2004-07-02,75,206,,,,,,,,,,,,,,,,,,
2026,DAL,DL,DT,95.0,ACT,Tommy Dunn,Tommy,Dunn,2003-04-28,75,291,,,,,,,,,,,,,,,,,,
2026,TEN,WR,WR,14.0,ACT,Carnell Tate,Carnell,Tate,2005-01-19,74,192,,,,,,,,,,,,,,,,,,
2026,KC,DL,DT,99.0,ACT,Peter Woods,Peter,Woods,2005-03-05,74,298,,,,,,,,,,,,,,,,,,
2026,LAC,OL,G,65.0,ACT,Logan Taylor,Logan,Taylor,2002-02-07,79,312,,,,,,,,,,,,,,,,,,
2026,WAS,WR,WR,10.0,ACT,Chris Hilton Jr.,Chris,Hilton,2002-10-11,72,188,,,,,,,,,,,,,,,,,,
2026,CLE,P,P,36.0,ACT,Wes Pahl,Wes,Pahl,,76,207,,,,,,,,,,,,,,,,,,
2026,JAX,OL,G,75.0,ACT,Emmanuel Pregnon,Emmanuel,Pregnon,2001-10-04,76,314,,,,,,,,,,,,,,,,,,
2026,KC,QB,QB,14.0,ACT,Garrett Nussmeier,Garrett,Nussmeier,2002-02-07,73,203,,,,,,,,,,,,,,,,,,
2026,PHI,TE,TE,45.0,ACT,Dae'Quan Wright,Dae'Quan,Wright,2003-09-21,76,246,,,,,,,,,,,,,,,,,,
2026,SEA,OL,G,60.0,ACT,Beau Stephens,Beau,Stephens,2002-11-01,77,315,,,,,,,,,,,,,,,,,,
2026,NO,WR,WR,85.0,ACT,Damien Alford,Damien,Alford,2001-04-06,78,224,,,,,,,,,,,,,,,,,,
2026,NYG,LB,LB,,ACT,Arvell Reese,Arvell,Reese,2005-08-30,76,243,,,,,,,,,,,,,,,,,,
2026,SEA,TE,TE,42.0,ACT,Lance Mason,Lance,Mason,2003-09-19,75,243,,,,,,,,,,,,,,,,,,
2026,MIN,LB,OLB,49.0,ACT,Cam'Ron Stewart,Cam'Ron,Stewart,2003-06-06,77,250,,,,,,,,,,,,,,,,,,
2026,LAC,DB,SAF,31.0,ACT,Noah Avinger,Noah,Avinger,2001-09-28,72,190,,,,,,,,,,,,,,,,,,
2026,NYG,DB,CB,39.0,RES,Thaddeus Dixon,Thaddeus,Dixon,2002-02-20,73,195,,,,,,,,,,,,,,,,,,
2026,MIN,WR,WR,,ACT,Terrill Davis,Terrill,Davis,2003-08-11,72,195,,,,,,,,,,,,,,,,,,
2026,NYJ,OL,OL,,ACT,Courtland Ford,Courtland,Ford,,78,315,,,,,,,,,,,,,,,,,,
2026,NYJ,TE,TE,87.0,ACT,Chase Curtis,Chase,Curtis,,77,235,,,,,,,,,,,,,,,,,,
2026,PHI,TE,TE,,ACT,Eli Stowers,Eli,Stowers,2003-04-15,76,235,,,,,,,,,,,,,,,,,,
2026,MIN,WR,WR,17.0,ACT,Luke Wysong,Luke,Wysong,2003-05-29,70,186,,,,,,,,,,,,,,,,,,
2026,JAX,WR,WR,49.0,ACT,Brady Boyd,Brady,Boyd,,73,195,,,,,,,,,,,,,,,,,,
2026,NO,K,K,46.0,ACT,Mason Shipley,Mason,Shipley,2003-02-21,72,187,,,,,,,,,,,,,,,,,,
2026,LAC,WR,WR,,UDF,Brenen Thompson,Brenen,Thompson,2003-07-25,69,170,,,,,,,,,,,,,,,,,,
2026,SF,OL,OT,,ACT,Enrique Cruz,Enrique,Cruz,2003-08-04,77,313,,,,,,,,,,,,,,,,,,
2026,NYJ,WR,WR,38.0,ACT,DT Sheffield,DT,Sheffield,2001-02-25,67,175,,,,,,,,,,,,,,,,,,
2026,KC,DB,CB,,ACT,Zelmar Vedder,Zelmar,Vedder,,75,195,,,,,,,,,,,,,,,,,,
2026,NO,WR,WR,18.0,ACT,Bryce Lance,Bryce,Lance,2001-09-20,75,204,,,,,,,,,,,,,,,,,,
2026,TB,LB,LB,48.0,ACT,Javin Wright,Javin,Wright,2000-03-19,76,232,,,,,,,,,,,,,,,,,,
2026,MIA,WR,WR,43.0,ACT,Donaven McCulley,Donaven,McCulley,2003-01-15,76,203,,,,,,,,,,,,,,,,,,
2026,NO,DB,DB,34.0,ACT,TJ Hall,Terrence,Hall,2004-04-26,72,190,,,,,,,,,,,,,,,,,,
2026,TEN,DL,DE,15.0,ACT,Keldric Faulk,Keldric,Faulk,2005-09-07,77,274,,,,,,,,,,,,,,,,,,
2026,NYG,OL,OT,74.0,ACT,J.C. Davis,J.C.,Davis,2003-10-09,76,322,,,,,,,,,,,,,,,,,,
2026,LV,DL,DT,90.0,ACT,Brandon Cleveland,Brandon,Cleveland,2004-08-27,76,315,,,,,,,,,,,,,,,,,,
2026,KC,WR,WR,,ACT,Omari Evans,Omari,Evans,,72,195,,,,,,,,,,,,,,,,,,
2026,PIT,RB,FB,37.0,ACT,Riley Nowakowski,Riley,Nowakowski,2002-06-30,74,250,,,,,,,,,,,,,,,,,,
2026,MIA,DL,DE,95.0,ACT,Rene Konga,Rene,Konga,2002-11-14,75,298,,,,,,,,,,,,,,,,,,
2026,KC,DL,NT,,ACT,Cole Brevard,Cole,Brevard,2001-11-06,75,346,,,,,,,,,,,,,,,,,,
2026,HOU,DL,DE,94.0,ACT,Sabastian Harsh,Sabastian,Harsh,2000-11-09,74,255,,,,,,,,,,,,,,,,,,
2026,NO,OL,OT,79.0,ACT,Alex Wollschlaeger,Alex,Wollschlaeger,2001-09-28,79,310,,,,,,,,,,,,,,,,,,
2026,KC,OL,OT,,ACT,Kahlil Benson,Kahlil,Benson,2002-08-20,78,321,,,,,,,,,,,,,,,,,,
2026,LV,DL,DT,75.0,ACT,Gary Smith III,Gary,Smith,2001-11-01,73,319,,,,,,,,,,,,,,,,,,
2026,NE,WR,WR,19.0,ACT,Jimmy Kibble,Jimmy,Kibble,2003-12-22,73,199,,,,,,,,,,,,,,,,,,
2026,NYJ,OL,G,76.0,ACT,Xavier Hill,Xavier,Hill,,76,320,,,,,,,,,,,,,,,,,,
2026,SEA,RB,RB,8.0,ACT,Jadarian Price,Jadarian,Price,2003-10-09,71,209,,,,,,,,,,,,,,,,,,
2026,WAS,LB,LB,48.0,ACT,Joshua Josephs,Joshua,Josephs,2003-12-08,75,240,,,,,,,,,,,,,,,,,,
2026,NYG,WR,WR,0.0,ACT,Malachi Fields,Steven,Fields,2002-07-02,76,222,,,,,,,,,,,,,,,,,,
2026,PIT,DB,DB,,ACT,Tamon Lynum,Tamon,Lynum,2002-04-23,74,185,,,,,,,,,,,,,,,,,,
2026,SF,RB,RB,,ACT,Kaelon Black,Kaelon,Black,2001-10-17,69,208,,,,,,,,,,,,,,,,,,
2026,KC,WR,WR,,ACT,Jeff Caldwell,Jeff,Caldwell,2003-03-02,77,215,,,,,,,,,,,,,,,,,,
2026,TEN,OL,G,66.0,ACT,Fernando Carmona,Fernando,Carmona,2002-07-08,77,316,,,,,,,,,,,,,,,,,,
2026,TB,LB,LB,3.0,ACT,Rueben Bain Jr.,Rueben,Bain,2004-09-08,74,263,,,,,,,,,,,,,,,,,,
2026,LV,DB,CB,35.0,ACT,Hezekiah Masses,Hezekiah,Masses,2004-06-30,73,185,,,,,,,,,,,,,,,,,,
2026,SEA,WR,WR,84.0,ACT,Emmanuel Henderson Jr.,Emmanuel,Henderson,2003-03-21,73,185,,,,,,,,,,,,,,,,,,
2026,GB,DB,CB,20.0,ACT,Domani Jackson,Domani,Jackson,2003-11-27,72,194,,,,,,,,,,,,,,,,,,
2026,NYG,LS,LS,58.0,ACT,Ben Mann,Ben,Mann,,77,232,,,,,,,,,,,,,,,,,,
